{"type":"FeatureCollection","_meta":{"generated_at":"2026-06-30T20:21:12Z","windows":{"h24":24,"h72":72},"aoi":{"name":"Greater Metro Manila + Central Luzon (SLEX/NLEX corridor)","bbox":[119.7,13.9,121.6,15.6]},"source":"NASA GPM IMERG V07","band_definition_source":"PAGASA color-coded rainfall advisory (Yellow 7.5-15, Orange 15-30, Red >30 mm/h, 1-hour rainfall), mapped as LABELS onto 24h GPM accumulation (>=30 / >=60 / >=120 mm/24h). Not a PAGASA product; context only. Source: Official Gazette PH (officialgazette.gov.ph/how-to-make-sense-of-pagasas-color-coded-warning-signals/); PAGASA legend (pagasa.dost.gov.ph/learnings/legend).","context_bands":{"yellow":">= 30 mm / 24h","orange":">= 60 mm / 24h","red":">= 120 mm / 24h"},"prone_source":"recurrence_prone.geojson (Track B recurrence_clf_v1, prone flag passthrough; not recomputed)","as_of":"2026-06-29T03:00:00Z","scan_status":"ok","feature_count":1213,"imerg_slices":{"h24":49,"h72":145},"disclaimer":"Rainfall accumulation over modeled flood-prone areas as of 2026-06-29T03:00:00Z. Context only - not a flood forecast. For warnings use PAGASA."},"features":[{"type":"Feature","geometry":{"type":"Point","coordinates":[120.16629,15.23318]},"properties":{"rain_mm_24h":0.84,"rain_mm_72h":18.6,"context_flag":"none","prone_score":0.965}},{"type":"Feature","geometry":{"type":"Point","coordinates":[120.76996,15.00411]},"properties":{"rain_mm_24h":0.0,"rain_mm_72h":2.44,"context_flag":"none","prone_score":0.975}},{"type":"Feature","geometry":{"type":"Point","coordinates":[120.93974,15.3275]},"properties":{"rain_mm_24h":0.0,"rain_mm_72h":4.11,"context_flag":"none","prone_score":0.927}},{"type":"Feature","geometry":{"type":"Point","coordinates":[121.26313,14.19024]},"properties":{"rain_mm_24h":0.0,"rain_mm_72h":4.66,"context_flag":"none","prone_score":0.962}},{"type":"Feature","geometry":{"type":"Point","coordinates":[120.95052,15.20084]},"properties":{"rain_mm_24h":0.0,"rain_mm_72h":2.46,"context_flag":"none","prone_score":0.986}},{"type":"Feature","geometry":{"type":"Point","coordinates":[120.84541,14.81007]},"properties":{"rain_mm_24h":0.0,"rain_mm_72h":1.38,"context_flag":"none","prone_score":0.987}},{"type":"Feature","geometry":{"type":"Point","coordinates":[120.86158,14.92865]},"properties":{"rain_mm_24h":0.0,"rain_mm_72h":1.51,"context_flag":"none","prone_score":0.983}},{"type":"Feature","geometry":{"type":"Point","coordinates":[120.83733,14.93135]},"properties":{"rain_mm_24h":0.0,"rain_mm_72h":1.51,"context_flag":"none","prone_score":0.969}},{"type":"Feature","geometry":{"type":"Point","coordinates":[120.76457,15.24935]},"properties":{"rain_mm_24h":0.12,"rain_mm_72h":2.67,"context_flag":"none","prone_score":0.981}},{"type":"Feature","geometry":{"type":"Point","coordinates":[120.91009,15.26552]},"properties":{"rain_mm_24h":0.0,"rain_mm_72h":2.46,"context_flag":"none","prone_score":0.983}},{"type":"Feature","geometry":{"type":"Point","coordinates":[121.04484,14.60256]},"properties":{"rain_mm_24h":1.18,"rain_mm_72h":3.42,"context_flag":"none","prone_score":0.965}},{"type":"Feature","geometry":{"type":"Point","coordinates":[120.77265,15.00681]},"properties":{"rain_mm_24h":0.0,"rain_mm_72h":2.44,"context_flag":"none","prone_score":0.913}},{"type":"Feature","geometry":{"type":"Point","coordinates":[120.71336,15.55657]},"properties":{"rain_mm_24h":1.1,"rain_mm_72h":11.4,"context_flag":"none","prone_score":0.986}},{"type":"Feature","geometry":{"type":"Point","coordinates":[120.73492,14.88014]},"properties":{"rain_mm_24h":0.0,"rain_mm_72h":1.91,"context_flag":"none","prone_score":0.989}},{"type":"Feature","geometry":{"type":"Point","coordinates":[120.93165,15.16042]},"properties":{"rain_mm_24h":0.0,"rain_mm_72h":0.74,"context_flag":"none","prone_score":0.965}},{"type":"Feature","geometry":{"type":"Point","coordinates":[121.06371,14.49207]},"properties":{"rain_mm_24h":0.0,"rain_mm_72h":13.47,"context_flag":"none","prone_score":0.967}},{"type":"Feature","geometry":{"type":"Point","coordinates":[121.282,14.18754]},"properties":{"rain_mm_24h":0.0,"rain_mm_72h":4.66,"context_flag":"none","prone_score":0.994}},{"type":"Feature","geometry":{"type":"Point","coordinates":[120.8023,15.28708]},"properties":{"rain_mm_24h":0.0,"rain_mm_72h":2.88,"context_flag":"none","prone_score":0.986}},{"type":"Feature","geometry":{"type":"Point","coordinates":[120.91818,14.81546]},"properties":{"rain_mm_24h":0.0,"rain_mm_72h":0.93,"context_flag":"none","prone_score":0.99}},{"type":"Feature","geometry":{"type":"Point","coordinates":[120.86158,14.91248]},"properties":{"rain_mm_24h":0.0,"rain_mm_72h":1.51,"context_flag":"none","prone_score":0.979}},{"type":"Feature","geometry":{"type":"Point","coordinates":[120.17976,15.2251]},"properties":{"rain_mm_24h":0.84,"rain_mm_72h":18.6,"context_flag":"none","prone_score":0.99}},{"type":"Feature","geometry":{"type":"Point","coordinates":[120.94513,15.20354]},"properties":{"rain_mm_24h":0.0,"rain_mm_72h":2.46,"context_flag":"none","prone_score":0.993}},{"type":"Feature","geometry":{"type":"Point","coordinates":[120.5328,14.72114]},"properties":{"rain_mm_24h":0.1,"rain_mm_72h":6.65,"context_flag":"none","prone_score":0.989}},{"type":"Feature","geometry":{"type":"Point","coordinates":[120.91279,14.82894]},"properties":{"rain_mm_24h":0.0,"rain_mm_72h":0.93,"context_flag":"none","prone_score":0.997}},{"type":"Feature","geometry":{"type":"Point","coordinates":[120.62982,15.50268]},"properties":{"rain_mm_24h":1.88,"rain_mm_72h":17.07,"context_flag":"none","prone_score":0.978}},{"type":"Feature","geometry":{"type":"Point","coordinates":[120.74301,15.49998]},"properties":{"rain_mm_24h":0.54,"rain_mm_72h":10.72,"context_flag":"none","prone_score":0.994}},{"type":"Feature","geometry":{"type":"Point","coordinates":[120.88853,14.89362]},"properties":{"rain_mm_24h":0.0,"rain_mm_72h":1.38,"context_flag":"none","prone_score":0.983}},{"type":"Feature","geometry":{"type":"Point","coordinates":[120.86697,15.23318]},"properties":{"rain_mm_24h":0.0,"rain_mm_72h":2.88,"context_flag":"none","prone_score":0.984}},{"type":"Feature","geometry":{"type":"Point","coordinates":[120.95321,14.59717]},"properties":{"rain_mm_24h":0.78,"rain_mm_72h":4.25,"context_flag":"none","prone_score":0.895}},{"type":"Feature","geometry":{"type":"Point","coordinates":[120.62982,15.29517]},"properties":{"rain_mm_24h":1.1,"rain_mm_72h":5.1,"context_flag":"none","prone_score":0.993}},{"type":"Feature","geometry":{"type":"Point","coordinates":[120.82116,15.10382]},"properties":{"rain_mm_24h":0.0,"rain_mm_72h":1.6,"context_flag":"none","prone_score":0.904}},{"type":"Feature","geometry":{"type":"Point","coordinates":[120.82385,14.91787]},"properties":{"rain_mm_24h":0.0,"rain_mm_72h":1.51,"context_flag":"none","prone_score":0.993}},{"type":"Feature","geometry":{"type":"Point","coordinates":[120.76726,14.98794]},"properties":{"rain_mm_24h":0.0,"rain_mm_72h":1.86,"context_flag":"none","prone_score":0.984}},{"type":"Feature","geometry":{"type":"Point","coordinates":[120.91009,15.02028]},"properties":{"rain_mm_24h":0.0,"rain_mm_72h":1.36,"context_flag":"none","prone_score":0.989}},{"type":"Feature","geometry":{"type":"Point","coordinates":[120.67024,15.53502]},"properties":{"rain_mm_24h":1.88,"rain_mm_72h":17.07,"context_flag":"none","prone_score":0.965}},{"type":"Feature","geometry":{"type":"Point","coordinates":[120.87775,15.37062]},"properties":{"rain_mm_24h":0.0,"rain_mm_72h":3.78,"context_flag":"none","prone_score":0.997}},{"type":"Feature","geometry":{"type":"Point","coordinates":[120.71875,15.02298]},"properties":{"rain_mm_24h":0.0,"rain_mm_72h":2.44,"context_flag":"none","prone_score":0.997}},{"type":"Feature","geometry":{"type":"Point","coordinates":[120.89123,14.89362]},"properties":{"rain_mm_24h":0.0,"rain_mm_72h":1.38,"context_flag":"none","prone_score":0.908}},{"type":"Feature","geometry":{"type":"Point","coordinates":[120.17168,15.22779]},"properties":{"rain_mm_24h":0.84,"rain_mm_72h":18.6,"context_flag":"none","prone_score":0.977}},{"type":"Feature","geometry":{"type":"Point","coordinates":[120.89392,15.19276]},"properties":{"rain_mm_24h":0.0,"rain_mm_72h":1.6,"context_flag":"none","prone_score":0.996}},{"type":"Feature","geometry":{"type":"Point","coordinates":[120.73223,14.90979]},"properties":{"rain_mm_24h":0.0,"rain_mm_72h":1.86,"context_flag":"none","prone_score":0.996}},{"type":"Feature","geometry":{"type":"Point","coordinates":[120.87506,14.91787]},"properties":{"rain_mm_24h":0.0,"rain_mm_72h":1.51,"context_flag":"none","prone_score":0.987}},{"type":"Feature","geometry":{"type":"Point","coordinates":[120.75379,15.09574]},"properties":{"rain_mm_24h":0.0,"rain_mm_72h":2.44,"context_flag":"none","prone_score":0.986}},{"type":"Feature","geometry":{"type":"Point","coordinates":[120.81038,15.20084]},"properties":{"rain_mm_24h":0.0,"rain_mm_72h":2.88,"context_flag":"none","prone_score":0.993}},{"type":"Feature","geometry":{"type":"Point","coordinates":[120.75648,15.10113]},"properties":{"rain_mm_24h":0.0,"rain_mm_72h":3.02,"context_flag":"none","prone_score":0.979}},{"type":"Feature","geometry":{"type":"Point","coordinates":[120.91279,15.47303]},"properties":{"rain_mm_24h":0.0,"rain_mm_72h":5.6,"context_flag":"none","prone_score":0.986}},{"type":"Feature","geometry":{"type":"Point","coordinates":[121.09874,14.72384]},"properties":{"rain_mm_24h":1.36,"rain_mm_72h":2.24,"context_flag":"none","prone_score":0.538}},{"type":"Feature","geometry":{"type":"Point","coordinates":[120.88853,14.89631]},"properties":{"rain_mm_24h":0.0,"rain_mm_72h":1.38,"context_flag":"none","prone_score":0.972}},{"type":"Feature","geometry":{"type":"Point","coordinates":[120.96938,15.28439]},"properties":{"rain_mm_24h":0.0,"rain_mm_72h":2.46,"context_flag":"none","prone_score":0.961}},{"type":"Feature","geometry":{"type":"Point","coordinates":[120.72953,14.97177]},"properties":{"rain_mm_24h":0.0,"rain_mm_72h":1.86,"context_flag":"none","prone_score":0.998}},{"type":"Feature","geometry":{"type":"Point","coordinates":[121.46795,14.38697]},"properties":{"rain_mm_24h":0.09,"rain_mm_72h":1.35,"context_flag":"none","prone_score":0.994}},{"type":"Feature","geometry":{"type":"Point","coordinates":[120.72414,14.92596]},"properties":{"rain_mm_24h":0.0,"rain_mm_72h":1.86,"context_flag":"none","prone_score":0.995}},{"type":"Feature","geometry":{"type":"Point","coordinates":[120.84272,15.02028]},"properties":{"rain_mm_24h":0.0,"rain_mm_72h":2.33,"context_flag":"none","prone_score":0.996}},{"type":"Feature","geometry":{"type":"Point","coordinates":[120.72145,15.02567]},"properties":{"rain_mm_24h":0.0,"rain_mm_72h":2.44,"context_flag":"none","prone_score":0.997}},{"type":"Feature","geometry":{"type":"Point","coordinates":[121.43291,14.49746]},"properties":{"rain_mm_24h":0.0,"rain_mm_72h":1.91,"context_flag":"none","prone_score":0.993}},{"type":"Feature","geometry":{"type":"Point","coordinates":[120.65677,14.00159]},"properties":{"rain_mm_24h":0.09,"rain_mm_72h":2.22,"context_flag":"none","prone_score":0.719}},{"type":"Feature","geometry":{"type":"Point","coordinates":[120.84541,14.95291]},"properties":{"rain_mm_24h":0.0,"rain_mm_72h":1.51,"context_flag":"none","prone_score":0.985}},{"type":"Feature","geometry":{"type":"Point","coordinates":[120.73762,14.96908]},"properties":{"rain_mm_24h":0.0,"rain_mm_72h":1.86,"context_flag":"none","prone_score":0.998}},{"type":"Feature","geometry":{"type":"Point","coordinates":[120.75379,15.05262]},"properties":{"rain_mm_24h":0.0,"rain_mm_72h":2.44,"context_flag":"none","prone_score":0.991}},{"type":"Feature","geometry":{"type":"Point","coordinates":[121.31164,14.20102]},"properties":{"rain_mm_24h":0.0,"rain_mm_72h":0.85,"context_flag":"none","prone_score":0.995}},{"type":"Feature","geometry":{"type":"Point","coordinates":[120.92357,15.1146]},"properties":{"rain_mm_24h":0.0,"rain_mm_72h":0.74,"context_flag":"none","prone_score":0.981}},{"type":"Feature","geometry":{"type":"Point","coordinates":[120.78074,15.0634]},"properties":{"rain_mm_24h":0.0,"rain_mm_72h":2.44,"context_flag":"none","prone_score":0.985}},{"type":"Feature","geometry":{"type":"Point","coordinates":[120.76996,15.29786]},"properties":{"rain_mm_24h":0.12,"rain_mm_72h":2.67,"context_flag":"none","prone_score":0.967}},{"type":"Feature","geometry":{"type":"Point","coordinates":[120.92357,14.99603]},"properties":{"rain_mm_24h":0.0,"rain_mm_72h":0.9,"context_flag":"none","prone_score":0.995}},{"type":"Feature","geometry":{"type":"Point","coordinates":[120.8535,14.91787]},"properties":{"rain_mm_24h":0.0,"rain_mm_72h":1.51,"context_flag":"none","prone_score":0.971}},{"type":"Feature","geometry":{"type":"Point","coordinates":[120.76187,15.25744]},"properties":{"rain_mm_24h":0.12,"rain_mm_72h":2.67,"context_flag":"none","prone_score":0.98}},{"type":"Feature","geometry":{"type":"Point","coordinates":[120.01268,15.279]},"properties":{"rain_mm_24h":0.0,"rain_mm_72h":22.03,"context_flag":"none","prone_score":0.927}},{"type":"Feature","geometry":{"type":"Point","coordinates":[120.73492,15.02028]},"properties":{"rain_mm_24h":0.0,"rain_mm_72h":2.44,"context_flag":"none","prone_score":0.978}},{"type":"Feature","geometry":{"type":"Point","coordinates":[120.55167,15.19006]},"properties":{"rain_mm_24h":1.29,"rain_mm_72h":9.15,"context_flag":"none","prone_score":0.906}},{"type":"Feature","geometry":{"type":"Point","coordinates":[120.76996,15.47303]},"properties":{"rain_mm_24h":0.54,"rain_mm_72h":10.72,"context_flag":"none","prone_score":0.997}},{"type":"Feature","geometry":{"type":"Point","coordinates":[120.75648,14.98525]},"properties":{"rain_mm_24h":0.0,"rain_mm_72h":1.86,"context_flag":"none","prone_score":0.937}},{"type":"Feature","geometry":{"type":"Point","coordinates":[121.08796,14.34654]},"properties":{"rain_mm_24h":0.0,"rain_mm_72h":9.88,"context_flag":"none","prone_score":0.912}},{"type":"Feature","geometry":{"type":"Point","coordinates":[120.69989,15.00681]},"properties":{"rain_mm_24h":0.0,"rain_mm_72h":3.46,"context_flag":"none","prone_score":0.994}},{"type":"Feature","geometry":{"type":"Point","coordinates":[120.71336,15.5431]},"properties":{"rain_mm_24h":1.1,"rain_mm_72h":11.4,"context_flag":"none","prone_score":0.982}},{"type":"Feature","geometry":{"type":"Point","coordinates":[120.76187,14.9556]},"properties":{"rain_mm_24h":0.0,"rain_mm_72h":1.86,"context_flag":"none","prone_score":0.986}},{"type":"Feature","geometry":{"type":"Point","coordinates":[120.96669,15.30325]},"properties":{"rain_mm_24h":0.0,"rain_mm_72h":4.11,"context_flag":"none","prone_score":0.991}},{"type":"Feature","geometry":{"type":"Point","coordinates":[120.98286,15.44878]},"properties":{"rain_mm_24h":0.0,"rain_mm_72h":5.6,"context_flag":"none","prone_score":0.992}},{"type":"Feature","geometry":{"type":"Point","coordinates":[120.72145,15.59161]},"properties":{"rain_mm_24h":1.1,"rain_mm_72h":11.4,"context_flag":"none","prone_score":0.981}},{"type":"Feature","geometry":{"type":"Point","coordinates":[120.7484,14.95021]},"properties":{"rain_mm_24h":0.0,"rain_mm_72h":1.86,"context_flag":"none","prone_score":0.988}},{"type":"Feature","geometry":{"type":"Point","coordinates":[120.69719,15.59969]},"properties":{"rain_mm_24h":1.88,"rain_mm_72h":17.07,"context_flag":"none","prone_score":0.987}},{"type":"Feature","geometry":{"type":"Point","coordinates":[120.73762,14.96369]},"properties":{"rain_mm_24h":0.0,"rain_mm_72h":1.86,"context_flag":"none","prone_score":0.986}},{"type":"Feature","geometry":{"type":"Point","coordinates":[120.56784,14.93674]},"properties":{"rain_mm_24h":0.2,"rain_mm_72h":8.55,"context_flag":"none","prone_score":0.993}},{"type":"Feature","geometry":{"type":"Point","coordinates":[120.82385,14.92057]},"properties":{"rain_mm_24h":0.0,"rain_mm_72h":1.51,"context_flag":"none","prone_score":0.995}},{"type":"Feature","geometry":{"type":"Point","coordinates":[120.76726,14.99333]},"properties":{"rain_mm_24h":0.0,"rain_mm_72h":1.86,"context_flag":"none","prone_score":0.99}},{"type":"Feature","geometry":{"type":"Point","coordinates":[120.73223,15.00681]},"properties":{"rain_mm_24h":0.0,"rain_mm_72h":2.44,"context_flag":"none","prone_score":0.997}},{"type":"Feature","geometry":{"type":"Point","coordinates":[120.68372,14.97716]},"properties":{"rain_mm_24h":0.0,"rain_mm_72h":2.62,"context_flag":"none","prone_score":0.993}},{"type":"Feature","geometry":{"type":"Point","coordinates":[120.73492,15.00142]},"properties":{"rain_mm_24h":0.0,"rain_mm_72h":2.44,"context_flag":"none","prone_score":0.989}},{"type":"Feature","geometry":{"type":"Point","coordinates":[121.00442,14.57831]},"properties":{"rain_mm_24h":0.5,"rain_mm_72h":4.95,"context_flag":"none","prone_score":0.762}},{"type":"Feature","geometry":{"type":"Point","coordinates":[120.73762,15.09035]},"properties":{"rain_mm_24h":0.0,"rain_mm_72h":2.44,"context_flag":"none","prone_score":0.993}},{"type":"Feature","geometry":{"type":"Point","coordinates":[120.81038,14.90979]},"properties":{"rain_mm_24h":0.0,"rain_mm_72h":1.51,"context_flag":"none","prone_score":0.871}},{"type":"Feature","geometry":{"type":"Point","coordinates":[121.36015,14.24414]},"properties":{"rain_mm_24h":0.0,"rain_mm_72h":0.85,"context_flag":"none","prone_score":0.99}},{"type":"Feature","geometry":{"type":"Point","coordinates":[120.75918,14.97716]},"properties":{"rain_mm_24h":0.0,"rain_mm_72h":1.86,"context_flag":"none","prone_score":0.999}},{"type":"Feature","geometry":{"type":"Point","coordinates":[120.92357,15.08496]},"properties":{"rain_mm_24h":0.0,"rain_mm_72h":1.36,"context_flag":"none","prone_score":0.985}},{"type":"Feature","geometry":{"type":"Point","coordinates":[120.81308,15.15772]},"properties":{"rain_mm_24h":0.0,"rain_mm_72h":1.6,"context_flag":"none","prone_score":0.992}},{"type":"Feature","geometry":{"type":"Point","coordinates":[120.7996,15.12538]},"properties":{"rain_mm_24h":0.0,"rain_mm_72h":3.02,"context_flag":"none","prone_score":0.989}},{"type":"Feature","geometry":{"type":"Point","coordinates":[120.7457,15.34637]},"properties":{"rain_mm_24h":0.24,"rain_mm_72h":4.24,"context_flag":"none","prone_score":0.954}},{"type":"Feature","geometry":{"type":"Point","coordinates":[120.78613,14.86128]},"properties":{"rain_mm_24h":0.0,"rain_mm_72h":1.91,"context_flag":"none","prone_score":0.994}},{"type":"Feature","geometry":{"type":"Point","coordinates":[120.94243,15.36523]},"properties":{"rain_mm_24h":0.0,"rain_mm_72h":4.11,"context_flag":"none","prone_score":0.994}},{"type":"Feature","geometry":{"type":"Point","coordinates":[120.22288,15.12808]},"properties":{"rain_mm_24h":0.48,"rain_mm_72h":14.93,"context_flag":"none","prone_score":0.678}},{"type":"Feature","geometry":{"type":"Point","coordinates":[120.83194,15.15503]},"properties":{"rain_mm_24h":0.0,"rain_mm_72h":1.6,"context_flag":"none","prone_score":0.988}},{"type":"Feature","geometry":{"type":"Point","coordinates":[120.17168,15.23318]},"properties":{"rain_mm_24h":0.84,"rain_mm_72h":18.6,"context_flag":"none","prone_score":0.959}},{"type":"Feature","geometry":{"type":"Point","coordinates":[120.76996,15.03106]},"properties":{"rain_mm_24h":0.0,"rain_mm_72h":2.44,"context_flag":"none","prone_score":0.996}},{"type":"Feature","geometry":{"type":"Point","coordinates":[121.45178,14.33037]},"properties":{"rain_mm_24h":0.09,"rain_mm_72h":1.35,"context_flag":"none","prone_score":0.988}},{"type":"Feature","geometry":{"type":"Point","coordinates":[120.6945,15.58622]},"properties":{"rain_mm_24h":1.88,"rain_mm_72h":17.07,"context_flag":"none","prone_score":0.982}},{"type":"Feature","geometry":{"type":"Point","coordinates":[120.72953,15.08765]},"properties":{"rain_mm_24h":0.0,"rain_mm_72h":2.44,"context_flag":"none","prone_score":0.994}},{"type":"Feature","geometry":{"type":"Point","coordinates":[120.75918,15.00142]},"properties":{"rain_mm_24h":0.0,"rain_mm_72h":2.44,"context_flag":"none","prone_score":0.987}},{"type":"Feature","geometry":{"type":"Point","coordinates":[120.93704,15.36254]},"properties":{"rain_mm_24h":0.0,"rain_mm_72h":4.11,"context_flag":"none","prone_score":0.977}},{"type":"Feature","geometry":{"type":"Point","coordinates":[120.7457,15.07957]},"properties":{"rain_mm_24h":0.0,"rain_mm_72h":2.44,"context_flag":"none","prone_score":0.987}},{"type":"Feature","geometry":{"type":"Point","coordinates":[120.72414,14.93135]},"properties":{"rain_mm_24h":0.0,"rain_mm_72h":1.86,"context_flag":"none","prone_score":0.996}},{"type":"Feature","geometry":{"type":"Point","coordinates":[120.77535,15.29517]},"properties":{"rain_mm_24h":0.12,"rain_mm_72h":2.67,"context_flag":"none","prone_score":0.974}},{"type":"Feature","geometry":{"type":"Point","coordinates":[120.77804,15.4353]},"properties":{"rain_mm_24h":0.54,"rain_mm_72h":10.72,"context_flag":"none","prone_score":0.975}},{"type":"Feature","geometry":{"type":"Point","coordinates":[120.05849,15.03645]},"properties":{"rain_mm_24h":1.15,"rain_mm_72h":39.52,"context_flag":"none","prone_score":0.987}},{"type":"Feature","geometry":{"type":"Point","coordinates":[120.20941,14.81277]},"properties":{"rain_mm_24h":1.12,"rain_mm_72h":20.75,"context_flag":"none","prone_score":0.621}},{"type":"Feature","geometry":{"type":"Point","coordinates":[120.93974,15.15233]},"properties":{"rain_mm_24h":0.0,"rain_mm_72h":0.74,"context_flag":"none","prone_score":0.974}},{"type":"Feature","geometry":{"type":"Point","coordinates":[120.74301,15.00411]},"properties":{"rain_mm_24h":0.0,"rain_mm_72h":2.44,"context_flag":"none","prone_score":0.988}},{"type":"Feature","geometry":{"type":"Point","coordinates":[120.75109,15.45686]},"properties":{"rain_mm_24h":0.54,"rain_mm_72h":10.72,"context_flag":"none","prone_score":0.987}},{"type":"Feature","geometry":{"type":"Point","coordinates":[120.5355,14.91518]},"properties":{"rain_mm_24h":0.2,"rain_mm_72h":8.55,"context_flag":"none","prone_score":0.99}},{"type":"Feature","geometry":{"type":"Point","coordinates":[120.75648,14.96099]},"properties":{"rain_mm_24h":0.0,"rain_mm_72h":1.86,"context_flag":"none","prone_score":0.998}},{"type":"Feature","geometry":{"type":"Point","coordinates":[121.0125,15.47034]},"properties":{"rain_mm_24h":0.12,"rain_mm_72h":4.77,"context_flag":"none","prone_score":0.987}},{"type":"Feature","geometry":{"type":"Point","coordinates":[120.73223,14.88014]},"properties":{"rain_mm_24h":0.0,"rain_mm_72h":1.91,"context_flag":"none","prone_score":0.998}},{"type":"Feature","geometry":{"type":"Point","coordinates":[120.38997,14.53519]},"properties":{"rain_mm_24h":7.15,"rain_mm_72h":17.36,"context_flag":"none","prone_score":0.927}},{"type":"Feature","geometry":{"type":"Point","coordinates":[121.30895,14.14712]},"properties":{"rain_mm_24h":0.0,"rain_mm_72h":3.21,"context_flag":"none","prone_score":0.978}},{"type":"Feature","geometry":{"type":"Point","coordinates":[121.02867,14.91787]},"properties":{"rain_mm_24h":0.18,"rain_mm_72h":1.05,"context_flag":"none","prone_score":0.725}},{"type":"Feature","geometry":{"type":"Point","coordinates":[121.08526,14.51363]},"properties":{"rain_mm_24h":0.5,"rain_mm_72h":4.95,"context_flag":"none","prone_score":0.987}},{"type":"Feature","geometry":{"type":"Point","coordinates":[120.92357,15.17389]},"properties":{"rain_mm_24h":0.0,"rain_mm_72h":0.74,"context_flag":"none","prone_score":0.996}},{"type":"Feature","geometry":{"type":"Point","coordinates":[121.30086,14.18215]},"properties":{"rain_mm_24h":0.0,"rain_mm_72h":3.21,"context_flag":"none","prone_score":0.992}},{"type":"Feature","geometry":{"type":"Point","coordinates":[120.97477,15.37332]},"properties":{"rain_mm_24h":0.0,"rain_mm_72h":4.11,"context_flag":"none","prone_score":0.988}},{"type":"Feature","geometry":{"type":"Point","coordinates":[120.89392,15.03915]},"properties":{"rain_mm_24h":0.0,"rain_mm_72h":2.33,"context_flag":"none","prone_score":0.991}},{"type":"Feature","geometry":{"type":"Point","coordinates":[120.92357,15.51346]},"properties":{"rain_mm_24h":0.0,"rain_mm_72h":9.33,"context_flag":"none","prone_score":0.989}},{"type":"Feature","geometry":{"type":"Point","coordinates":[120.86697,15.21432]},"properties":{"rain_mm_24h":0.0,"rain_mm_72h":2.88,"context_flag":"none","prone_score":0.985}},{"type":"Feature","geometry":{"type":"Point","coordinates":[120.93435,15.16311]},"properties":{"rain_mm_24h":0.0,"rain_mm_72h":0.74,"context_flag":"none","prone_score":0.958}},{"type":"Feature","geometry":{"type":"Point","coordinates":[120.6945,14.97716]},"properties":{"rain_mm_24h":0.0,"rain_mm_72h":2.62,"context_flag":"none","prone_score":0.991}},{"type":"Feature","geometry":{"type":"Point","coordinates":[120.96938,15.32481]},"properties":{"rain_mm_24h":0.0,"rain_mm_72h":4.11,"context_flag":"none","prone_score":0.991}},{"type":"Feature","geometry":{"type":"Point","coordinates":[121.03137,14.09052]},"properties":{"rain_mm_24h":0.0,"rain_mm_72h":0.55,"context_flag":"none","prone_score":0.848}},{"type":"Feature","geometry":{"type":"Point","coordinates":[120.51124,14.93943]},"properties":{"rain_mm_24h":0.2,"rain_mm_72h":8.55,"context_flag":"none","prone_score":0.993}},{"type":"Feature","geometry":{"type":"Point","coordinates":[120.75918,15.33828]},"properties":{"rain_mm_24h":0.24,"rain_mm_72h":4.24,"context_flag":"none","prone_score":0.92}},{"type":"Feature","geometry":{"type":"Point","coordinates":[120.82655,15.18737]},"properties":{"rain_mm_24h":0.0,"rain_mm_72h":1.6,"context_flag":"none","prone_score":0.991}},{"type":"Feature","geometry":{"type":"Point","coordinates":[120.8535,15.0095]},"properties":{"rain_mm_24h":0.0,"rain_mm_72h":2.33,"context_flag":"none","prone_score":0.993}},{"type":"Feature","geometry":{"type":"Point","coordinates":[120.93435,15.21162]},"properties":{"rain_mm_24h":0.0,"rain_mm_72h":2.46,"context_flag":"none","prone_score":0.99}},{"type":"Feature","geometry":{"type":"Point","coordinates":[120.78882,15.33828]},"properties":{"rain_mm_24h":0.24,"rain_mm_72h":4.24,"context_flag":"none","prone_score":0.994}},{"type":"Feature","geometry":{"type":"Point","coordinates":[120.8023,15.17659]},"properties":{"rain_mm_24h":0.0,"rain_mm_72h":1.6,"context_flag":"none","prone_score":0.996}},{"type":"Feature","geometry":{"type":"Point","coordinates":[120.94782,14.59987]},"properties":{"rain_mm_24h":0.78,"rain_mm_72h":4.25,"context_flag":"none","prone_score":0.698}},{"type":"Feature","geometry":{"type":"Point","coordinates":[120.81308,14.82894]},"properties":{"rain_mm_24h":0.0,"rain_mm_72h":1.38,"context_flag":"none","prone_score":0.988}},{"type":"Feature","geometry":{"type":"Point","coordinates":[120.97747,15.3275]},"properties":{"rain_mm_24h":0.0,"rain_mm_72h":4.11,"context_flag":"none","prone_score":0.994}},{"type":"Feature","geometry":{"type":"Point","coordinates":[120.77535,15.04454]},"properties":{"rain_mm_24h":0.0,"rain_mm_72h":2.44,"context_flag":"none","prone_score":0.997}},{"type":"Feature","geometry":{"type":"Point","coordinates":[120.7484,15.03915]},"properties":{"rain_mm_24h":0.0,"rain_mm_72h":2.44,"context_flag":"none","prone_score":0.995}},{"type":"Feature","geometry":{"type":"Point","coordinates":[121.10143,14.66724]},"properties":{"rain_mm_24h":2.26,"rain_mm_72h":7.15,"context_flag":"none","prone_score":0.519}},{"type":"Feature","geometry":{"type":"Point","coordinates":[120.77804,15.31672]},"properties":{"rain_mm_24h":0.24,"rain_mm_72h":4.24,"context_flag":"none","prone_score":0.975}},{"type":"Feature","geometry":{"type":"Point","coordinates":[120.72684,15.02298]},"properties":{"rain_mm_24h":0.0,"rain_mm_72h":2.44,"context_flag":"none","prone_score":0.996}},{"type":"Feature","geometry":{"type":"Point","coordinates":[121.2281,14.18485]},"properties":{"rain_mm_24h":0.0,"rain_mm_72h":4.66,"context_flag":"none","prone_score":0.992}},{"type":"Feature","geometry":{"type":"Point","coordinates":[121.30625,14.14712]},"properties":{"rain_mm_24h":0.0,"rain_mm_72h":3.21,"context_flag":"none","prone_score":0.987}},{"type":"Feature","geometry":{"type":"Point","coordinates":[120.7457,14.95021]},"properties":{"rain_mm_24h":0.0,"rain_mm_72h":1.86,"context_flag":"none","prone_score":0.993}},{"type":"Feature","geometry":{"type":"Point","coordinates":[120.93974,14.0528]},"properties":{"rain_mm_24h":0.13,"rain_mm_72h":0.48,"context_flag":"none","prone_score":0.992}},{"type":"Feature","geometry":{"type":"Point","coordinates":[119.91835,15.5943]},"properties":{"rain_mm_24h":0.46,"rain_mm_72h":16.93,"context_flag":"none","prone_score":0.975}},{"type":"Feature","geometry":{"type":"Point","coordinates":[120.87236,14.81816]},"properties":{"rain_mm_24h":0.0,"rain_mm_72h":1.38,"context_flag":"none","prone_score":0.995}},{"type":"Feature","geometry":{"type":"Point","coordinates":[120.78343,15.10382]},"properties":{"rain_mm_24h":0.0,"rain_mm_72h":3.02,"context_flag":"none","prone_score":0.991}},{"type":"Feature","geometry":{"type":"Point","coordinates":[120.85889,14.93135]},"properties":{"rain_mm_24h":0.0,"rain_mm_72h":1.51,"context_flag":"none","prone_score":0.983}},{"type":"Feature","geometry":{"type":"Point","coordinates":[120.98555,15.28439]},"properties":{"rain_mm_24h":0.0,"rain_mm_72h":2.46,"context_flag":"none","prone_score":0.987}},{"type":"Feature","geometry":{"type":"Point","coordinates":[120.76187,15.23588]},"properties":{"rain_mm_24h":0.12,"rain_mm_72h":2.67,"context_flag":"none","prone_score":0.983}},{"type":"Feature","geometry":{"type":"Point","coordinates":[120.94513,14.45704]},"properties":{"rain_mm_24h":0.37,"rain_mm_72h":9.58,"context_flag":"none","prone_score":0.996}},{"type":"Feature","geometry":{"type":"Point","coordinates":[120.7996,15.28708]},"properties":{"rain_mm_24h":0.12,"rain_mm_72h":2.67,"context_flag":"none","prone_score":0.992}},{"type":"Feature","geometry":{"type":"Point","coordinates":[120.74301,14.99333]},"properties":{"rain_mm_24h":0.0,"rain_mm_72h":1.86,"context_flag":"none","prone_score":0.95}},{"type":"Feature","geometry":{"type":"Point","coordinates":[120.9613,15.39757]},"properties":{"rain_mm_24h":0.0,"rain_mm_72h":4.11,"context_flag":"none","prone_score":0.993}},{"type":"Feature","geometry":{"type":"Point","coordinates":[120.95321,15.40835]},"properties":{"rain_mm_24h":0.0,"rain_mm_72h":5.6,"context_flag":"none","prone_score":0.991}},{"type":"Feature","geometry":{"type":"Point","coordinates":[121.42483,14.28995]},"properties":{"rain_mm_24h":1.0,"rain_mm_72h":1.58,"context_flag":"none","prone_score":0.983}},{"type":"Feature","geometry":{"type":"Point","coordinates":[120.76187,15.39218]},"properties":{"rain_mm_24h":0.24,"rain_mm_72h":4.24,"context_flag":"none","prone_score":0.986}},{"type":"Feature","geometry":{"type":"Point","coordinates":[121.2793,14.16598]},"properties":{"rain_mm_24h":0.0,"rain_mm_72h":4.66,"context_flag":"none","prone_score":0.988}},{"type":"Feature","geometry":{"type":"Point","coordinates":[120.73223,14.9556]},"properties":{"rain_mm_24h":0.0,"rain_mm_72h":1.86,"context_flag":"none","prone_score":0.992}},{"type":"Feature","geometry":{"type":"Point","coordinates":[120.71067,15.0634]},"properties":{"rain_mm_24h":0.0,"rain_mm_72h":2.44,"context_flag":"none","prone_score":0.958}},{"type":"Feature","geometry":{"type":"Point","coordinates":[120.87236,15.33559]},"properties":{"rain_mm_24h":0.0,"rain_mm_72h":3.78,"context_flag":"none","prone_score":0.976}},{"type":"Feature","geometry":{"type":"Point","coordinates":[120.75109,14.97986]},"properties":{"rain_mm_24h":0.0,"rain_mm_72h":1.86,"context_flag":"none","prone_score":0.988}},{"type":"Feature","geometry":{"type":"Point","coordinates":[120.77804,14.87475]},"properties":{"rain_mm_24h":0.0,"rain_mm_72h":1.91,"context_flag":"none","prone_score":0.992}},{"type":"Feature","geometry":{"type":"Point","coordinates":[120.89931,15.19545]},"properties":{"rain_mm_24h":0.0,"rain_mm_72h":1.6,"context_flag":"none","prone_score":0.998}},{"type":"Feature","geometry":{"type":"Point","coordinates":[121.30895,14.18754]},"properties":{"rain_mm_24h":0.0,"rain_mm_72h":3.21,"context_flag":"none","prone_score":0.967}},{"type":"Feature","geometry":{"type":"Point","coordinates":[121.29278,14.14981]},"properties":{"rain_mm_24h":0.0,"rain_mm_72h":4.66,"context_flag":"none","prone_score":0.992}},{"type":"Feature","geometry":{"type":"Point","coordinates":[120.89123,14.81546]},"properties":{"rain_mm_24h":0.0,"rain_mm_72h":1.38,"context_flag":"none","prone_score":0.988}},{"type":"Feature","geometry":{"type":"Point","coordinates":[120.70797,14.99603]},"properties":{"rain_mm_24h":0.0,"rain_mm_72h":1.86,"context_flag":"none","prone_score":0.993}},{"type":"Feature","geometry":{"type":"Point","coordinates":[120.78343,15.06609]},"properties":{"rain_mm_24h":0.0,"rain_mm_72h":2.44,"context_flag":"none","prone_score":0.992}},{"type":"Feature","geometry":{"type":"Point","coordinates":[120.85619,14.92326]},"properties":{"rain_mm_24h":0.0,"rain_mm_72h":1.51,"context_flag":"none","prone_score":0.96}},{"type":"Feature","geometry":{"type":"Point","coordinates":[120.72684,15.48112]},"properties":{"rain_mm_24h":0.54,"rain_mm_72h":10.72,"context_flag":"none","prone_score":0.98}},{"type":"Feature","geometry":{"type":"Point","coordinates":[120.80499,14.89362]},"properties":{"rain_mm_24h":0.0,"rain_mm_72h":1.38,"context_flag":"none","prone_score":0.994}},{"type":"Feature","geometry":{"type":"Point","coordinates":[120.73762,15.08765]},"properties":{"rain_mm_24h":0.0,"rain_mm_72h":2.44,"context_flag":"none","prone_score":0.995}},{"type":"Feature","geometry":{"type":"Point","coordinates":[120.96938,15.3275]},"properties":{"rain_mm_24h":0.0,"rain_mm_72h":4.11,"context_flag":"none","prone_score":0.988}},{"type":"Feature","geometry":{"type":"Point","coordinates":[120.75918,15.05262]},"properties":{"rain_mm_24h":0.0,"rain_mm_72h":2.44,"context_flag":"none","prone_score":0.983}},{"type":"Feature","geometry":{"type":"Point","coordinates":[120.62982,15.29247]},"properties":{"rain_mm_24h":1.1,"rain_mm_72h":5.1,"context_flag":"none","prone_score":0.992}},{"type":"Feature","geometry":{"type":"Point","coordinates":[120.96399,15.28708]},"properties":{"rain_mm_24h":0.0,"rain_mm_72h":2.46,"context_flag":"none","prone_score":0.987}},{"type":"Feature","geometry":{"type":"Point","coordinates":[120.7457,15.04454]},"properties":{"rain_mm_24h":0.0,"rain_mm_72h":2.44,"context_flag":"none","prone_score":0.996}},{"type":"Feature","geometry":{"type":"Point","coordinates":[121.0125,15.50807]},"properties":{"rain_mm_24h":0.0,"rain_mm_72h":7.76,"context_flag":"none","prone_score":0.987}},{"type":"Feature","geometry":{"type":"Point","coordinates":[120.8023,15.1685]},"properties":{"rain_mm_24h":0.0,"rain_mm_72h":1.6,"context_flag":"none","prone_score":0.995}},{"type":"Feature","geometry":{"type":"Point","coordinates":[120.87506,15.33828]},"properties":{"rain_mm_24h":0.0,"rain_mm_72h":3.78,"context_flag":"none","prone_score":0.989}},{"type":"Feature","geometry":{"type":"Point","coordinates":[120.92087,15.12538]},"properties":{"rain_mm_24h":0.0,"rain_mm_72h":0.74,"context_flag":"none","prone_score":0.98}},{"type":"Feature","geometry":{"type":"Point","coordinates":[121.03676,14.60526]},"properties":{"rain_mm_24h":1.18,"rain_mm_72h":3.42,"context_flag":"none","prone_score":0.944}},{"type":"Feature","geometry":{"type":"Point","coordinates":[120.82924,15.02837]},"properties":{"rain_mm_24h":0.0,"rain_mm_72h":2.33,"context_flag":"none","prone_score":0.975}},{"type":"Feature","geometry":{"type":"Point","coordinates":[120.76726,15.4353]},"properties":{"rain_mm_24h":0.54,"rain_mm_72h":10.72,"context_flag":"none","prone_score":0.984}},{"type":"Feature","geometry":{"type":"Point","coordinates":[120.92626,14.78043]},"properties":{"rain_mm_24h":0.61,"rain_mm_72h":2.16,"context_flag":"none","prone_score":0.998}},{"type":"Feature","geometry":{"type":"Point","coordinates":[120.75379,14.96638]},"properties":{"rain_mm_24h":0.0,"rain_mm_72h":1.86,"context_flag":"none","prone_score":0.992}},{"type":"Feature","geometry":{"type":"Point","coordinates":[120.78613,14.96638]},"properties":{"rain_mm_24h":0.0,"rain_mm_72h":1.86,"context_flag":"none","prone_score":0.787}},{"type":"Feature","geometry":{"type":"Point","coordinates":[120.77265,15.30056]},"properties":{"rain_mm_24h":0.24,"rain_mm_72h":4.24,"context_flag":"none","prone_score":0.95}},{"type":"Feature","geometry":{"type":"Point","coordinates":[120.87775,15.35445]},"properties":{"rain_mm_24h":0.0,"rain_mm_72h":3.78,"context_flag":"none","prone_score":0.997}},{"type":"Feature","geometry":{"type":"Point","coordinates":[120.78882,14.90709]},"properties":{"rain_mm_24h":0.0,"rain_mm_72h":1.86,"context_flag":"none","prone_score":0.928}},{"type":"Feature","geometry":{"type":"Point","coordinates":[121.05293,14.69419]},"properties":{"rain_mm_24h":1.18,"rain_mm_72h":3.42,"context_flag":"none","prone_score":0.619}},{"type":"Feature","geometry":{"type":"Point","coordinates":[120.75109,15.04184]},"properties":{"rain_mm_24h":0.0,"rain_mm_72h":2.44,"context_flag":"none","prone_score":0.976}},{"type":"Feature","geometry":{"type":"Point","coordinates":[121.05832,14.69419]},"properties":{"rain_mm_24h":1.18,"rain_mm_72h":3.42,"context_flag":"none","prone_score":0.792}},{"type":"Feature","geometry":{"type":"Point","coordinates":[120.91818,14.81816]},"properties":{"rain_mm_24h":0.0,"rain_mm_72h":0.93,"context_flag":"none","prone_score":0.975}},{"type":"Feature","geometry":{"type":"Point","coordinates":[120.17168,15.2251]},"properties":{"rain_mm_24h":0.84,"rain_mm_72h":18.6,"context_flag":"none","prone_score":0.944}},{"type":"Feature","geometry":{"type":"Point","coordinates":[121.45986,14.39775]},"properties":{"rain_mm_24h":0.09,"rain_mm_72h":1.35,"context_flag":"none","prone_score":0.996}},{"type":"Feature","geometry":{"type":"Point","coordinates":[121.28469,14.1552]},"properties":{"rain_mm_24h":0.0,"rain_mm_72h":4.66,"context_flag":"none","prone_score":0.975}},{"type":"Feature","geometry":{"type":"Point","coordinates":[120.75109,15.05532]},"properties":{"rain_mm_24h":0.0,"rain_mm_72h":2.44,"context_flag":"none","prone_score":0.985}},{"type":"Feature","geometry":{"type":"Point","coordinates":[120.72684,15.02837]},"properties":{"rain_mm_24h":0.0,"rain_mm_72h":2.44,"context_flag":"none","prone_score":0.995}},{"type":"Feature","geometry":{"type":"Point","coordinates":[120.77535,14.90709]},"properties":{"rain_mm_24h":0.0,"rain_mm_72h":1.86,"context_flag":"none","prone_score":0.967}},{"type":"Feature","geometry":{"type":"Point","coordinates":[121.06101,14.75618]},"properties":{"rain_mm_24h":1.36,"rain_mm_72h":2.24,"context_flag":"none","prone_score":0.554}},{"type":"Feature","geometry":{"type":"Point","coordinates":[120.74031,14.86667]},"properties":{"rain_mm_24h":0.0,"rain_mm_72h":1.91,"context_flag":"none","prone_score":0.976}},{"type":"Feature","geometry":{"type":"Point","coordinates":[120.73762,14.88014]},"properties":{"rain_mm_24h":0.0,"rain_mm_72h":1.91,"context_flag":"none","prone_score":0.977}},{"type":"Feature","geometry":{"type":"Point","coordinates":[121.13916,14.5298]},"properties":{"rain_mm_24h":0.81,"rain_mm_72h":7.81,"context_flag":"none","prone_score":0.98}},{"type":"Feature","geometry":{"type":"Point","coordinates":[120.77265,15.00411]},"properties":{"rain_mm_24h":0.0,"rain_mm_72h":2.44,"context_flag":"none","prone_score":0.858}},{"type":"Feature","geometry":{"type":"Point","coordinates":[120.66216,14.94482]},"properties":{"rain_mm_24h":0.0,"rain_mm_72h":2.62,"context_flag":"none","prone_score":0.881}},{"type":"Feature","geometry":{"type":"Point","coordinates":[120.32529,14.96908]},"properties":{"rain_mm_24h":0.16,"rain_mm_72h":21.28,"context_flag":"none","prone_score":0.937}},{"type":"Feature","geometry":{"type":"Point","coordinates":[120.97477,15.32481]},"properties":{"rain_mm_24h":0.0,"rain_mm_72h":4.11,"context_flag":"none","prone_score":0.99}},{"type":"Feature","geometry":{"type":"Point","coordinates":[120.07196,15.26552]},"properties":{"rain_mm_24h":0.0,"rain_mm_72h":22.03,"context_flag":"none","prone_score":0.982}},{"type":"Feature","geometry":{"type":"Point","coordinates":[120.79152,15.2251]},"properties":{"rain_mm_24h":0.12,"rain_mm_72h":2.67,"context_flag":"none","prone_score":0.99}},{"type":"Feature","geometry":{"type":"Point","coordinates":[120.92357,15.16042]},"properties":{"rain_mm_24h":0.0,"rain_mm_72h":0.74,"context_flag":"none","prone_score":0.985}},{"type":"Feature","geometry":{"type":"Point","coordinates":[120.83733,14.93943]},"properties":{"rain_mm_24h":0.0,"rain_mm_72h":1.51,"context_flag":"none","prone_score":0.988}},{"type":"Feature","geometry":{"type":"Point","coordinates":[120.71875,15.34906]},"properties":{"rain_mm_24h":0.24,"rain_mm_72h":4.24,"context_flag":"none","prone_score":0.95}},{"type":"Feature","geometry":{"type":"Point","coordinates":[120.72684,14.93404]},"properties":{"rain_mm_24h":0.0,"rain_mm_72h":1.86,"context_flag":"none","prone_score":0.998}},{"type":"Feature","geometry":{"type":"Point","coordinates":[120.7457,14.98255]},"properties":{"rain_mm_24h":0.0,"rain_mm_72h":1.86,"context_flag":"none","prone_score":0.994}},{"type":"Feature","geometry":{"type":"Point","coordinates":[120.74031,14.94213]},"properties":{"rain_mm_24h":0.0,"rain_mm_72h":1.86,"context_flag":"none","prone_score":0.991}},{"type":"Feature","geometry":{"type":"Point","coordinates":[120.1582,14.99333]},"properties":{"rain_mm_24h":2.31,"rain_mm_72h":18.28,"context_flag":"none","prone_score":0.977}},{"type":"Feature","geometry":{"type":"Point","coordinates":[120.80499,15.28978]},"properties":{"rain_mm_24h":0.0,"rain_mm_72h":2.88,"context_flag":"none","prone_score":0.981}},{"type":"Feature","geometry":{"type":"Point","coordinates":[120.19324,14.98794]},"properties":{"rain_mm_24h":2.31,"rain_mm_72h":18.28,"context_flag":"none","prone_score":0.986}},{"type":"Feature","geometry":{"type":"Point","coordinates":[120.98286,15.28439]},"properties":{"rain_mm_24h":0.0,"rain_mm_72h":2.46,"context_flag":"none","prone_score":0.987}},{"type":"Feature","geometry":{"type":"Point","coordinates":[120.81846,15.15503]},"properties":{"rain_mm_24h":0.0,"rain_mm_72h":1.6,"context_flag":"none","prone_score":0.977}},{"type":"Feature","geometry":{"type":"Point","coordinates":[120.99903,14.55675]},"properties":{"rain_mm_24h":0.78,"rain_mm_72h":4.25,"context_flag":"none","prone_score":0.703}},{"type":"Feature","geometry":{"type":"Point","coordinates":[120.77535,14.88553]},"properties":{"rain_mm_24h":0.0,"rain_mm_72h":1.91,"context_flag":"none","prone_score":0.998}},{"type":"Feature","geometry":{"type":"Point","coordinates":[120.94243,15.42183]},"properties":{"rain_mm_24h":0.0,"rain_mm_72h":5.6,"context_flag":"none","prone_score":0.99}},{"type":"Feature","geometry":{"type":"Point","coordinates":[120.74031,15.03645]},"properties":{"rain_mm_24h":0.0,"rain_mm_72h":2.44,"context_flag":"none","prone_score":0.994}},{"type":"Feature","geometry":{"type":"Point","coordinates":[120.91279,15.21971]},"properties":{"rain_mm_24h":0.0,"rain_mm_72h":2.46,"context_flag":"none","prone_score":0.996}},{"type":"Feature","geometry":{"type":"Point","coordinates":[120.9047,15.01489]},"properties":{"rain_mm_24h":0.0,"rain_mm_72h":1.36,"context_flag":"none","prone_score":0.966}},{"type":"Feature","geometry":{"type":"Point","coordinates":[121.04215,14.60256]},"properties":{"rain_mm_24h":1.18,"rain_mm_72h":3.42,"context_flag":"none","prone_score":0.973}},{"type":"Feature","geometry":{"type":"Point","coordinates":[120.9586,14.70228]},"properties":{"rain_mm_24h":0.61,"rain_mm_72h":2.16,"context_flag":"none","prone_score":0.96}},{"type":"Feature","geometry":{"type":"Point","coordinates":[121.27122,14.18485]},"properties":{"rain_mm_24h":0.0,"rain_mm_72h":4.66,"context_flag":"none","prone_score":0.993}},{"type":"Feature","geometry":{"type":"Point","coordinates":[120.93974,15.20623]},"properties":{"rain_mm_24h":0.0,"rain_mm_72h":2.46,"context_flag":"none","prone_score":0.994}},{"type":"Feature","geometry":{"type":"Point","coordinates":[120.72145,14.97986]},"properties":{"rain_mm_24h":0.0,"rain_mm_72h":1.86,"context_flag":"none","prone_score":0.994}},{"type":"Feature","geometry":{"type":"Point","coordinates":[120.7457,14.97177]},"properties":{"rain_mm_24h":0.0,"rain_mm_72h":1.86,"context_flag":"none","prone_score":0.992}},{"type":"Feature","geometry":{"type":"Point","coordinates":[121.36284,14.24414]},"properties":{"rain_mm_24h":0.0,"rain_mm_72h":0.85,"context_flag":"none","prone_score":0.985}},{"type":"Feature","geometry":{"type":"Point","coordinates":[120.76457,15.13077]},"properties":{"rain_mm_24h":0.0,"rain_mm_72h":3.02,"context_flag":"none","prone_score":0.992}},{"type":"Feature","geometry":{"type":"Point","coordinates":[120.71606,14.9583]},"properties":{"rain_mm_24h":0.0,"rain_mm_72h":1.86,"context_flag":"none","prone_score":0.997}},{"type":"Feature","geometry":{"type":"Point","coordinates":[119.89679,15.43261]},"properties":{"rain_mm_24h":0.41,"rain_mm_72h":36.08,"context_flag":"none","prone_score":0.968}},{"type":"Feature","geometry":{"type":"Point","coordinates":[120.56784,15.42991]},"properties":{"rain_mm_24h":5.43,"rain_mm_72h":16.67,"context_flag":"none","prone_score":0.981}},{"type":"Feature","geometry":{"type":"Point","coordinates":[120.72684,14.96369]},"properties":{"rain_mm_24h":0.0,"rain_mm_72h":1.86,"context_flag":"none","prone_score":0.995}},{"type":"Feature","geometry":{"type":"Point","coordinates":[120.94513,15.20623]},"properties":{"rain_mm_24h":0.0,"rain_mm_72h":2.46,"context_flag":"none","prone_score":0.99}},{"type":"Feature","geometry":{"type":"Point","coordinates":[120.88584,14.88014]},"properties":{"rain_mm_24h":0.0,"rain_mm_72h":1.38,"context_flag":"none","prone_score":0.984}},{"type":"Feature","geometry":{"type":"Point","coordinates":[120.70528,15.57813]},"properties":{"rain_mm_24h":1.1,"rain_mm_72h":11.4,"context_flag":"none","prone_score":0.991}},{"type":"Feature","geometry":{"type":"Point","coordinates":[121.31164,14.19832]},"properties":{"rain_mm_24h":0.0,"rain_mm_72h":3.21,"context_flag":"none","prone_score":0.988}},{"type":"Feature","geometry":{"type":"Point","coordinates":[120.93435,15.52963]},"properties":{"rain_mm_24h":0.0,"rain_mm_72h":9.33,"context_flag":"none","prone_score":0.996}},{"type":"Feature","geometry":{"type":"Point","coordinates":[120.52472,14.8478]},"properties":{"rain_mm_24h":0.09,"rain_mm_72h":6.31,"context_flag":"none","prone_score":0.997}},{"type":"Feature","geometry":{"type":"Point","coordinates":[121.32511,14.30073]},"properties":{"rain_mm_24h":0.0,"rain_mm_72h":1.06,"context_flag":"none","prone_score":0.97}},{"type":"Feature","geometry":{"type":"Point","coordinates":[120.82116,14.95291]},"properties":{"rain_mm_24h":0.0,"rain_mm_72h":1.51,"context_flag":"none","prone_score":0.994}},{"type":"Feature","geometry":{"type":"Point","coordinates":[120.73492,14.90709]},"properties":{"rain_mm_24h":0.0,"rain_mm_72h":1.86,"context_flag":"none","prone_score":0.995}},{"type":"Feature","geometry":{"type":"Point","coordinates":[120.88314,14.7993]},"properties":{"rain_mm_24h":0.0,"rain_mm_72h":1.34,"context_flag":"none","prone_score":0.998}},{"type":"Feature","geometry":{"type":"Point","coordinates":[120.62982,14.98255]},"properties":{"rain_mm_24h":0.0,"rain_mm_72h":2.62,"context_flag":"none","prone_score":0.974}},{"type":"Feature","geometry":{"type":"Point","coordinates":[120.59748,14.91518]},"properties":{"rain_mm_24h":0.2,"rain_mm_72h":8.55,"context_flag":"none","prone_score":0.996}},{"type":"Feature","geometry":{"type":"Point","coordinates":[120.59209,14.92326]},"properties":{"rain_mm_24h":0.2,"rain_mm_72h":8.55,"context_flag":"none","prone_score":0.996}},{"type":"Feature","geometry":{"type":"Point","coordinates":[120.05849,15.27361]},"properties":{"rain_mm_24h":0.0,"rain_mm_72h":22.03,"context_flag":"none","prone_score":0.989}},{"type":"Feature","geometry":{"type":"Point","coordinates":[120.76187,15.34098]},"properties":{"rain_mm_24h":0.24,"rain_mm_72h":4.24,"context_flag":"none","prone_score":0.988}},{"type":"Feature","geometry":{"type":"Point","coordinates":[120.74301,15.41105]},"properties":{"rain_mm_24h":0.54,"rain_mm_72h":10.72,"context_flag":"none","prone_score":0.958}},{"type":"Feature","geometry":{"type":"Point","coordinates":[121.32781,14.45434]},"properties":{"rain_mm_24h":0.0,"rain_mm_72h":2.33,"context_flag":"none","prone_score":0.929}},{"type":"Feature","geometry":{"type":"Point","coordinates":[120.91548,15.45417]},"properties":{"rain_mm_24h":0.0,"rain_mm_72h":5.6,"context_flag":"none","prone_score":0.975}},{"type":"Feature","geometry":{"type":"Point","coordinates":[120.52741,14.84511]},"properties":{"rain_mm_24h":0.09,"rain_mm_72h":6.31,"context_flag":"none","prone_score":0.999}},{"type":"Feature","geometry":{"type":"Point","coordinates":[120.75379,15.07687]},"properties":{"rain_mm_24h":0.0,"rain_mm_72h":2.44,"context_flag":"none","prone_score":0.977}},{"type":"Feature","geometry":{"type":"Point","coordinates":[120.96399,15.30594]},"properties":{"rain_mm_24h":0.0,"rain_mm_72h":4.11,"context_flag":"none","prone_score":0.99}},{"type":"Feature","geometry":{"type":"Point","coordinates":[120.72414,14.95021]},"properties":{"rain_mm_24h":0.0,"rain_mm_72h":1.86,"context_flag":"none","prone_score":0.996}},{"type":"Feature","geometry":{"type":"Point","coordinates":[120.8535,14.92326]},"properties":{"rain_mm_24h":0.0,"rain_mm_72h":1.51,"context_flag":"none","prone_score":0.986}},{"type":"Feature","geometry":{"type":"Point","coordinates":[120.9613,14.70228]},"properties":{"rain_mm_24h":0.61,"rain_mm_72h":2.16,"context_flag":"none","prone_score":0.894}},{"type":"Feature","geometry":{"type":"Point","coordinates":[120.07466,15.26822]},"properties":{"rain_mm_24h":0.0,"rain_mm_72h":22.03,"context_flag":"none","prone_score":0.97}},{"type":"Feature","geometry":{"type":"Point","coordinates":[120.91548,15.44608]},"properties":{"rain_mm_24h":0.0,"rain_mm_72h":5.6,"context_flag":"none","prone_score":0.985}},{"type":"Feature","geometry":{"type":"Point","coordinates":[120.79421,15.2224]},"properties":{"rain_mm_24h":0.12,"rain_mm_72h":2.67,"context_flag":"none","prone_score":0.89}},{"type":"Feature","geometry":{"type":"Point","coordinates":[120.80499,15.16311]},"properties":{"rain_mm_24h":0.0,"rain_mm_72h":1.6,"context_flag":"none","prone_score":0.997}},{"type":"Feature","geometry":{"type":"Point","coordinates":[120.85619,14.91248]},"properties":{"rain_mm_24h":0.0,"rain_mm_72h":1.51,"context_flag":"none","prone_score":0.99}},{"type":"Feature","geometry":{"type":"Point","coordinates":[120.77265,15.26283]},"properties":{"rain_mm_24h":0.12,"rain_mm_72h":2.67,"context_flag":"none","prone_score":0.95}},{"type":"Feature","geometry":{"type":"Point","coordinates":[120.83733,14.99064]},"properties":{"rain_mm_24h":0.0,"rain_mm_72h":1.51,"context_flag":"none","prone_score":0.988}},{"type":"Feature","geometry":{"type":"Point","coordinates":[120.08274,15.27091]},"properties":{"rain_mm_24h":0.0,"rain_mm_72h":22.03,"context_flag":"none","prone_score":0.985}},{"type":"Feature","geometry":{"type":"Point","coordinates":[120.87775,15.02837]},"properties":{"rain_mm_24h":0.0,"rain_mm_72h":2.33,"context_flag":"none","prone_score":0.997}},{"type":"Feature","geometry":{"type":"Point","coordinates":[120.77265,15.0122]},"properties":{"rain_mm_24h":0.0,"rain_mm_72h":2.44,"context_flag":"none","prone_score":0.991}},{"type":"Feature","geometry":{"type":"Point","coordinates":[120.74031,15.0122]},"properties":{"rain_mm_24h":0.0,"rain_mm_72h":2.44,"context_flag":"none","prone_score":0.957}},{"type":"Feature","geometry":{"type":"Point","coordinates":[120.7457,15.03645]},"properties":{"rain_mm_24h":0.0,"rain_mm_72h":2.44,"context_flag":"none","prone_score":0.969}},{"type":"Feature","geometry":{"type":"Point","coordinates":[120.96938,14.68072]},"properties":{"rain_mm_24h":1.58,"rain_mm_72h":3.55,"context_flag":"none","prone_score":0.975}},{"type":"Feature","geometry":{"type":"Point","coordinates":[120.74301,14.96099]},"properties":{"rain_mm_24h":0.0,"rain_mm_72h":1.86,"context_flag":"none","prone_score":0.995}},{"type":"Feature","geometry":{"type":"Point","coordinates":[120.69989,15.0095]},"properties":{"rain_mm_24h":0.0,"rain_mm_72h":3.46,"context_flag":"none","prone_score":0.992}},{"type":"Feature","geometry":{"type":"Point","coordinates":[121.10952,14.67263]},"properties":{"rain_mm_24h":2.26,"rain_mm_72h":7.15,"context_flag":"none","prone_score":0.656}},{"type":"Feature","geometry":{"type":"Point","coordinates":[121.34398,14.23066]},"properties":{"rain_mm_24h":0.0,"rain_mm_72h":0.85,"context_flag":"none","prone_score":0.991}},{"type":"Feature","geometry":{"type":"Point","coordinates":[120.78343,15.21971]},"properties":{"rain_mm_24h":0.12,"rain_mm_72h":2.67,"context_flag":"none","prone_score":0.984}},{"type":"Feature","geometry":{"type":"Point","coordinates":[120.51394,14.83702]},"properties":{"rain_mm_24h":0.09,"rain_mm_72h":6.31,"context_flag":"none","prone_score":0.997}},{"type":"Feature","geometry":{"type":"Point","coordinates":[120.12047,15.26283]},"properties":{"rain_mm_24h":0.84,"rain_mm_72h":18.6,"context_flag":"none","prone_score":0.986}},{"type":"Feature","geometry":{"type":"Point","coordinates":[120.7484,15.01489]},"properties":{"rain_mm_24h":0.0,"rain_mm_72h":2.44,"context_flag":"none","prone_score":0.955}},{"type":"Feature","geometry":{"type":"Point","coordinates":[120.91009,14.43278]},"properties":{"rain_mm_24h":0.37,"rain_mm_72h":9.58,"context_flag":"none","prone_score":0.929}},{"type":"Feature","geometry":{"type":"Point","coordinates":[121.1742,14.2091]},"properties":{"rain_mm_24h":0.0,"rain_mm_72h":1.94,"context_flag":"none","prone_score":0.982}},{"type":"Feature","geometry":{"type":"Point","coordinates":[120.79421,15.50807]},"properties":{"rain_mm_24h":1.1,"rain_mm_72h":11.4,"context_flag":"none","prone_score":0.985}},{"type":"Feature","geometry":{"type":"Point","coordinates":[120.74301,15.0095]},"properties":{"rain_mm_24h":0.0,"rain_mm_72h":2.44,"context_flag":"none","prone_score":0.972}},{"type":"Feature","geometry":{"type":"Point","coordinates":[121.12838,14.5325]},"properties":{"rain_mm_24h":0.81,"rain_mm_72h":7.81,"context_flag":"none","prone_score":0.991}},{"type":"Feature","geometry":{"type":"Point","coordinates":[121.0152,15.51615]},"properties":{"rain_mm_24h":0.0,"rain_mm_72h":7.76,"context_flag":"none","prone_score":0.993}},{"type":"Feature","geometry":{"type":"Point","coordinates":[121.00711,15.51885]},"properties":{"rain_mm_24h":0.0,"rain_mm_72h":7.76,"context_flag":"none","prone_score":0.971}},{"type":"Feature","geometry":{"type":"Point","coordinates":[120.5867,14.92596]},"properties":{"rain_mm_24h":0.2,"rain_mm_72h":8.55,"context_flag":"none","prone_score":0.999}},{"type":"Feature","geometry":{"type":"Point","coordinates":[120.72684,14.95291]},"properties":{"rain_mm_24h":0.0,"rain_mm_72h":1.86,"context_flag":"none","prone_score":0.993}},{"type":"Feature","geometry":{"type":"Point","coordinates":[120.75648,14.90979]},"properties":{"rain_mm_24h":0.0,"rain_mm_72h":1.86,"context_flag":"none","prone_score":0.994}},{"type":"Feature","geometry":{"type":"Point","coordinates":[120.74031,15.03376]},"properties":{"rain_mm_24h":0.0,"rain_mm_72h":2.44,"context_flag":"none","prone_score":0.974}},{"type":"Feature","geometry":{"type":"Point","coordinates":[120.60556,15.28708]},"properties":{"rain_mm_24h":1.1,"rain_mm_72h":5.1,"context_flag":"none","prone_score":0.969}},{"type":"Feature","geometry":{"type":"Point","coordinates":[120.72145,15.54041]},"properties":{"rain_mm_24h":1.1,"rain_mm_72h":11.4,"context_flag":"none","prone_score":0.988}},{"type":"Feature","geometry":{"type":"Point","coordinates":[120.7484,15.05801]},"properties":{"rain_mm_24h":0.0,"rain_mm_72h":2.44,"context_flag":"none","prone_score":0.992}},{"type":"Feature","geometry":{"type":"Point","coordinates":[120.75918,15.44878]},"properties":{"rain_mm_24h":0.54,"rain_mm_72h":10.72,"context_flag":"none","prone_score":0.988}},{"type":"Feature","geometry":{"type":"Point","coordinates":[120.9074,14.49477]},"properties":{"rain_mm_24h":0.37,"rain_mm_72h":9.58,"context_flag":"none","prone_score":0.995}},{"type":"Feature","geometry":{"type":"Point","coordinates":[120.72953,15.00411]},"properties":{"rain_mm_24h":0.0,"rain_mm_72h":2.44,"context_flag":"none","prone_score":0.994}},{"type":"Feature","geometry":{"type":"Point","coordinates":[121.0125,14.6349]},"properties":{"rain_mm_24h":1.18,"rain_mm_72h":3.42,"context_flag":"none","prone_score":0.954}},{"type":"Feature","geometry":{"type":"Point","coordinates":[120.77535,15.597]},"properties":{"rain_mm_24h":1.1,"rain_mm_72h":11.4,"context_flag":"none","prone_score":0.977}},{"type":"Feature","geometry":{"type":"Point","coordinates":[120.75109,15.47842]},"properties":{"rain_mm_24h":0.54,"rain_mm_72h":10.72,"context_flag":"none","prone_score":0.979}},{"type":"Feature","geometry":{"type":"Point","coordinates":[120.77804,14.9044]},"properties":{"rain_mm_24h":0.0,"rain_mm_72h":1.86,"context_flag":"none","prone_score":0.939}},{"type":"Feature","geometry":{"type":"Point","coordinates":[120.82655,14.92596]},"properties":{"rain_mm_24h":0.0,"rain_mm_72h":1.51,"context_flag":"none","prone_score":0.993}},{"type":"Feature","geometry":{"type":"Point","coordinates":[121.46525,14.3169]},"properties":{"rain_mm_24h":0.09,"rain_mm_72h":1.35,"context_flag":"none","prone_score":0.986}},{"type":"Feature","geometry":{"type":"Point","coordinates":[120.76187,15.0095]},"properties":{"rain_mm_24h":0.0,"rain_mm_72h":2.44,"context_flag":"none","prone_score":0.993}},{"type":"Feature","geometry":{"type":"Point","coordinates":[120.27948,14.67533]},"properties":{"rain_mm_24h":2.58,"rain_mm_72h":16.53,"context_flag":"none","prone_score":0.986}},{"type":"Feature","geometry":{"type":"Point","coordinates":[120.74031,15.34906]},"properties":{"rain_mm_24h":0.24,"rain_mm_72h":4.24,"context_flag":"none","prone_score":0.972}},{"type":"Feature","geometry":{"type":"Point","coordinates":[121.16072,15.56735]},"properties":{"rain_mm_24h":0.35,"rain_mm_72h":5.92,"context_flag":"none","prone_score":0.989}},{"type":"Feature","geometry":{"type":"Point","coordinates":[120.85889,15.49459]},"properties":{"rain_mm_24h":0.0,"rain_mm_72h":9.92,"context_flag":"none","prone_score":0.991}},{"type":"Feature","geometry":{"type":"Point","coordinates":[120.81038,15.40027]},"properties":{"rain_mm_24h":0.0,"rain_mm_72h":9.92,"context_flag":"none","prone_score":0.989}},{"type":"Feature","geometry":{"type":"Point","coordinates":[120.98825,15.46764]},"properties":{"rain_mm_24h":0.0,"rain_mm_72h":5.6,"context_flag":"none","prone_score":0.881}},{"type":"Feature","geometry":{"type":"Point","coordinates":[120.81846,15.44608]},"properties":{"rain_mm_24h":0.0,"rain_mm_72h":9.92,"context_flag":"none","prone_score":0.988}},{"type":"Feature","geometry":{"type":"Point","coordinates":[120.94782,15.37332]},"properties":{"rain_mm_24h":0.0,"rain_mm_72h":4.11,"context_flag":"none","prone_score":0.996}},{"type":"Feature","geometry":{"type":"Point","coordinates":[120.86158,14.91518]},"properties":{"rain_mm_24h":0.0,"rain_mm_72h":1.51,"context_flag":"none","prone_score":0.951}},{"type":"Feature","geometry":{"type":"Point","coordinates":[120.76457,15.42183]},"properties":{"rain_mm_24h":0.54,"rain_mm_72h":10.72,"context_flag":"none","prone_score":0.956}},{"type":"Feature","geometry":{"type":"Point","coordinates":[120.16629,15.23588]},"properties":{"rain_mm_24h":0.84,"rain_mm_72h":18.6,"context_flag":"none","prone_score":0.954}},{"type":"Feature","geometry":{"type":"Point","coordinates":[120.75379,15.4892]},"properties":{"rain_mm_24h":0.54,"rain_mm_72h":10.72,"context_flag":"none","prone_score":0.981}},{"type":"Feature","geometry":{"type":"Point","coordinates":[121.34937,14.23605]},"properties":{"rain_mm_24h":0.0,"rain_mm_72h":0.85,"context_flag":"none","prone_score":0.99}},{"type":"Feature","geometry":{"type":"Point","coordinates":[120.75379,15.10113]},"properties":{"rain_mm_24h":0.0,"rain_mm_72h":3.02,"context_flag":"none","prone_score":0.979}},{"type":"Feature","geometry":{"type":"Point","coordinates":[120.9047,15.1146]},"properties":{"rain_mm_24h":0.0,"rain_mm_72h":0.74,"context_flag":"none","prone_score":0.991}},{"type":"Feature","geometry":{"type":"Point","coordinates":[120.73492,14.92596]},"properties":{"rain_mm_24h":0.0,"rain_mm_72h":1.86,"context_flag":"none","prone_score":0.998}},{"type":"Feature","geometry":{"type":"Point","coordinates":[120.78613,15.21971]},"properties":{"rain_mm_24h":0.12,"rain_mm_72h":2.67,"context_flag":"none","prone_score":0.992}},{"type":"Feature","geometry":{"type":"Point","coordinates":[120.10969,15.26283]},"properties":{"rain_mm_24h":0.84,"rain_mm_72h":18.6,"context_flag":"none","prone_score":0.958}},{"type":"Feature","geometry":{"type":"Point","coordinates":[120.88584,15.04184]},"properties":{"rain_mm_24h":0.0,"rain_mm_72h":2.33,"context_flag":"none","prone_score":0.969}},{"type":"Feature","geometry":{"type":"Point","coordinates":[121.33859,14.40853]},"properties":{"rain_mm_24h":0.0,"rain_mm_72h":2.33,"context_flag":"none","prone_score":0.896}},{"type":"Feature","geometry":{"type":"Point","coordinates":[121.25505,15.53771]},"properties":{"rain_mm_24h":0.12,"rain_mm_72h":4.26,"context_flag":"none","prone_score":0.882}},{"type":"Feature","geometry":{"type":"Point","coordinates":[120.65138,14.96638]},"properties":{"rain_mm_24h":0.0,"rain_mm_72h":2.62,"context_flag":"none","prone_score":0.99}},{"type":"Feature","geometry":{"type":"Point","coordinates":[120.76726,15.11191]},"properties":{"rain_mm_24h":0.0,"rain_mm_72h":3.02,"context_flag":"none","prone_score":0.994}},{"type":"Feature","geometry":{"type":"Point","coordinates":[120.79421,15.2251]},"properties":{"rain_mm_24h":0.12,"rain_mm_72h":2.67,"context_flag":"none","prone_score":0.992}},{"type":"Feature","geometry":{"type":"Point","coordinates":[121.0125,15.47842]},"properties":{"rain_mm_24h":0.12,"rain_mm_72h":4.77,"context_flag":"none","prone_score":0.994}},{"type":"Feature","geometry":{"type":"Point","coordinates":[120.76457,15.23588]},"properties":{"rain_mm_24h":0.12,"rain_mm_72h":2.67,"context_flag":"none","prone_score":0.99}},{"type":"Feature","geometry":{"type":"Point","coordinates":[120.75918,14.89901]},"properties":{"rain_mm_24h":0.0,"rain_mm_72h":1.91,"context_flag":"none","prone_score":0.997}},{"type":"Feature","geometry":{"type":"Point","coordinates":[120.72145,15.02837]},"properties":{"rain_mm_24h":0.0,"rain_mm_72h":2.44,"context_flag":"none","prone_score":0.996}},{"type":"Feature","geometry":{"type":"Point","coordinates":[120.28756,15.18737]},"properties":{"rain_mm_24h":0.48,"rain_mm_72h":14.93,"context_flag":"none","prone_score":0.549}},{"type":"Feature","geometry":{"type":"Point","coordinates":[121.28469,14.16598]},"properties":{"rain_mm_24h":0.0,"rain_mm_72h":4.66,"context_flag":"none","prone_score":0.988}},{"type":"Feature","geometry":{"type":"Point","coordinates":[121.2281,14.47321]},"properties":{"rain_mm_24h":0.0,"rain_mm_72h":5.12,"context_flag":"none","prone_score":0.988}},{"type":"Feature","geometry":{"type":"Point","coordinates":[120.75379,14.9556]},"properties":{"rain_mm_24h":0.0,"rain_mm_72h":1.86,"context_flag":"none","prone_score":0.975}},{"type":"Feature","geometry":{"type":"Point","coordinates":[120.77265,14.88553]},"properties":{"rain_mm_24h":0.0,"rain_mm_72h":1.91,"context_flag":"none","prone_score":0.996}},{"type":"Feature","geometry":{"type":"Point","coordinates":[120.75918,15.45417]},"properties":{"rain_mm_24h":0.54,"rain_mm_72h":10.72,"context_flag":"none","prone_score":0.984}},{"type":"Feature","geometry":{"type":"Point","coordinates":[120.80499,15.16042]},"properties":{"rain_mm_24h":0.0,"rain_mm_72h":1.6,"context_flag":"none","prone_score":0.991}},{"type":"Feature","geometry":{"type":"Point","coordinates":[121.05562,14.37619]},"properties":{"rain_mm_24h":0.0,"rain_mm_72h":9.88,"context_flag":"none","prone_score":0.95}},{"type":"Feature","geometry":{"type":"Point","coordinates":[120.74301,14.94213]},"properties":{"rain_mm_24h":0.0,"rain_mm_72h":1.86,"context_flag":"none","prone_score":0.997}},{"type":"Feature","geometry":{"type":"Point","coordinates":[121.32242,15.47842]},"properties":{"rain_mm_24h":0.11,"rain_mm_72h":2.28,"context_flag":"none","prone_score":0.983}},{"type":"Feature","geometry":{"type":"Point","coordinates":[120.76726,14.91248]},"properties":{"rain_mm_24h":0.0,"rain_mm_72h":1.86,"context_flag":"none","prone_score":0.958}},{"type":"Feature","geometry":{"type":"Point","coordinates":[120.82924,14.96638]},"properties":{"rain_mm_24h":0.0,"rain_mm_72h":1.51,"context_flag":"none","prone_score":0.966}},{"type":"Feature","geometry":{"type":"Point","coordinates":[120.72145,15.03915]},"properties":{"rain_mm_24h":0.0,"rain_mm_72h":2.44,"context_flag":"none","prone_score":0.984}},{"type":"Feature","geometry":{"type":"Point","coordinates":[120.80499,15.1685]},"properties":{"rain_mm_24h":0.0,"rain_mm_72h":1.6,"context_flag":"none","prone_score":0.994}},{"type":"Feature","geometry":{"type":"Point","coordinates":[120.75648,15.27091]},"properties":{"rain_mm_24h":0.12,"rain_mm_72h":2.67,"context_flag":"none","prone_score":0.967}},{"type":"Feature","geometry":{"type":"Point","coordinates":[120.73492,14.96369]},"properties":{"rain_mm_24h":0.0,"rain_mm_72h":1.86,"context_flag":"none","prone_score":0.998}},{"type":"Feature","geometry":{"type":"Point","coordinates":[121.30356,14.17407]},"properties":{"rain_mm_24h":0.0,"rain_mm_72h":3.21,"context_flag":"none","prone_score":0.983}},{"type":"Feature","geometry":{"type":"Point","coordinates":[120.61904,13.96656]},"properties":{"rain_mm_24h":0.16,"rain_mm_72h":1.06,"context_flag":"none","prone_score":0.995}},{"type":"Feature","geometry":{"type":"Point","coordinates":[120.88853,15.10652]},"properties":{"rain_mm_24h":0.0,"rain_mm_72h":1.6,"context_flag":"none","prone_score":0.995}},{"type":"Feature","geometry":{"type":"Point","coordinates":[120.82116,15.16042]},"properties":{"rain_mm_24h":0.0,"rain_mm_72h":1.6,"context_flag":"none","prone_score":0.99}},{"type":"Feature","geometry":{"type":"Point","coordinates":[120.73762,15.04993]},"properties":{"rain_mm_24h":0.0,"rain_mm_72h":2.44,"context_flag":"none","prone_score":0.997}},{"type":"Feature","geometry":{"type":"Point","coordinates":[120.73223,14.98255]},"properties":{"rain_mm_24h":0.0,"rain_mm_72h":1.86,"context_flag":"none","prone_score":0.932}},{"type":"Feature","geometry":{"type":"Point","coordinates":[121.34937,14.25222]},"properties":{"rain_mm_24h":0.0,"rain_mm_72h":0.85,"context_flag":"none","prone_score":0.98}},{"type":"Feature","geometry":{"type":"Point","coordinates":[120.75918,15.09035]},"properties":{"rain_mm_24h":0.0,"rain_mm_72h":2.44,"context_flag":"none","prone_score":0.96}},{"type":"Feature","geometry":{"type":"Point","coordinates":[120.85889,14.81277]},"properties":{"rain_mm_24h":0.0,"rain_mm_72h":1.38,"context_flag":"none","prone_score":0.995}},{"type":"Feature","geometry":{"type":"Point","coordinates":[121.32511,14.17407]},"properties":{"rain_mm_24h":0.0,"rain_mm_72h":3.21,"context_flag":"none","prone_score":0.988}},{"type":"Feature","geometry":{"type":"Point","coordinates":[120.73492,15.54041]},"properties":{"rain_mm_24h":1.1,"rain_mm_72h":11.4,"context_flag":"none","prone_score":0.985}},{"type":"Feature","geometry":{"type":"Point","coordinates":[120.77265,14.97177]},"properties":{"rain_mm_24h":0.0,"rain_mm_72h":1.86,"context_flag":"none","prone_score":0.971}},{"type":"Feature","geometry":{"type":"Point","coordinates":[120.72953,14.93135]},"properties":{"rain_mm_24h":0.0,"rain_mm_72h":1.86,"context_flag":"none","prone_score":0.985}},{"type":"Feature","geometry":{"type":"Point","coordinates":[120.75918,15.44339]},"properties":{"rain_mm_24h":0.54,"rain_mm_72h":10.72,"context_flag":"none","prone_score":0.984}},{"type":"Feature","geometry":{"type":"Point","coordinates":[120.06388,15.26013]},"properties":{"rain_mm_24h":0.0,"rain_mm_72h":22.03,"context_flag":"none","prone_score":0.987}},{"type":"Feature","geometry":{"type":"Point","coordinates":[120.99364,15.55388]},"properties":{"rain_mm_24h":0.0,"rain_mm_72h":9.33,"context_flag":"none","prone_score":0.956}},{"type":"Feature","geometry":{"type":"Point","coordinates":[120.77804,15.02567]},"properties":{"rain_mm_24h":0.0,"rain_mm_72h":2.44,"context_flag":"none","prone_score":0.97}},{"type":"Feature","geometry":{"type":"Point","coordinates":[120.75648,15.12808]},"properties":{"rain_mm_24h":0.0,"rain_mm_72h":3.02,"context_flag":"none","prone_score":0.993}},{"type":"Feature","geometry":{"type":"Point","coordinates":[120.75648,15.09035]},"properties":{"rain_mm_24h":0.0,"rain_mm_72h":2.44,"context_flag":"none","prone_score":0.99}},{"type":"Feature","geometry":{"type":"Point","coordinates":[120.69989,14.97716]},"properties":{"rain_mm_24h":0.0,"rain_mm_72h":2.62,"context_flag":"none","prone_score":0.977}},{"type":"Feature","geometry":{"type":"Point","coordinates":[120.80769,15.28439]},"properties":{"rain_mm_24h":0.0,"rain_mm_72h":2.88,"context_flag":"none","prone_score":0.994}},{"type":"Feature","geometry":{"type":"Point","coordinates":[120.71875,14.9556]},"properties":{"rain_mm_24h":0.0,"rain_mm_72h":1.86,"context_flag":"none","prone_score":0.981}},{"type":"Feature","geometry":{"type":"Point","coordinates":[121.31434,14.16329]},"properties":{"rain_mm_24h":0.0,"rain_mm_72h":3.21,"context_flag":"none","prone_score":0.998}},{"type":"Feature","geometry":{"type":"Point","coordinates":[120.9047,15.26283]},"properties":{"rain_mm_24h":0.0,"rain_mm_72h":2.46,"context_flag":"none","prone_score":0.989}},{"type":"Feature","geometry":{"type":"Point","coordinates":[120.95052,14.69419]},"properties":{"rain_mm_24h":1.58,"rain_mm_72h":3.55,"context_flag":"none","prone_score":0.974}},{"type":"Feature","geometry":{"type":"Point","coordinates":[121.37093,14.263]},"properties":{"rain_mm_24h":0.0,"rain_mm_72h":0.85,"context_flag":"none","prone_score":0.989}},{"type":"Feature","geometry":{"type":"Point","coordinates":[120.73762,14.98525]},"properties":{"rain_mm_24h":0.0,"rain_mm_72h":1.86,"context_flag":"none","prone_score":0.991}},{"type":"Feature","geometry":{"type":"Point","coordinates":[120.96669,14.46243]},"properties":{"rain_mm_24h":0.37,"rain_mm_72h":9.58,"context_flag":"none","prone_score":0.996}},{"type":"Feature","geometry":{"type":"Point","coordinates":[121.18767,14.17407]},"properties":{"rain_mm_24h":0.0,"rain_mm_72h":3.78,"context_flag":"none","prone_score":0.613}},{"type":"Feature","geometry":{"type":"Point","coordinates":[120.77265,15.59969]},"properties":{"rain_mm_24h":1.1,"rain_mm_72h":11.4,"context_flag":"none","prone_score":0.985}},{"type":"Feature","geometry":{"type":"Point","coordinates":[120.76726,14.92596]},"properties":{"rain_mm_24h":0.0,"rain_mm_72h":1.86,"context_flag":"none","prone_score":0.983}},{"type":"Feature","geometry":{"type":"Point","coordinates":[120.75918,14.98794]},"properties":{"rain_mm_24h":0.0,"rain_mm_72h":1.86,"context_flag":"none","prone_score":0.971}},{"type":"Feature","geometry":{"type":"Point","coordinates":[120.78343,14.86128]},"properties":{"rain_mm_24h":0.0,"rain_mm_72h":1.91,"context_flag":"none","prone_score":0.991}},{"type":"Feature","geometry":{"type":"Point","coordinates":[120.76187,14.97177]},"properties":{"rain_mm_24h":0.0,"rain_mm_72h":1.86,"context_flag":"none","prone_score":0.998}},{"type":"Feature","geometry":{"type":"Point","coordinates":[121.40057,15.24666]},"properties":{"rain_mm_24h":0.76,"rain_mm_72h":2.9,"context_flag":"none","prone_score":0.758}},{"type":"Feature","geometry":{"type":"Point","coordinates":[120.58131,14.92326]},"properties":{"rain_mm_24h":0.2,"rain_mm_72h":8.55,"context_flag":"none","prone_score":0.997}},{"type":"Feature","geometry":{"type":"Point","coordinates":[120.72414,15.03376]},"properties":{"rain_mm_24h":0.0,"rain_mm_72h":2.44,"context_flag":"none","prone_score":0.995}},{"type":"Feature","geometry":{"type":"Point","coordinates":[121.13377,14.52711]},"properties":{"rain_mm_24h":0.81,"rain_mm_72h":7.81,"context_flag":"none","prone_score":0.98}},{"type":"Feature","geometry":{"type":"Point","coordinates":[120.76726,15.11999]},"properties":{"rain_mm_24h":0.0,"rain_mm_72h":3.02,"context_flag":"none","prone_score":0.996}},{"type":"Feature","geometry":{"type":"Point","coordinates":[120.89931,15.07148]},"properties":{"rain_mm_24h":0.0,"rain_mm_72h":2.33,"context_flag":"none","prone_score":0.987}},{"type":"Feature","geometry":{"type":"Point","coordinates":[120.77535,15.28169]},"properties":{"rain_mm_24h":0.12,"rain_mm_72h":2.67,"context_flag":"none","prone_score":0.968}},{"type":"Feature","geometry":{"type":"Point","coordinates":[120.92626,15.21971]},"properties":{"rain_mm_24h":0.0,"rain_mm_72h":2.46,"context_flag":"none","prone_score":0.982}},{"type":"Feature","geometry":{"type":"Point","coordinates":[120.73223,15.07418]},"properties":{"rain_mm_24h":0.0,"rain_mm_72h":2.44,"context_flag":"none","prone_score":0.993}},{"type":"Feature","geometry":{"type":"Point","coordinates":[120.76457,15.4353]},"properties":{"rain_mm_24h":0.54,"rain_mm_72h":10.72,"context_flag":"none","prone_score":0.986}},{"type":"Feature","geometry":{"type":"Point","coordinates":[120.76187,15.03106]},"properties":{"rain_mm_24h":0.0,"rain_mm_72h":2.44,"context_flag":"none","prone_score":0.994}},{"type":"Feature","geometry":{"type":"Point","coordinates":[120.99633,15.02028]},"properties":{"rain_mm_24h":0.0,"rain_mm_72h":1.36,"context_flag":"none","prone_score":0.789}},{"type":"Feature","geometry":{"type":"Point","coordinates":[120.75648,14.98794]},"properties":{"rain_mm_24h":0.0,"rain_mm_72h":1.86,"context_flag":"none","prone_score":0.991}},{"type":"Feature","geometry":{"type":"Point","coordinates":[120.584,14.91787]},"properties":{"rain_mm_24h":0.2,"rain_mm_72h":8.55,"context_flag":"none","prone_score":0.997}},{"type":"Feature","geometry":{"type":"Point","coordinates":[121.28739,14.16868]},"properties":{"rain_mm_24h":0.0,"rain_mm_72h":4.66,"context_flag":"none","prone_score":0.992}},{"type":"Feature","geometry":{"type":"Point","coordinates":[121.32242,14.17676]},"properties":{"rain_mm_24h":0.0,"rain_mm_72h":3.21,"context_flag":"none","prone_score":0.982}},{"type":"Feature","geometry":{"type":"Point","coordinates":[120.7996,15.46225]},"properties":{"rain_mm_24h":0.54,"rain_mm_72h":10.72,"context_flag":"none","prone_score":0.994}},{"type":"Feature","geometry":{"type":"Point","coordinates":[120.78882,15.40566]},"properties":{"rain_mm_24h":0.54,"rain_mm_72h":10.72,"context_flag":"none","prone_score":0.991}},{"type":"Feature","geometry":{"type":"Point","coordinates":[120.79152,15.44608]},"properties":{"rain_mm_24h":0.54,"rain_mm_72h":10.72,"context_flag":"none","prone_score":0.875}},{"type":"Feature","geometry":{"type":"Point","coordinates":[120.70528,14.97447]},"properties":{"rain_mm_24h":0.0,"rain_mm_72h":1.86,"context_flag":"none","prone_score":0.991}},{"type":"Feature","geometry":{"type":"Point","coordinates":[120.13125,15.25474]},"properties":{"rain_mm_24h":0.84,"rain_mm_72h":18.6,"context_flag":"none","prone_score":0.962}},{"type":"Feature","geometry":{"type":"Point","coordinates":[120.76187,14.97986]},"properties":{"rain_mm_24h":0.0,"rain_mm_72h":1.86,"context_flag":"none","prone_score":0.996}},{"type":"Feature","geometry":{"type":"Point","coordinates":[120.75109,15.05262]},"properties":{"rain_mm_24h":0.0,"rain_mm_72h":2.44,"context_flag":"none","prone_score":0.994}},{"type":"Feature","geometry":{"type":"Point","coordinates":[120.8508,15.49998]},"properties":{"rain_mm_24h":0.0,"rain_mm_72h":9.92,"context_flag":"none","prone_score":0.955}},{"type":"Feature","geometry":{"type":"Point","coordinates":[120.83194,14.96099]},"properties":{"rain_mm_24h":0.0,"rain_mm_72h":1.51,"context_flag":"none","prone_score":0.992}},{"type":"Feature","geometry":{"type":"Point","coordinates":[120.75379,14.96369]},"properties":{"rain_mm_24h":0.0,"rain_mm_72h":1.86,"context_flag":"none","prone_score":0.991}},{"type":"Feature","geometry":{"type":"Point","coordinates":[121.19576,15.58891]},"properties":{"rain_mm_24h":0.35,"rain_mm_72h":5.92,"context_flag":"none","prone_score":0.964}},{"type":"Feature","geometry":{"type":"Point","coordinates":[120.77535,14.99872]},"properties":{"rain_mm_24h":0.0,"rain_mm_72h":1.86,"context_flag":"none","prone_score":0.995}},{"type":"Feature","geometry":{"type":"Point","coordinates":[120.95321,14.74809]},"properties":{"rain_mm_24h":0.61,"rain_mm_72h":2.16,"context_flag":"none","prone_score":0.996}},{"type":"Feature","geometry":{"type":"Point","coordinates":[120.76187,15.24935]},"properties":{"rain_mm_24h":0.12,"rain_mm_72h":2.67,"context_flag":"none","prone_score":0.96}},{"type":"Feature","geometry":{"type":"Point","coordinates":[120.76996,15.28708]},"properties":{"rain_mm_24h":0.12,"rain_mm_72h":2.67,"context_flag":"none","prone_score":0.973}},{"type":"Feature","geometry":{"type":"Point","coordinates":[121.31164,14.17137]},"properties":{"rain_mm_24h":0.0,"rain_mm_72h":3.21,"context_flag":"none","prone_score":0.992}},{"type":"Feature","geometry":{"type":"Point","coordinates":[120.93974,15.21162]},"properties":{"rain_mm_24h":0.0,"rain_mm_72h":2.46,"context_flag":"none","prone_score":0.974}},{"type":"Feature","geometry":{"type":"Point","coordinates":[120.93974,15.16311]},"properties":{"rain_mm_24h":0.0,"rain_mm_72h":0.74,"context_flag":"none","prone_score":0.991}},{"type":"Feature","geometry":{"type":"Point","coordinates":[120.77535,15.00142]},"properties":{"rain_mm_24h":0.0,"rain_mm_72h":2.44,"context_flag":"none","prone_score":0.974}},{"type":"Feature","geometry":{"type":"Point","coordinates":[120.74301,15.1173]},"properties":{"rain_mm_24h":0.0,"rain_mm_72h":3.02,"context_flag":"none","prone_score":0.988}},{"type":"Feature","geometry":{"type":"Point","coordinates":[120.81846,14.91248]},"properties":{"rain_mm_24h":0.0,"rain_mm_72h":1.51,"context_flag":"none","prone_score":0.997}},{"type":"Feature","geometry":{"type":"Point","coordinates":[120.91548,15.44878]},"properties":{"rain_mm_24h":0.0,"rain_mm_72h":5.6,"context_flag":"none","prone_score":0.988}},{"type":"Feature","geometry":{"type":"Point","coordinates":[120.53011,14.8478]},"properties":{"rain_mm_24h":0.09,"rain_mm_72h":6.31,"context_flag":"none","prone_score":0.987}},{"type":"Feature","geometry":{"type":"Point","coordinates":[120.84272,14.9583]},"properties":{"rain_mm_24h":0.0,"rain_mm_72h":1.51,"context_flag":"none","prone_score":0.974}},{"type":"Feature","geometry":{"type":"Point","coordinates":[120.88045,15.04993]},"properties":{"rain_mm_24h":0.0,"rain_mm_72h":2.33,"context_flag":"none","prone_score":0.995}},{"type":"Feature","geometry":{"type":"Point","coordinates":[120.70528,15.57005]},"properties":{"rain_mm_24h":1.1,"rain_mm_72h":11.4,"context_flag":"none","prone_score":0.984}},{"type":"Feature","geometry":{"type":"Point","coordinates":[120.73223,15.04454]},"properties":{"rain_mm_24h":0.0,"rain_mm_72h":2.44,"context_flag":"none","prone_score":0.997}},{"type":"Feature","geometry":{"type":"Point","coordinates":[120.70797,14.97986]},"properties":{"rain_mm_24h":0.0,"rain_mm_72h":1.86,"context_flag":"none","prone_score":0.977}},{"type":"Feature","geometry":{"type":"Point","coordinates":[120.83733,15.30864]},"properties":{"rain_mm_24h":0.0,"rain_mm_72h":3.78,"context_flag":"none","prone_score":0.993}},{"type":"Feature","geometry":{"type":"Point","coordinates":[120.73492,15.09035]},"properties":{"rain_mm_24h":0.0,"rain_mm_72h":2.44,"context_flag":"none","prone_score":0.978}},{"type":"Feature","geometry":{"type":"Point","coordinates":[120.88314,14.87745]},"properties":{"rain_mm_24h":0.0,"rain_mm_72h":1.38,"context_flag":"none","prone_score":0.973}},{"type":"Feature","geometry":{"type":"Point","coordinates":[120.80769,15.08765]},"properties":{"rain_mm_24h":0.0,"rain_mm_72h":2.33,"context_flag":"none","prone_score":0.992}},{"type":"Feature","geometry":{"type":"Point","coordinates":[120.98555,15.42183]},"properties":{"rain_mm_24h":0.0,"rain_mm_72h":5.6,"context_flag":"none","prone_score":0.989}},{"type":"Feature","geometry":{"type":"Point","coordinates":[120.72414,15.05801]},"properties":{"rain_mm_24h":0.0,"rain_mm_72h":2.44,"context_flag":"none","prone_score":0.998}},{"type":"Feature","geometry":{"type":"Point","coordinates":[120.97208,14.95021]},"properties":{"rain_mm_24h":0.0,"rain_mm_72h":0.9,"context_flag":"none","prone_score":0.773}},{"type":"Feature","geometry":{"type":"Point","coordinates":[120.75379,15.35176]},"properties":{"rain_mm_24h":0.24,"rain_mm_72h":4.24,"context_flag":"none","prone_score":0.983}},{"type":"Feature","geometry":{"type":"Point","coordinates":[120.77804,14.88284]},"properties":{"rain_mm_24h":0.0,"rain_mm_72h":1.91,"context_flag":"none","prone_score":0.995}},{"type":"Feature","geometry":{"type":"Point","coordinates":[121.16072,14.26839]},"properties":{"rain_mm_24h":0.0,"rain_mm_72h":1.94,"context_flag":"none","prone_score":0.879}},{"type":"Feature","geometry":{"type":"Point","coordinates":[120.80499,15.11999]},"properties":{"rain_mm_24h":0.0,"rain_mm_72h":1.6,"context_flag":"none","prone_score":0.992}},{"type":"Feature","geometry":{"type":"Point","coordinates":[121.31703,13.92344]},"properties":{"rain_mm_24h":0.01,"rain_mm_72h":1.24,"context_flag":"none","prone_score":0.988}},{"type":"Feature","geometry":{"type":"Point","coordinates":[121.34128,14.23336]},"properties":{"rain_mm_24h":0.0,"rain_mm_72h":0.85,"context_flag":"none","prone_score":0.988}},{"type":"Feature","geometry":{"type":"Point","coordinates":[121.00172,15.37871]},"properties":{"rain_mm_24h":0.0,"rain_mm_72h":3.04,"context_flag":"none","prone_score":0.994}},{"type":"Feature","geometry":{"type":"Point","coordinates":[120.91009,15.14155]},"properties":{"rain_mm_24h":0.0,"rain_mm_72h":0.74,"context_flag":"none","prone_score":0.963}},{"type":"Feature","geometry":{"type":"Point","coordinates":[120.75918,14.96908]},"properties":{"rain_mm_24h":0.0,"rain_mm_72h":1.86,"context_flag":"none","prone_score":0.991}},{"type":"Feature","geometry":{"type":"Point","coordinates":[120.9047,15.21432]},"properties":{"rain_mm_24h":0.0,"rain_mm_72h":2.46,"context_flag":"none","prone_score":0.993}},{"type":"Feature","geometry":{"type":"Point","coordinates":[120.72414,14.88823]},"properties":{"rain_mm_24h":0.0,"rain_mm_72h":1.91,"context_flag":"none","prone_score":0.994}},{"type":"Feature","geometry":{"type":"Point","coordinates":[120.75648,15.35984]},"properties":{"rain_mm_24h":0.24,"rain_mm_72h":4.24,"context_flag":"none","prone_score":0.986}},{"type":"Feature","geometry":{"type":"Point","coordinates":[120.75109,15.24935]},"properties":{"rain_mm_24h":0.12,"rain_mm_72h":2.67,"context_flag":"none","prone_score":0.985}},{"type":"Feature","geometry":{"type":"Point","coordinates":[120.95321,15.37332]},"properties":{"rain_mm_24h":0.0,"rain_mm_72h":4.11,"context_flag":"none","prone_score":0.995}},{"type":"Feature","geometry":{"type":"Point","coordinates":[120.78343,15.03106]},"properties":{"rain_mm_24h":0.0,"rain_mm_72h":2.44,"context_flag":"none","prone_score":0.982}},{"type":"Feature","geometry":{"type":"Point","coordinates":[120.71067,15.43261]},"properties":{"rain_mm_24h":0.54,"rain_mm_72h":10.72,"context_flag":"none","prone_score":0.958}},{"type":"Feature","geometry":{"type":"Point","coordinates":[120.76726,14.92057]},"properties":{"rain_mm_24h":0.0,"rain_mm_72h":1.86,"context_flag":"none","prone_score":0.976}},{"type":"Feature","geometry":{"type":"Point","coordinates":[121.08796,14.34924]},"properties":{"rain_mm_24h":0.0,"rain_mm_72h":9.88,"context_flag":"none","prone_score":0.913}},{"type":"Feature","geometry":{"type":"Point","coordinates":[120.76457,14.89362]},"properties":{"rain_mm_24h":0.0,"rain_mm_72h":1.91,"context_flag":"none","prone_score":0.973}},{"type":"Feature","geometry":{"type":"Point","coordinates":[120.98555,15.29247]},"properties":{"rain_mm_24h":0.0,"rain_mm_72h":2.46,"context_flag":"none","prone_score":0.982}},{"type":"Feature","geometry":{"type":"Point","coordinates":[120.78074,15.23588]},"properties":{"rain_mm_24h":0.12,"rain_mm_72h":2.67,"context_flag":"none","prone_score":0.995}},{"type":"Feature","geometry":{"type":"Point","coordinates":[121.35745,14.18485]},"properties":{"rain_mm_24h":0.0,"rain_mm_72h":3.21,"context_flag":"none","prone_score":0.988}},{"type":"Feature","geometry":{"type":"Point","coordinates":[120.8023,15.279]},"properties":{"rain_mm_24h":0.0,"rain_mm_72h":2.88,"context_flag":"none","prone_score":0.99}},{"type":"Feature","geometry":{"type":"Point","coordinates":[120.72684,15.02028]},"properties":{"rain_mm_24h":0.0,"rain_mm_72h":2.44,"context_flag":"none","prone_score":0.994}},{"type":"Feature","geometry":{"type":"Point","coordinates":[120.96938,15.46495]},"properties":{"rain_mm_24h":0.0,"rain_mm_72h":5.6,"context_flag":"none","prone_score":0.984}},{"type":"Feature","geometry":{"type":"Point","coordinates":[120.82924,14.91787]},"properties":{"rain_mm_24h":0.0,"rain_mm_72h":1.51,"context_flag":"none","prone_score":0.994}},{"type":"Feature","geometry":{"type":"Point","coordinates":[120.70528,15.00142]},"properties":{"rain_mm_24h":0.0,"rain_mm_72h":2.44,"context_flag":"none","prone_score":0.991}},{"type":"Feature","geometry":{"type":"Point","coordinates":[120.81038,15.15503]},"properties":{"rain_mm_24h":0.0,"rain_mm_72h":1.6,"context_flag":"none","prone_score":0.994}},{"type":"Feature","geometry":{"type":"Point","coordinates":[121.1176,14.6376]},"properties":{"rain_mm_24h":2.26,"rain_mm_72h":7.15,"context_flag":"none","prone_score":0.769}},{"type":"Feature","geometry":{"type":"Point","coordinates":[120.7457,15.04993]},"properties":{"rain_mm_24h":0.0,"rain_mm_72h":2.44,"context_flag":"none","prone_score":0.997}},{"type":"Feature","geometry":{"type":"Point","coordinates":[121.39788,14.24144]},"properties":{"rain_mm_24h":0.0,"rain_mm_72h":0.85,"context_flag":"none","prone_score":0.984}},{"type":"Feature","geometry":{"type":"Point","coordinates":[120.05849,15.03915]},"properties":{"rain_mm_24h":1.15,"rain_mm_72h":39.52,"context_flag":"none","prone_score":0.99}},{"type":"Feature","geometry":{"type":"Point","coordinates":[120.71336,15.53232]},"properties":{"rain_mm_24h":1.1,"rain_mm_72h":11.4,"context_flag":"none","prone_score":0.984}},{"type":"Feature","geometry":{"type":"Point","coordinates":[120.7457,14.96638]},"properties":{"rain_mm_24h":0.0,"rain_mm_72h":1.86,"context_flag":"none","prone_score":0.995}},{"type":"Feature","geometry":{"type":"Point","coordinates":[120.69719,14.99603]},"properties":{"rain_mm_24h":0.0,"rain_mm_72h":2.62,"context_flag":"none","prone_score":0.987}},{"type":"Feature","geometry":{"type":"Point","coordinates":[120.99364,15.47303]},"properties":{"rain_mm_24h":0.0,"rain_mm_72h":5.6,"context_flag":"none","prone_score":0.992}},{"type":"Feature","geometry":{"type":"Point","coordinates":[120.88584,14.80199]},"properties":{"rain_mm_24h":0.0,"rain_mm_72h":1.38,"context_flag":"none","prone_score":0.998}},{"type":"Feature","geometry":{"type":"Point","coordinates":[121.32511,14.07435]},"properties":{"rain_mm_24h":0.01,"rain_mm_72h":1.51,"context_flag":"none","prone_score":0.79}},{"type":"Feature","geometry":{"type":"Point","coordinates":[120.73223,14.96099]},"properties":{"rain_mm_24h":0.0,"rain_mm_72h":1.86,"context_flag":"none","prone_score":0.977}},{"type":"Feature","geometry":{"type":"Point","coordinates":[121.0125,15.49459]},"properties":{"rain_mm_24h":0.12,"rain_mm_72h":4.77,"context_flag":"none","prone_score":0.987}},{"type":"Feature","geometry":{"type":"Point","coordinates":[120.89662,15.02298]},"properties":{"rain_mm_24h":0.0,"rain_mm_72h":2.33,"context_flag":"none","prone_score":0.993}},{"type":"Feature","geometry":{"type":"Point","coordinates":[121.30086,14.17137]},"properties":{"rain_mm_24h":0.0,"rain_mm_72h":3.21,"context_flag":"none","prone_score":0.981}},{"type":"Feature","geometry":{"type":"Point","coordinates":[120.75648,15.05262]},"properties":{"rain_mm_24h":0.0,"rain_mm_72h":2.44,"context_flag":"none","prone_score":0.962}},{"type":"Feature","geometry":{"type":"Point","coordinates":[120.92087,15.12808]},"properties":{"rain_mm_24h":0.0,"rain_mm_72h":0.74,"context_flag":"none","prone_score":0.958}},{"type":"Feature","geometry":{"type":"Point","coordinates":[120.9047,15.12808]},"properties":{"rain_mm_24h":0.0,"rain_mm_72h":0.74,"context_flag":"none","prone_score":0.987}},{"type":"Feature","geometry":{"type":"Point","coordinates":[120.80499,15.15503]},"properties":{"rain_mm_24h":0.0,"rain_mm_72h":1.6,"context_flag":"none","prone_score":0.996}},{"type":"Feature","geometry":{"type":"Point","coordinates":[121.08526,14.59178]},"properties":{"rain_mm_24h":0.5,"rain_mm_72h":4.95,"context_flag":"none","prone_score":0.671}},{"type":"Feature","geometry":{"type":"Point","coordinates":[121.1176,14.55136]},"properties":{"rain_mm_24h":0.81,"rain_mm_72h":7.81,"context_flag":"none","prone_score":0.997}},{"type":"Feature","geometry":{"type":"Point","coordinates":[120.5867,14.91787]},"properties":{"rain_mm_24h":0.2,"rain_mm_72h":8.55,"context_flag":"none","prone_score":0.998}},{"type":"Feature","geometry":{"type":"Point","coordinates":[121.14725,14.28187]},"properties":{"rain_mm_24h":0.0,"rain_mm_72h":1.94,"context_flag":"none","prone_score":0.996}},{"type":"Feature","geometry":{"type":"Point","coordinates":[120.76996,15.13347]},"properties":{"rain_mm_24h":0.0,"rain_mm_72h":3.02,"context_flag":"none","prone_score":0.989}},{"type":"Feature","geometry":{"type":"Point","coordinates":[120.97208,15.37332]},"properties":{"rain_mm_24h":0.0,"rain_mm_72h":4.11,"context_flag":"none","prone_score":0.982}},{"type":"Feature","geometry":{"type":"Point","coordinates":[120.75918,14.90979]},"properties":{"rain_mm_24h":0.0,"rain_mm_72h":1.86,"context_flag":"none","prone_score":0.997}},{"type":"Feature","geometry":{"type":"Point","coordinates":[120.77804,15.28169]},"properties":{"rain_mm_24h":0.12,"rain_mm_72h":2.67,"context_flag":"none","prone_score":0.984}},{"type":"Feature","geometry":{"type":"Point","coordinates":[120.72145,15.05532]},"properties":{"rain_mm_24h":0.0,"rain_mm_72h":2.44,"context_flag":"none","prone_score":0.998}},{"type":"Feature","geometry":{"type":"Point","coordinates":[120.83733,15.16042]},"properties":{"rain_mm_24h":0.0,"rain_mm_72h":1.6,"context_flag":"none","prone_score":0.996}},{"type":"Feature","geometry":{"type":"Point","coordinates":[120.74301,15.05532]},"properties":{"rain_mm_24h":0.0,"rain_mm_72h":2.44,"context_flag":"none","prone_score":0.994}},{"type":"Feature","geometry":{"type":"Point","coordinates":[120.73492,14.93135]},"properties":{"rain_mm_24h":0.0,"rain_mm_72h":1.86,"context_flag":"none","prone_score":0.983}},{"type":"Feature","geometry":{"type":"Point","coordinates":[121.12299,14.54867]},"properties":{"rain_mm_24h":0.81,"rain_mm_72h":7.81,"context_flag":"none","prone_score":0.95}},{"type":"Feature","geometry":{"type":"Point","coordinates":[120.76187,15.46495]},"properties":{"rain_mm_24h":0.54,"rain_mm_72h":10.72,"context_flag":"none","prone_score":0.994}},{"type":"Feature","geometry":{"type":"Point","coordinates":[120.77265,14.98525]},"properties":{"rain_mm_24h":0.0,"rain_mm_72h":1.86,"context_flag":"none","prone_score":0.991}},{"type":"Feature","geometry":{"type":"Point","coordinates":[120.83463,15.29786]},"properties":{"rain_mm_24h":0.0,"rain_mm_72h":2.88,"context_flag":"none","prone_score":0.963}},{"type":"Feature","geometry":{"type":"Point","coordinates":[120.73223,15.02028]},"properties":{"rain_mm_24h":0.0,"rain_mm_72h":2.44,"context_flag":"none","prone_score":0.972}},{"type":"Feature","geometry":{"type":"Point","coordinates":[120.78074,15.23318]},"properties":{"rain_mm_24h":0.12,"rain_mm_72h":2.67,"context_flag":"none","prone_score":0.994}},{"type":"Feature","geometry":{"type":"Point","coordinates":[120.85619,14.92596]},"properties":{"rain_mm_24h":0.0,"rain_mm_72h":1.51,"context_flag":"none","prone_score":0.984}},{"type":"Feature","geometry":{"type":"Point","coordinates":[120.75109,14.93943]},"properties":{"rain_mm_24h":0.0,"rain_mm_72h":1.86,"context_flag":"none","prone_score":0.996}},{"type":"Feature","geometry":{"type":"Point","coordinates":[120.76726,15.42722]},"properties":{"rain_mm_24h":0.54,"rain_mm_72h":10.72,"context_flag":"none","prone_score":0.986}},{"type":"Feature","geometry":{"type":"Point","coordinates":[121.19306,14.17676]},"properties":{"rain_mm_24h":0.0,"rain_mm_72h":3.78,"context_flag":"none","prone_score":0.807}},{"type":"Feature","geometry":{"type":"Point","coordinates":[121.08796,14.51902]},"properties":{"rain_mm_24h":0.5,"rain_mm_72h":4.95,"context_flag":"none","prone_score":0.981}},{"type":"Feature","geometry":{"type":"Point","coordinates":[120.19863,14.98525]},"properties":{"rain_mm_24h":2.31,"rain_mm_72h":18.28,"context_flag":"none","prone_score":0.989}},{"type":"Feature","geometry":{"type":"Point","coordinates":[120.84541,14.41122]},"properties":{"rain_mm_24h":0.0,"rain_mm_72h":7.26,"context_flag":"none","prone_score":0.903}},{"type":"Feature","geometry":{"type":"Point","coordinates":[120.75648,14.96638]},"properties":{"rain_mm_24h":0.0,"rain_mm_72h":1.86,"context_flag":"none","prone_score":0.994}},{"type":"Feature","geometry":{"type":"Point","coordinates":[121.1715,14.20371]},"properties":{"rain_mm_24h":0.0,"rain_mm_72h":1.94,"context_flag":"none","prone_score":0.983}},{"type":"Feature","geometry":{"type":"Point","coordinates":[120.80769,15.28708]},"properties":{"rain_mm_24h":0.0,"rain_mm_72h":2.88,"context_flag":"none","prone_score":0.994}},{"type":"Feature","geometry":{"type":"Point","coordinates":[120.84272,15.30056]},"properties":{"rain_mm_24h":0.0,"rain_mm_72h":3.78,"context_flag":"none","prone_score":0.95}},{"type":"Feature","geometry":{"type":"Point","coordinates":[120.76726,15.13347]},"properties":{"rain_mm_24h":0.0,"rain_mm_72h":3.02,"context_flag":"none","prone_score":0.992}},{"type":"Feature","geometry":{"type":"Point","coordinates":[120.72414,15.59161]},"properties":{"rain_mm_24h":1.1,"rain_mm_72h":11.4,"context_flag":"none","prone_score":0.981}},{"type":"Feature","geometry":{"type":"Point","coordinates":[120.79691,15.51076]},"properties":{"rain_mm_24h":1.1,"rain_mm_72h":11.4,"context_flag":"none","prone_score":0.99}},{"type":"Feature","geometry":{"type":"Point","coordinates":[120.82116,14.89362]},"properties":{"rain_mm_24h":0.0,"rain_mm_72h":1.38,"context_flag":"none","prone_score":0.992}},{"type":"Feature","geometry":{"type":"Point","coordinates":[120.79152,15.33289]},"properties":{"rain_mm_24h":0.24,"rain_mm_72h":4.24,"context_flag":"none","prone_score":0.993}},{"type":"Feature","geometry":{"type":"Point","coordinates":[120.56514,15.42991]},"properties":{"rain_mm_24h":5.43,"rain_mm_72h":16.67,"context_flag":"none","prone_score":0.977}},{"type":"Feature","geometry":{"type":"Point","coordinates":[121.44369,14.30882]},"properties":{"rain_mm_24h":0.09,"rain_mm_72h":1.35,"context_flag":"none","prone_score":0.991}},{"type":"Feature","geometry":{"type":"Point","coordinates":[120.76996,15.3302]},"properties":{"rain_mm_24h":0.24,"rain_mm_72h":4.24,"context_flag":"none","prone_score":0.918}},{"type":"Feature","geometry":{"type":"Point","coordinates":[120.81308,14.92326]},"properties":{"rain_mm_24h":0.0,"rain_mm_72h":1.51,"context_flag":"none","prone_score":0.993}},{"type":"Feature","geometry":{"type":"Point","coordinates":[121.08526,14.51633]},"properties":{"rain_mm_24h":0.5,"rain_mm_72h":4.95,"context_flag":"none","prone_score":0.992}},{"type":"Feature","geometry":{"type":"Point","coordinates":[120.16359,15.23318]},"properties":{"rain_mm_24h":0.84,"rain_mm_72h":18.6,"context_flag":"none","prone_score":0.959}},{"type":"Feature","geometry":{"type":"Point","coordinates":[121.08796,14.33576]},"properties":{"rain_mm_24h":0.0,"rain_mm_72h":9.88,"context_flag":"none","prone_score":0.66}},{"type":"Feature","geometry":{"type":"Point","coordinates":[121.47873,14.33307]},"properties":{"rain_mm_24h":0.09,"rain_mm_72h":1.35,"context_flag":"none","prone_score":0.984}},{"type":"Feature","geometry":{"type":"Point","coordinates":[120.84002,15.16042]},"properties":{"rain_mm_24h":0.0,"rain_mm_72h":1.6,"context_flag":"none","prone_score":0.994}},{"type":"Feature","geometry":{"type":"Point","coordinates":[120.76187,15.16042]},"properties":{"rain_mm_24h":0.0,"rain_mm_72h":3.02,"context_flag":"none","prone_score":0.994}},{"type":"Feature","geometry":{"type":"Point","coordinates":[121.40866,14.43817]},"properties":{"rain_mm_24h":0.0,"rain_mm_72h":1.91,"context_flag":"none","prone_score":0.998}},{"type":"Feature","geometry":{"type":"Point","coordinates":[121.282,14.1552]},"properties":{"rain_mm_24h":0.0,"rain_mm_72h":4.66,"context_flag":"none","prone_score":0.937}},{"type":"Feature","geometry":{"type":"Point","coordinates":[120.7484,14.91248]},"properties":{"rain_mm_24h":0.0,"rain_mm_72h":1.86,"context_flag":"none","prone_score":0.996}},{"type":"Feature","geometry":{"type":"Point","coordinates":[120.92896,15.15772]},"properties":{"rain_mm_24h":0.0,"rain_mm_72h":0.74,"context_flag":"none","prone_score":0.977}},{"type":"Feature","geometry":{"type":"Point","coordinates":[121.43291,14.41392]},"properties":{"rain_mm_24h":0.0,"rain_mm_72h":1.91,"context_flag":"none","prone_score":0.997}},{"type":"Feature","geometry":{"type":"Point","coordinates":[121.00981,15.46764]},"properties":{"rain_mm_24h":0.12,"rain_mm_72h":4.77,"context_flag":"none","prone_score":0.995}},{"type":"Feature","geometry":{"type":"Point","coordinates":[121.00172,15.46495]},"properties":{"rain_mm_24h":0.12,"rain_mm_72h":4.77,"context_flag":"none","prone_score":0.991}},{"type":"Feature","geometry":{"type":"Point","coordinates":[121.08796,14.5298]},"properties":{"rain_mm_24h":0.5,"rain_mm_72h":4.95,"context_flag":"none","prone_score":0.992}},{"type":"Feature","geometry":{"type":"Point","coordinates":[120.78074,14.92057]},"properties":{"rain_mm_24h":0.0,"rain_mm_72h":1.86,"context_flag":"none","prone_score":0.96}},{"type":"Feature","geometry":{"type":"Point","coordinates":[121.45447,14.28726]},"properties":{"rain_mm_24h":1.0,"rain_mm_72h":1.58,"context_flag":"none","prone_score":0.995}},{"type":"Feature","geometry":{"type":"Point","coordinates":[120.43848,14.8478]},"properties":{"rain_mm_24h":0.22,"rain_mm_72h":12.04,"context_flag":"none","prone_score":0.984}},{"type":"Feature","geometry":{"type":"Point","coordinates":[120.92357,15.10921]},"properties":{"rain_mm_24h":0.0,"rain_mm_72h":0.74,"context_flag":"none","prone_score":0.985}},{"type":"Feature","geometry":{"type":"Point","coordinates":[120.71606,15.02028]},"properties":{"rain_mm_24h":0.0,"rain_mm_72h":2.44,"context_flag":"none","prone_score":0.991}},{"type":"Feature","geometry":{"type":"Point","coordinates":[120.82924,15.16042]},"properties":{"rain_mm_24h":0.0,"rain_mm_72h":1.6,"context_flag":"none","prone_score":0.993}},{"type":"Feature","geometry":{"type":"Point","coordinates":[120.83194,15.17389]},"properties":{"rain_mm_24h":0.0,"rain_mm_72h":1.6,"context_flag":"none","prone_score":0.993}},{"type":"Feature","geometry":{"type":"Point","coordinates":[120.77804,15.47303]},"properties":{"rain_mm_24h":0.54,"rain_mm_72h":10.72,"context_flag":"none","prone_score":0.986}},{"type":"Feature","geometry":{"type":"Point","coordinates":[120.71875,15.57005]},"properties":{"rain_mm_24h":1.1,"rain_mm_72h":11.4,"context_flag":"none","prone_score":0.987}},{"type":"Feature","geometry":{"type":"Point","coordinates":[119.93452,15.58891]},"properties":{"rain_mm_24h":0.46,"rain_mm_72h":16.93,"context_flag":"none","prone_score":0.591}},{"type":"Feature","geometry":{"type":"Point","coordinates":[120.89662,15.0095]},"properties":{"rain_mm_24h":0.0,"rain_mm_72h":2.33,"context_flag":"none","prone_score":0.996}},{"type":"Feature","geometry":{"type":"Point","coordinates":[120.76457,14.92865]},"properties":{"rain_mm_24h":0.0,"rain_mm_72h":1.86,"context_flag":"none","prone_score":0.976}},{"type":"Feature","geometry":{"type":"Point","coordinates":[120.77804,15.26552]},"properties":{"rain_mm_24h":0.12,"rain_mm_72h":2.67,"context_flag":"none","prone_score":0.986}},{"type":"Feature","geometry":{"type":"Point","coordinates":[120.75648,14.86128]},"properties":{"rain_mm_24h":0.0,"rain_mm_72h":1.91,"context_flag":"none","prone_score":0.997}},{"type":"Feature","geometry":{"type":"Point","coordinates":[120.52202,14.93943]},"properties":{"rain_mm_24h":0.2,"rain_mm_72h":8.55,"context_flag":"none","prone_score":0.987}},{"type":"Feature","geometry":{"type":"Point","coordinates":[120.76187,14.97716]},"properties":{"rain_mm_24h":0.0,"rain_mm_72h":1.86,"context_flag":"none","prone_score":0.997}},{"type":"Feature","geometry":{"type":"Point","coordinates":[120.62173,15.50268]},"properties":{"rain_mm_24h":1.88,"rain_mm_72h":17.07,"context_flag":"none","prone_score":0.973}},{"type":"Feature","geometry":{"type":"Point","coordinates":[120.92626,14.99603]},"properties":{"rain_mm_24h":0.0,"rain_mm_72h":0.9,"context_flag":"none","prone_score":0.923}},{"type":"Feature","geometry":{"type":"Point","coordinates":[120.71067,14.99872]},"properties":{"rain_mm_24h":0.0,"rain_mm_72h":1.86,"context_flag":"none","prone_score":0.953}},{"type":"Feature","geometry":{"type":"Point","coordinates":[120.80499,15.279]},"properties":{"rain_mm_24h":0.0,"rain_mm_72h":2.88,"context_flag":"none","prone_score":0.996}},{"type":"Feature","geometry":{"type":"Point","coordinates":[120.75918,15.08226]},"properties":{"rain_mm_24h":0.0,"rain_mm_72h":2.44,"context_flag":"none","prone_score":0.977}},{"type":"Feature","geometry":{"type":"Point","coordinates":[120.55436,14.92865]},"properties":{"rain_mm_24h":0.2,"rain_mm_72h":8.55,"context_flag":"none","prone_score":0.988}},{"type":"Feature","geometry":{"type":"Point","coordinates":[120.72145,15.52963]},"properties":{"rain_mm_24h":1.1,"rain_mm_72h":11.4,"context_flag":"none","prone_score":0.987}},{"type":"Feature","geometry":{"type":"Point","coordinates":[120.77265,15.29786]},"properties":{"rain_mm_24h":0.12,"rain_mm_72h":2.67,"context_flag":"none","prone_score":0.952}},{"type":"Feature","geometry":{"type":"Point","coordinates":[120.85619,14.95291]},"properties":{"rain_mm_24h":0.0,"rain_mm_72h":1.51,"context_flag":"none","prone_score":0.986}},{"type":"Feature","geometry":{"type":"Point","coordinates":[120.76726,15.01489]},"properties":{"rain_mm_24h":0.0,"rain_mm_72h":2.44,"context_flag":"none","prone_score":0.991}},{"type":"Feature","geometry":{"type":"Point","coordinates":[120.81577,14.92326]},"properties":{"rain_mm_24h":0.0,"rain_mm_72h":1.51,"context_flag":"none","prone_score":0.989}},{"type":"Feature","geometry":{"type":"Point","coordinates":[121.24157,14.50555]},"properties":{"rain_mm_24h":0.02,"rain_mm_72h":5.06,"context_flag":"none","prone_score":0.994}},{"type":"Feature","geometry":{"type":"Point","coordinates":[120.91009,15.21971]},"properties":{"rain_mm_24h":0.0,"rain_mm_72h":2.46,"context_flag":"none","prone_score":0.995}},{"type":"Feature","geometry":{"type":"Point","coordinates":[120.74301,15.04993]},"properties":{"rain_mm_24h":0.0,"rain_mm_72h":2.44,"context_flag":"none","prone_score":0.998}},{"type":"Feature","geometry":{"type":"Point","coordinates":[120.78074,15.46225]},"properties":{"rain_mm_24h":0.54,"rain_mm_72h":10.72,"context_flag":"none","prone_score":0.995}},{"type":"Feature","geometry":{"type":"Point","coordinates":[120.77265,15.12538]},"properties":{"rain_mm_24h":0.0,"rain_mm_72h":3.02,"context_flag":"none","prone_score":0.97}},{"type":"Feature","geometry":{"type":"Point","coordinates":[120.92087,15.17928]},"properties":{"rain_mm_24h":0.0,"rain_mm_72h":0.74,"context_flag":"none","prone_score":0.996}},{"type":"Feature","geometry":{"type":"Point","coordinates":[121.43291,14.41661]},"properties":{"rain_mm_24h":0.0,"rain_mm_72h":1.91,"context_flag":"none","prone_score":0.997}},{"type":"Feature","geometry":{"type":"Point","coordinates":[120.76726,15.29247]},"properties":{"rain_mm_24h":0.12,"rain_mm_72h":2.67,"context_flag":"none","prone_score":0.972}},{"type":"Feature","geometry":{"type":"Point","coordinates":[121.29008,14.15251]},"properties":{"rain_mm_24h":0.0,"rain_mm_72h":4.66,"context_flag":"none","prone_score":0.986}},{"type":"Feature","geometry":{"type":"Point","coordinates":[120.9586,15.39757]},"properties":{"rain_mm_24h":0.0,"rain_mm_72h":4.11,"context_flag":"none","prone_score":0.993}},{"type":"Feature","geometry":{"type":"Point","coordinates":[120.8535,14.92865]},"properties":{"rain_mm_24h":0.0,"rain_mm_72h":1.51,"context_flag":"none","prone_score":0.984}},{"type":"Feature","geometry":{"type":"Point","coordinates":[120.73762,14.96638]},"properties":{"rain_mm_24h":0.0,"rain_mm_72h":1.86,"context_flag":"none","prone_score":0.997}},{"type":"Feature","geometry":{"type":"Point","coordinates":[119.8914,15.49459]},"properties":{"rain_mm_24h":0.41,"rain_mm_72h":36.08,"context_flag":"none","prone_score":0.966}},{"type":"Feature","geometry":{"type":"Point","coordinates":[120.77804,15.03915]},"properties":{"rain_mm_24h":0.0,"rain_mm_72h":2.44,"context_flag":"none","prone_score":0.995}},{"type":"Feature","geometry":{"type":"Point","coordinates":[120.79152,15.21971]},"properties":{"rain_mm_24h":0.12,"rain_mm_72h":2.67,"context_flag":"none","prone_score":0.977}},{"type":"Feature","geometry":{"type":"Point","coordinates":[120.93704,15.15772]},"properties":{"rain_mm_24h":0.0,"rain_mm_72h":0.74,"context_flag":"none","prone_score":0.984}},{"type":"Feature","geometry":{"type":"Point","coordinates":[120.19593,14.98525]},"properties":{"rain_mm_24h":2.31,"rain_mm_72h":18.28,"context_flag":"none","prone_score":0.992}},{"type":"Feature","geometry":{"type":"Point","coordinates":[120.76726,15.49729]},"properties":{"rain_mm_24h":0.54,"rain_mm_72h":10.72,"context_flag":"none","prone_score":0.991}},{"type":"Feature","geometry":{"type":"Point","coordinates":[120.92626,15.51076]},"properties":{"rain_mm_24h":0.0,"rain_mm_72h":9.33,"context_flag":"none","prone_score":0.965}},{"type":"Feature","geometry":{"type":"Point","coordinates":[120.85889,15.51076]},"properties":{"rain_mm_24h":0.26,"rain_mm_72h":10.65,"context_flag":"none","prone_score":0.975}},{"type":"Feature","geometry":{"type":"Point","coordinates":[119.96686,15.33559]},"properties":{"rain_mm_24h":0.18,"rain_mm_72h":29.47,"context_flag":"none","prone_score":0.549}},{"type":"Feature","geometry":{"type":"Point","coordinates":[120.73762,14.92326]},"properties":{"rain_mm_24h":0.0,"rain_mm_72h":1.86,"context_flag":"none","prone_score":0.982}},{"type":"Feature","geometry":{"type":"Point","coordinates":[120.01537,15.279]},"properties":{"rain_mm_24h":0.0,"rain_mm_72h":22.03,"context_flag":"none","prone_score":0.902}},{"type":"Feature","geometry":{"type":"Point","coordinates":[120.99364,15.46225]},"properties":{"rain_mm_24h":0.0,"rain_mm_72h":5.6,"context_flag":"none","prone_score":0.974}},{"type":"Feature","geometry":{"type":"Point","coordinates":[120.82924,15.45417]},"properties":{"rain_mm_24h":0.0,"rain_mm_72h":9.92,"context_flag":"none","prone_score":0.989}},{"type":"Feature","geometry":{"type":"Point","coordinates":[120.73762,14.88284]},"properties":{"rain_mm_24h":0.0,"rain_mm_72h":1.91,"context_flag":"none","prone_score":0.997}},{"type":"Feature","geometry":{"type":"Point","coordinates":[120.83463,15.0122]},"properties":{"rain_mm_24h":0.0,"rain_mm_72h":2.33,"context_flag":"none","prone_score":0.985}},{"type":"Feature","geometry":{"type":"Point","coordinates":[120.95591,15.37601]},"properties":{"rain_mm_24h":0.0,"rain_mm_72h":4.11,"context_flag":"none","prone_score":0.993}},{"type":"Feature","geometry":{"type":"Point","coordinates":[120.97747,15.279]},"properties":{"rain_mm_24h":0.0,"rain_mm_72h":2.46,"context_flag":"none","prone_score":0.991}},{"type":"Feature","geometry":{"type":"Point","coordinates":[120.75109,15.23857]},"properties":{"rain_mm_24h":0.12,"rain_mm_72h":2.67,"context_flag":"none","prone_score":0.985}},{"type":"Feature","geometry":{"type":"Point","coordinates":[120.70528,15.46495]},"properties":{"rain_mm_24h":0.54,"rain_mm_72h":10.72,"context_flag":"none","prone_score":0.979}},{"type":"Feature","geometry":{"type":"Point","coordinates":[120.72145,14.92596]},"properties":{"rain_mm_24h":0.0,"rain_mm_72h":1.86,"context_flag":"none","prone_score":0.992}},{"type":"Feature","geometry":{"type":"Point","coordinates":[120.81577,15.15503]},"properties":{"rain_mm_24h":0.0,"rain_mm_72h":1.6,"context_flag":"none","prone_score":0.984}},{"type":"Feature","geometry":{"type":"Point","coordinates":[120.93704,15.29517]},"properties":{"rain_mm_24h":0.0,"rain_mm_72h":2.46,"context_flag":"none","prone_score":0.966}},{"type":"Feature","geometry":{"type":"Point","coordinates":[120.83733,15.38949]},"properties":{"rain_mm_24h":0.0,"rain_mm_72h":3.78,"context_flag":"none","prone_score":0.993}},{"type":"Feature","geometry":{"type":"Point","coordinates":[120.584,14.92865]},"properties":{"rain_mm_24h":0.2,"rain_mm_72h":8.55,"context_flag":"none","prone_score":0.996}},{"type":"Feature","geometry":{"type":"Point","coordinates":[120.74031,14.96099]},"properties":{"rain_mm_24h":0.0,"rain_mm_72h":1.86,"context_flag":"none","prone_score":0.993}},{"type":"Feature","geometry":{"type":"Point","coordinates":[120.76996,14.97447]},"properties":{"rain_mm_24h":0.0,"rain_mm_72h":1.86,"context_flag":"none","prone_score":0.998}},{"type":"Feature","geometry":{"type":"Point","coordinates":[120.20132,14.98255]},"properties":{"rain_mm_24h":0.92,"rain_mm_72h":19.64,"context_flag":"none","prone_score":0.987}},{"type":"Feature","geometry":{"type":"Point","coordinates":[120.76996,15.279]},"properties":{"rain_mm_24h":0.12,"rain_mm_72h":2.67,"context_flag":"none","prone_score":0.969}},{"type":"Feature","geometry":{"type":"Point","coordinates":[120.92626,15.09843]},"properties":{"rain_mm_24h":0.0,"rain_mm_72h":1.36,"context_flag":"none","prone_score":0.971}},{"type":"Feature","geometry":{"type":"Point","coordinates":[120.72145,14.87745]},"properties":{"rain_mm_24h":0.0,"rain_mm_72h":1.91,"context_flag":"none","prone_score":0.996}},{"type":"Feature","geometry":{"type":"Point","coordinates":[120.89662,15.29786]},"properties":{"rain_mm_24h":0.0,"rain_mm_72h":2.88,"context_flag":"none","prone_score":0.974}},{"type":"Feature","geometry":{"type":"Point","coordinates":[120.85619,14.91518]},"properties":{"rain_mm_24h":0.0,"rain_mm_72h":1.51,"context_flag":"none","prone_score":0.989}},{"type":"Feature","geometry":{"type":"Point","coordinates":[120.76187,14.85319]},"properties":{"rain_mm_24h":0.0,"rain_mm_72h":1.91,"context_flag":"none","prone_score":0.995}},{"type":"Feature","geometry":{"type":"Point","coordinates":[120.02615,15.19815]},"properties":{"rain_mm_24h":0.53,"rain_mm_72h":27.26,"context_flag":"none","prone_score":0.859}},{"type":"Feature","geometry":{"type":"Point","coordinates":[120.13664,15.24935]},"properties":{"rain_mm_24h":0.84,"rain_mm_72h":18.6,"context_flag":"none","prone_score":0.97}},{"type":"Feature","geometry":{"type":"Point","coordinates":[120.81846,14.92057]},"properties":{"rain_mm_24h":0.0,"rain_mm_72h":1.51,"context_flag":"none","prone_score":0.981}},{"type":"Feature","geometry":{"type":"Point","coordinates":[120.7457,15.24935]},"properties":{"rain_mm_24h":0.12,"rain_mm_72h":2.67,"context_flag":"none","prone_score":0.971}},{"type":"Feature","geometry":{"type":"Point","coordinates":[121.30625,14.14981]},"properties":{"rain_mm_24h":0.0,"rain_mm_72h":3.21,"context_flag":"none","prone_score":0.984}},{"type":"Feature","geometry":{"type":"Point","coordinates":[120.78613,15.30325]},"properties":{"rain_mm_24h":0.24,"rain_mm_72h":4.24,"context_flag":"none","prone_score":0.987}},{"type":"Feature","geometry":{"type":"Point","coordinates":[120.74031,15.09574]},"properties":{"rain_mm_24h":0.0,"rain_mm_72h":2.44,"context_flag":"none","prone_score":0.988}},{"type":"Feature","geometry":{"type":"Point","coordinates":[120.61095,15.52963]},"properties":{"rain_mm_24h":1.88,"rain_mm_72h":17.07,"context_flag":"none","prone_score":0.976}},{"type":"Feature","geometry":{"type":"Point","coordinates":[120.91279,15.00411]},"properties":{"rain_mm_24h":0.0,"rain_mm_72h":1.36,"context_flag":"none","prone_score":0.995}},{"type":"Feature","geometry":{"type":"Point","coordinates":[120.76187,15.13077]},"properties":{"rain_mm_24h":0.0,"rain_mm_72h":3.02,"context_flag":"none","prone_score":0.994}},{"type":"Feature","geometry":{"type":"Point","coordinates":[120.86697,14.91787]},"properties":{"rain_mm_24h":0.0,"rain_mm_72h":1.51,"context_flag":"none","prone_score":0.994}},{"type":"Feature","geometry":{"type":"Point","coordinates":[121.0125,14.56214]},"properties":{"rain_mm_24h":0.5,"rain_mm_72h":4.95,"context_flag":"none","prone_score":0.888}},{"type":"Feature","geometry":{"type":"Point","coordinates":[120.74031,15.08226]},"properties":{"rain_mm_24h":0.0,"rain_mm_72h":2.44,"context_flag":"none","prone_score":0.996}},{"type":"Feature","geometry":{"type":"Point","coordinates":[120.87236,15.33828]},"properties":{"rain_mm_24h":0.0,"rain_mm_72h":3.78,"context_flag":"none","prone_score":0.992}},{"type":"Feature","geometry":{"type":"Point","coordinates":[120.88045,14.7993]},"properties":{"rain_mm_24h":0.0,"rain_mm_72h":1.34,"context_flag":"none","prone_score":0.996}},{"type":"Feature","geometry":{"type":"Point","coordinates":[121.40596,14.37349]},"properties":{"rain_mm_24h":0.09,"rain_mm_72h":1.35,"context_flag":"none","prone_score":0.923}},{"type":"Feature","geometry":{"type":"Point","coordinates":[120.78613,15.10113]},"properties":{"rain_mm_24h":0.0,"rain_mm_72h":3.02,"context_flag":"none","prone_score":0.994}},{"type":"Feature","geometry":{"type":"Point","coordinates":[120.73492,15.00681]},"properties":{"rain_mm_24h":0.0,"rain_mm_72h":2.44,"context_flag":"none","prone_score":0.993}},{"type":"Feature","geometry":{"type":"Point","coordinates":[120.7457,14.93943]},"properties":{"rain_mm_24h":0.0,"rain_mm_72h":1.86,"context_flag":"none","prone_score":0.991}},{"type":"Feature","geometry":{"type":"Point","coordinates":[120.88314,14.45434]},"properties":{"rain_mm_24h":0.0,"rain_mm_72h":7.26,"context_flag":"none","prone_score":0.986}},{"type":"Feature","geometry":{"type":"Point","coordinates":[120.70797,15.57813]},"properties":{"rain_mm_24h":1.1,"rain_mm_72h":11.4,"context_flag":"none","prone_score":0.993}},{"type":"Feature","geometry":{"type":"Point","coordinates":[120.15551,15.23318]},"properties":{"rain_mm_24h":0.84,"rain_mm_72h":18.6,"context_flag":"none","prone_score":0.988}},{"type":"Feature","geometry":{"type":"Point","coordinates":[120.584,14.58909]},"properties":{"rain_mm_24h":3.17,"rain_mm_72h":11.73,"context_flag":"none","prone_score":0.904}},{"type":"Feature","geometry":{"type":"Point","coordinates":[121.05832,15.44339]},"properties":{"rain_mm_24h":0.12,"rain_mm_72h":4.77,"context_flag":"none","prone_score":0.575}},{"type":"Feature","geometry":{"type":"Point","coordinates":[120.86697,14.79391]},"properties":{"rain_mm_24h":0.0,"rain_mm_72h":1.34,"context_flag":"none","prone_score":0.997}},{"type":"Feature","geometry":{"type":"Point","coordinates":[120.90201,15.12808]},"properties":{"rain_mm_24h":0.0,"rain_mm_72h":0.74,"context_flag":"none","prone_score":0.978}},{"type":"Feature","geometry":{"type":"Point","coordinates":[120.85889,15.00681]},"properties":{"rain_mm_24h":0.0,"rain_mm_72h":2.33,"context_flag":"none","prone_score":0.991}},{"type":"Feature","geometry":{"type":"Point","coordinates":[120.82924,14.92865]},"properties":{"rain_mm_24h":0.0,"rain_mm_72h":1.51,"context_flag":"none","prone_score":0.993}},{"type":"Feature","geometry":{"type":"Point","coordinates":[121.15264,14.51633]},"properties":{"rain_mm_24h":0.81,"rain_mm_72h":7.81,"context_flag":"none","prone_score":0.991}},{"type":"Feature","geometry":{"type":"Point","coordinates":[120.76996,15.28439]},"properties":{"rain_mm_24h":0.12,"rain_mm_72h":2.67,"context_flag":"none","prone_score":0.97}},{"type":"Feature","geometry":{"type":"Point","coordinates":[120.89392,15.02298]},"properties":{"rain_mm_24h":0.0,"rain_mm_72h":2.33,"context_flag":"none","prone_score":0.994}},{"type":"Feature","geometry":{"type":"Point","coordinates":[120.7484,15.04184]},"properties":{"rain_mm_24h":0.0,"rain_mm_72h":2.44,"context_flag":"none","prone_score":0.996}},{"type":"Feature","geometry":{"type":"Point","coordinates":[120.81846,14.82894]},"properties":{"rain_mm_24h":0.0,"rain_mm_72h":1.38,"context_flag":"none","prone_score":0.971}},{"type":"Feature","geometry":{"type":"Point","coordinates":[120.73223,15.00411]},"properties":{"rain_mm_24h":0.0,"rain_mm_72h":2.44,"context_flag":"none","prone_score":0.963}},{"type":"Feature","geometry":{"type":"Point","coordinates":[120.67024,14.96638]},"properties":{"rain_mm_24h":0.0,"rain_mm_72h":2.62,"context_flag":"none","prone_score":0.986}},{"type":"Feature","geometry":{"type":"Point","coordinates":[120.93704,14.92596]},"properties":{"rain_mm_24h":0.0,"rain_mm_72h":0.9,"context_flag":"none","prone_score":0.976}},{"type":"Feature","geometry":{"type":"Point","coordinates":[121.01789,15.48381]},"properties":{"rain_mm_24h":0.12,"rain_mm_72h":4.77,"context_flag":"none","prone_score":0.996}},{"type":"Feature","geometry":{"type":"Point","coordinates":[120.91548,14.89901]},"properties":{"rain_mm_24h":0.0,"rain_mm_72h":0.93,"context_flag":"none","prone_score":0.996}},{"type":"Feature","geometry":{"type":"Point","coordinates":[120.72414,15.3841]},"properties":{"rain_mm_24h":0.24,"rain_mm_72h":4.24,"context_flag":"none","prone_score":0.98}},{"type":"Feature","geometry":{"type":"Point","coordinates":[119.95069,15.48651]},"properties":{"rain_mm_24h":0.09,"rain_mm_72h":18.81,"context_flag":"none","prone_score":0.969}},{"type":"Feature","geometry":{"type":"Point","coordinates":[120.69719,14.99333]},"properties":{"rain_mm_24h":0.0,"rain_mm_72h":2.62,"context_flag":"none","prone_score":0.985}},{"type":"Feature","geometry":{"type":"Point","coordinates":[121.46256,14.39775]},"properties":{"rain_mm_24h":0.09,"rain_mm_72h":1.35,"context_flag":"none","prone_score":0.995}},{"type":"Feature","geometry":{"type":"Point","coordinates":[121.47603,14.37619]},"properties":{"rain_mm_24h":0.09,"rain_mm_72h":1.35,"context_flag":"none","prone_score":0.996}},{"type":"Feature","geometry":{"type":"Point","coordinates":[121.43022,14.50016]},"properties":{"rain_mm_24h":0.75,"rain_mm_72h":3.64,"context_flag":"none","prone_score":0.989}},{"type":"Feature","geometry":{"type":"Point","coordinates":[120.79421,14.9044]},"properties":{"rain_mm_24h":0.0,"rain_mm_72h":1.86,"context_flag":"none","prone_score":0.71}},{"type":"Feature","geometry":{"type":"Point","coordinates":[120.87236,15.47842]},"properties":{"rain_mm_24h":0.0,"rain_mm_72h":9.92,"context_flag":"none","prone_score":0.989}},{"type":"Feature","geometry":{"type":"Point","coordinates":[120.83733,15.15772]},"properties":{"rain_mm_24h":0.0,"rain_mm_72h":1.6,"context_flag":"none","prone_score":0.987}},{"type":"Feature","geometry":{"type":"Point","coordinates":[120.77265,15.28169]},"properties":{"rain_mm_24h":0.12,"rain_mm_72h":2.67,"context_flag":"none","prone_score":0.972}},{"type":"Feature","geometry":{"type":"Point","coordinates":[120.72414,15.03645]},"properties":{"rain_mm_24h":0.0,"rain_mm_72h":2.44,"context_flag":"none","prone_score":0.994}},{"type":"Feature","geometry":{"type":"Point","coordinates":[120.82116,14.96369]},"properties":{"rain_mm_24h":0.0,"rain_mm_72h":1.51,"context_flag":"none","prone_score":0.994}},{"type":"Feature","geometry":{"type":"Point","coordinates":[121.36284,14.20102]},"properties":{"rain_mm_24h":0.0,"rain_mm_72h":0.85,"context_flag":"none","prone_score":0.988}},{"type":"Feature","geometry":{"type":"Point","coordinates":[120.76457,14.93135]},"properties":{"rain_mm_24h":0.0,"rain_mm_72h":1.86,"context_flag":"none","prone_score":0.992}},{"type":"Feature","geometry":{"type":"Point","coordinates":[120.98825,15.51615]},"properties":{"rain_mm_24h":0.0,"rain_mm_72h":9.33,"context_flag":"none","prone_score":0.978}},{"type":"Feature","geometry":{"type":"Point","coordinates":[120.91548,14.86128]},"properties":{"rain_mm_24h":0.0,"rain_mm_72h":0.93,"context_flag":"none","prone_score":0.939}},{"type":"Feature","geometry":{"type":"Point","coordinates":[120.77535,14.97447]},"properties":{"rain_mm_24h":0.0,"rain_mm_72h":1.86,"context_flag":"none","prone_score":0.994}},{"type":"Feature","geometry":{"type":"Point","coordinates":[120.85619,14.81277]},"properties":{"rain_mm_24h":0.0,"rain_mm_72h":1.38,"context_flag":"none","prone_score":0.994}},{"type":"Feature","geometry":{"type":"Point","coordinates":[121.05293,14.60795]},"properties":{"rain_mm_24h":1.18,"rain_mm_72h":3.42,"context_flag":"none","prone_score":0.949}},{"type":"Feature","geometry":{"type":"Point","coordinates":[120.82385,15.1712]},"properties":{"rain_mm_24h":0.0,"rain_mm_72h":1.6,"context_flag":"none","prone_score":0.98}},{"type":"Feature","geometry":{"type":"Point","coordinates":[120.32798,14.96908]},"properties":{"rain_mm_24h":0.16,"rain_mm_72h":21.28,"context_flag":"none","prone_score":0.948}},{"type":"Feature","geometry":{"type":"Point","coordinates":[120.86967,15.23049]},"properties":{"rain_mm_24h":0.0,"rain_mm_72h":2.88,"context_flag":"none","prone_score":0.982}},{"type":"Feature","geometry":{"type":"Point","coordinates":[120.08813,15.26822]},"properties":{"rain_mm_24h":0.0,"rain_mm_72h":22.03,"context_flag":"none","prone_score":0.988}},{"type":"Feature","geometry":{"type":"Point","coordinates":[120.82655,15.16042]},"properties":{"rain_mm_24h":0.0,"rain_mm_72h":1.6,"context_flag":"none","prone_score":0.995}},{"type":"Feature","geometry":{"type":"Point","coordinates":[120.81846,15.19815]},"properties":{"rain_mm_24h":0.0,"rain_mm_72h":1.6,"context_flag":"none","prone_score":0.998}},{"type":"Feature","geometry":{"type":"Point","coordinates":[121.00442,15.50268]},"properties":{"rain_mm_24h":0.0,"rain_mm_72h":7.76,"context_flag":"none","prone_score":0.997}},{"type":"Feature","geometry":{"type":"Point","coordinates":[121.28739,14.15251]},"properties":{"rain_mm_24h":0.0,"rain_mm_72h":4.66,"context_flag":"none","prone_score":0.983}},{"type":"Feature","geometry":{"type":"Point","coordinates":[120.88584,14.81007]},"properties":{"rain_mm_24h":0.0,"rain_mm_72h":1.38,"context_flag":"none","prone_score":0.989}},{"type":"Feature","geometry":{"type":"Point","coordinates":[121.09874,14.65377]},"properties":{"rain_mm_24h":1.18,"rain_mm_72h":3.42,"context_flag":"none","prone_score":0.847}},{"type":"Feature","geometry":{"type":"Point","coordinates":[121.08257,14.52172]},"properties":{"rain_mm_24h":0.5,"rain_mm_72h":4.95,"context_flag":"none","prone_score":0.998}},{"type":"Feature","geometry":{"type":"Point","coordinates":[120.88853,15.18737]},"properties":{"rain_mm_24h":0.0,"rain_mm_72h":1.6,"context_flag":"none","prone_score":0.998}},{"type":"Feature","geometry":{"type":"Point","coordinates":[120.88045,14.81007]},"properties":{"rain_mm_24h":0.0,"rain_mm_72h":1.38,"context_flag":"none","prone_score":0.996}},{"type":"Feature","geometry":{"type":"Point","coordinates":[120.91009,15.1173]},"properties":{"rain_mm_24h":0.0,"rain_mm_72h":0.74,"context_flag":"none","prone_score":0.983}},{"type":"Feature","geometry":{"type":"Point","coordinates":[120.79691,15.46764]},"properties":{"rain_mm_24h":0.54,"rain_mm_72h":10.72,"context_flag":"none","prone_score":0.993}},{"type":"Feature","geometry":{"type":"Point","coordinates":[119.92374,15.59161]},"properties":{"rain_mm_24h":0.46,"rain_mm_72h":16.93,"context_flag":"none","prone_score":0.88}},{"type":"Feature","geometry":{"type":"Point","coordinates":[120.87236,14.81277]},"properties":{"rain_mm_24h":0.0,"rain_mm_72h":1.38,"context_flag":"none","prone_score":0.995}},{"type":"Feature","geometry":{"type":"Point","coordinates":[120.71875,15.56735]},"properties":{"rain_mm_24h":1.1,"rain_mm_72h":11.4,"context_flag":"none","prone_score":0.988}},{"type":"Feature","geometry":{"type":"Point","coordinates":[120.96938,15.28978]},"properties":{"rain_mm_24h":0.0,"rain_mm_72h":2.46,"context_flag":"none","prone_score":0.98}},{"type":"Feature","geometry":{"type":"Point","coordinates":[120.93974,14.71306]},"properties":{"rain_mm_24h":0.61,"rain_mm_72h":2.16,"context_flag":"none","prone_score":0.997}},{"type":"Feature","geometry":{"type":"Point","coordinates":[120.86697,15.50268]},"properties":{"rain_mm_24h":0.26,"rain_mm_72h":10.65,"context_flag":"none","prone_score":0.989}},{"type":"Feature","geometry":{"type":"Point","coordinates":[120.77535,15.42991]},"properties":{"rain_mm_24h":0.54,"rain_mm_72h":10.72,"context_flag":"none","prone_score":0.98}},{"type":"Feature","geometry":{"type":"Point","coordinates":[120.81846,14.95291]},"properties":{"rain_mm_24h":0.0,"rain_mm_72h":1.51,"context_flag":"none","prone_score":0.996}},{"type":"Feature","geometry":{"type":"Point","coordinates":[120.58939,14.92596]},"properties":{"rain_mm_24h":0.2,"rain_mm_72h":8.55,"context_flag":"none","prone_score":0.999}},{"type":"Feature","geometry":{"type":"Point","coordinates":[120.93704,15.16581]},"properties":{"rain_mm_24h":0.0,"rain_mm_72h":0.74,"context_flag":"none","prone_score":0.979}},{"type":"Feature","geometry":{"type":"Point","coordinates":[120.72953,14.97447]},"properties":{"rain_mm_24h":0.0,"rain_mm_72h":1.86,"context_flag":"none","prone_score":0.997}},{"type":"Feature","geometry":{"type":"Point","coordinates":[120.95591,15.37332]},"properties":{"rain_mm_24h":0.0,"rain_mm_72h":4.11,"context_flag":"none","prone_score":0.995}},{"type":"Feature","geometry":{"type":"Point","coordinates":[121.47873,14.3708]},"properties":{"rain_mm_24h":0.09,"rain_mm_72h":1.35,"context_flag":"none","prone_score":0.98}},{"type":"Feature","geometry":{"type":"Point","coordinates":[120.54897,14.94752]},"properties":{"rain_mm_24h":0.2,"rain_mm_72h":8.55,"context_flag":"none","prone_score":0.994}},{"type":"Feature","geometry":{"type":"Point","coordinates":[120.80499,14.89631]},"properties":{"rain_mm_24h":0.0,"rain_mm_72h":1.38,"context_flag":"none","prone_score":0.995}},{"type":"Feature","geometry":{"type":"Point","coordinates":[120.74031,14.94752]},"properties":{"rain_mm_24h":0.0,"rain_mm_72h":1.86,"context_flag":"none","prone_score":0.989}},{"type":"Feature","geometry":{"type":"Point","coordinates":[120.74301,14.98255]},"properties":{"rain_mm_24h":0.0,"rain_mm_72h":1.86,"context_flag":"none","prone_score":0.985}},{"type":"Feature","geometry":{"type":"Point","coordinates":[120.93974,15.16042]},"properties":{"rain_mm_24h":0.0,"rain_mm_72h":0.74,"context_flag":"none","prone_score":0.97}},{"type":"Feature","geometry":{"type":"Point","coordinates":[120.69989,15.58083]},"properties":{"rain_mm_24h":1.88,"rain_mm_72h":17.07,"context_flag":"none","prone_score":0.984}},{"type":"Feature","geometry":{"type":"Point","coordinates":[120.09083,15.26822]},"properties":{"rain_mm_24h":0.0,"rain_mm_72h":22.03,"context_flag":"none","prone_score":0.989}},{"type":"Feature","geometry":{"type":"Point","coordinates":[120.86158,14.93135]},"properties":{"rain_mm_24h":0.0,"rain_mm_72h":1.51,"context_flag":"none","prone_score":0.984}},{"type":"Feature","geometry":{"type":"Point","coordinates":[120.54897,14.64838]},"properties":{"rain_mm_24h":2.71,"rain_mm_72h":11.05,"context_flag":"none","prone_score":0.995}},{"type":"Feature","geometry":{"type":"Point","coordinates":[120.99903,15.45956]},"properties":{"rain_mm_24h":0.0,"rain_mm_72h":5.6,"context_flag":"none","prone_score":0.959}},{"type":"Feature","geometry":{"type":"Point","coordinates":[121.47873,14.33037]},"properties":{"rain_mm_24h":0.09,"rain_mm_72h":1.35,"context_flag":"none","prone_score":0.982}},{"type":"Feature","geometry":{"type":"Point","coordinates":[120.77804,15.29517]},"properties":{"rain_mm_24h":0.12,"rain_mm_72h":2.67,"context_flag":"none","prone_score":0.973}},{"type":"Feature","geometry":{"type":"Point","coordinates":[120.56245,14.92596]},"properties":{"rain_mm_24h":0.2,"rain_mm_72h":8.55,"context_flag":"none","prone_score":0.989}},{"type":"Feature","geometry":{"type":"Point","coordinates":[120.5867,14.92057]},"properties":{"rain_mm_24h":0.2,"rain_mm_72h":8.55,"context_flag":"none","prone_score":0.997}},{"type":"Feature","geometry":{"type":"Point","coordinates":[120.93165,15.11191]},"properties":{"rain_mm_24h":0.0,"rain_mm_72h":0.74,"context_flag":"none","prone_score":0.996}},{"type":"Feature","geometry":{"type":"Point","coordinates":[121.04215,15.58622]},"properties":{"rain_mm_24h":0.0,"rain_mm_72h":7.76,"context_flag":"none","prone_score":0.977}},{"type":"Feature","geometry":{"type":"Point","coordinates":[120.91818,15.1712]},"properties":{"rain_mm_24h":0.0,"rain_mm_72h":0.74,"context_flag":"none","prone_score":0.989}},{"type":"Feature","geometry":{"type":"Point","coordinates":[121.24157,14.19563]},"properties":{"rain_mm_24h":0.0,"rain_mm_72h":4.66,"context_flag":"none","prone_score":0.946}},{"type":"Feature","geometry":{"type":"Point","coordinates":[121.1742,15.56196]},"properties":{"rain_mm_24h":0.35,"rain_mm_72h":5.92,"context_flag":"none","prone_score":0.995}},{"type":"Feature","geometry":{"type":"Point","coordinates":[120.75379,15.3841]},"properties":{"rain_mm_24h":0.24,"rain_mm_72h":4.24,"context_flag":"none","prone_score":0.974}},{"type":"Feature","geometry":{"type":"Point","coordinates":[120.88584,15.24396]},"properties":{"rain_mm_24h":0.0,"rain_mm_72h":2.88,"context_flag":"none","prone_score":0.941}},{"type":"Feature","geometry":{"type":"Point","coordinates":[120.93165,15.25744]},"properties":{"rain_mm_24h":0.0,"rain_mm_72h":2.46,"context_flag":"none","prone_score":0.986}},{"type":"Feature","geometry":{"type":"Point","coordinates":[120.55975,14.66185]},"properties":{"rain_mm_24h":2.71,"rain_mm_72h":11.05,"context_flag":"none","prone_score":0.997}},{"type":"Feature","geometry":{"type":"Point","coordinates":[120.81846,15.58622]},"properties":{"rain_mm_24h":0.26,"rain_mm_72h":10.65,"context_flag":"none","prone_score":0.976}},{"type":"Feature","geometry":{"type":"Point","coordinates":[120.87236,15.53502]},"properties":{"rain_mm_24h":0.26,"rain_mm_72h":10.65,"context_flag":"none","prone_score":0.974}},{"type":"Feature","geometry":{"type":"Point","coordinates":[120.84541,14.81816]},"properties":{"rain_mm_24h":0.0,"rain_mm_72h":1.38,"context_flag":"none","prone_score":0.998}},{"type":"Feature","geometry":{"type":"Point","coordinates":[120.18785,14.98794]},"properties":{"rain_mm_24h":2.31,"rain_mm_72h":18.28,"context_flag":"none","prone_score":0.988}},{"type":"Feature","geometry":{"type":"Point","coordinates":[120.38458,14.60795]},"properties":{"rain_mm_24h":2.52,"rain_mm_72h":12.01,"context_flag":"none","prone_score":0.993}},{"type":"Feature","geometry":{"type":"Point","coordinates":[120.1609,14.99603]},"properties":{"rain_mm_24h":2.31,"rain_mm_72h":18.28,"context_flag":"none","prone_score":0.998}},{"type":"Feature","geometry":{"type":"Point","coordinates":[120.92357,15.12269]},"properties":{"rain_mm_24h":0.0,"rain_mm_72h":0.74,"context_flag":"none","prone_score":0.988}},{"type":"Feature","geometry":{"type":"Point","coordinates":[120.90201,15.4353]},"properties":{"rain_mm_24h":0.0,"rain_mm_72h":5.6,"context_flag":"none","prone_score":0.97}},{"type":"Feature","geometry":{"type":"Point","coordinates":[120.82655,15.4353]},"properties":{"rain_mm_24h":0.0,"rain_mm_72h":9.92,"context_flag":"none","prone_score":0.981}},{"type":"Feature","geometry":{"type":"Point","coordinates":[120.76996,15.26283]},"properties":{"rain_mm_24h":0.12,"rain_mm_72h":2.67,"context_flag":"none","prone_score":0.988}},{"type":"Feature","geometry":{"type":"Point","coordinates":[121.00172,15.39757]},"properties":{"rain_mm_24h":0.0,"rain_mm_72h":3.04,"context_flag":"none","prone_score":0.99}},{"type":"Feature","geometry":{"type":"Point","coordinates":[120.89392,15.42452]},"properties":{"rain_mm_24h":0.0,"rain_mm_72h":9.92,"context_flag":"none","prone_score":0.993}},{"type":"Feature","geometry":{"type":"Point","coordinates":[120.9613,15.39218]},"properties":{"rain_mm_24h":0.0,"rain_mm_72h":4.11,"context_flag":"none","prone_score":0.996}},{"type":"Feature","geometry":{"type":"Point","coordinates":[120.62173,13.92074]},"properties":{"rain_mm_24h":0.16,"rain_mm_72h":1.06,"context_flag":"none","prone_score":0.994}},{"type":"Feature","geometry":{"type":"Point","coordinates":[120.02885,15.26552]},"properties":{"rain_mm_24h":0.0,"rain_mm_72h":22.03,"context_flag":"none","prone_score":0.99}},{"type":"Feature","geometry":{"type":"Point","coordinates":[120.7996,15.57813]},"properties":{"rain_mm_24h":1.1,"rain_mm_72h":11.4,"context_flag":"none","prone_score":0.992}},{"type":"Feature","geometry":{"type":"Point","coordinates":[120.85619,15.597]},"properties":{"rain_mm_24h":0.26,"rain_mm_72h":10.65,"context_flag":"none","prone_score":0.986}},{"type":"Feature","geometry":{"type":"Point","coordinates":[120.92087,15.19545]},"properties":{"rain_mm_24h":0.0,"rain_mm_72h":0.74,"context_flag":"none","prone_score":0.983}},{"type":"Feature","geometry":{"type":"Point","coordinates":[120.91548,15.42183]},"properties":{"rain_mm_24h":0.0,"rain_mm_72h":5.6,"context_flag":"none","prone_score":0.994}},{"type":"Feature","geometry":{"type":"Point","coordinates":[120.8508,15.26552]},"properties":{"rain_mm_24h":0.0,"rain_mm_72h":2.88,"context_flag":"none","prone_score":0.845}},{"type":"Feature","geometry":{"type":"Point","coordinates":[120.75379,15.55119]},"properties":{"rain_mm_24h":1.1,"rain_mm_72h":11.4,"context_flag":"none","prone_score":0.945}},{"type":"Feature","geometry":{"type":"Point","coordinates":[120.78882,15.57274]},"properties":{"rain_mm_24h":1.1,"rain_mm_72h":11.4,"context_flag":"none","prone_score":0.965}},{"type":"Feature","geometry":{"type":"Point","coordinates":[120.19863,14.86128]},"properties":{"rain_mm_24h":3.71,"rain_mm_72h":24.0,"context_flag":"none","prone_score":0.962}},{"type":"Feature","geometry":{"type":"Point","coordinates":[120.83463,15.57005]},"properties":{"rain_mm_24h":0.26,"rain_mm_72h":10.65,"context_flag":"none","prone_score":0.897}},{"type":"Feature","geometry":{"type":"Point","coordinates":[120.79152,14.96369]},"properties":{"rain_mm_24h":0.0,"rain_mm_72h":1.86,"context_flag":"none","prone_score":0.982}},{"type":"Feature","geometry":{"type":"Point","coordinates":[120.99364,14.9556]},"properties":{"rain_mm_24h":0.0,"rain_mm_72h":0.9,"context_flag":"none","prone_score":0.793}},{"type":"Feature","geometry":{"type":"Point","coordinates":[120.91009,15.36523]},"properties":{"rain_mm_24h":0.0,"rain_mm_72h":4.11,"context_flag":"none","prone_score":0.987}},{"type":"Feature","geometry":{"type":"Point","coordinates":[120.64868,15.52154]},"properties":{"rain_mm_24h":1.88,"rain_mm_72h":17.07,"context_flag":"none","prone_score":0.937}},{"type":"Feature","geometry":{"type":"Point","coordinates":[120.98555,15.48651]},"properties":{"rain_mm_24h":0.0,"rain_mm_72h":5.6,"context_flag":"none","prone_score":0.994}},{"type":"Feature","geometry":{"type":"Point","coordinates":[120.94513,15.12808]},"properties":{"rain_mm_24h":0.0,"rain_mm_72h":0.74,"context_flag":"none","prone_score":0.991}},{"type":"Feature","geometry":{"type":"Point","coordinates":[120.17437,14.99603]},"properties":{"rain_mm_24h":2.31,"rain_mm_72h":18.28,"context_flag":"none","prone_score":0.995}},{"type":"Feature","geometry":{"type":"Point","coordinates":[120.48968,15.40566]},"properties":{"rain_mm_24h":3.87,"rain_mm_72h":15.54,"context_flag":"none","prone_score":0.954}},{"type":"Feature","geometry":{"type":"Point","coordinates":[120.65407,15.53771]},"properties":{"rain_mm_24h":1.88,"rain_mm_72h":17.07,"context_flag":"none","prone_score":0.961}},{"type":"Feature","geometry":{"type":"Point","coordinates":[120.44926,14.87745]},"properties":{"rain_mm_24h":0.22,"rain_mm_72h":12.04,"context_flag":"none","prone_score":0.995}},{"type":"Feature","geometry":{"type":"Point","coordinates":[120.44656,14.88823]},"properties":{"rain_mm_24h":0.22,"rain_mm_72h":12.04,"context_flag":"none","prone_score":0.984}},{"type":"Feature","geometry":{"type":"Point","coordinates":[120.9074,15.03376]},"properties":{"rain_mm_24h":0.0,"rain_mm_72h":1.36,"context_flag":"none","prone_score":0.979}},{"type":"Feature","geometry":{"type":"Point","coordinates":[120.87236,14.43009]},"properties":{"rain_mm_24h":0.0,"rain_mm_72h":7.26,"context_flag":"none","prone_score":0.999}},{"type":"Feature","geometry":{"type":"Point","coordinates":[120.87506,14.96099]},"properties":{"rain_mm_24h":0.0,"rain_mm_72h":1.51,"context_flag":"none","prone_score":0.986}},{"type":"Feature","geometry":{"type":"Point","coordinates":[120.38727,14.60795]},"properties":{"rain_mm_24h":2.52,"rain_mm_72h":12.01,"context_flag":"none","prone_score":0.971}},{"type":"Feature","geometry":{"type":"Point","coordinates":[120.83463,15.48112]},"properties":{"rain_mm_24h":0.0,"rain_mm_72h":9.92,"context_flag":"none","prone_score":0.986}},{"type":"Feature","geometry":{"type":"Point","coordinates":[120.94243,15.17928]},"properties":{"rain_mm_24h":0.0,"rain_mm_72h":0.74,"context_flag":"none","prone_score":0.985}},{"type":"Feature","geometry":{"type":"Point","coordinates":[121.04484,14.76965]},"properties":{"rain_mm_24h":1.36,"rain_mm_72h":2.24,"context_flag":"none","prone_score":0.624}},{"type":"Feature","geometry":{"type":"Point","coordinates":[120.90201,15.06879]},"properties":{"rain_mm_24h":0.0,"rain_mm_72h":1.36,"context_flag":"none","prone_score":0.98}},{"type":"Feature","geometry":{"type":"Point","coordinates":[120.82385,15.56196]},"properties":{"rain_mm_24h":0.26,"rain_mm_72h":10.65,"context_flag":"none","prone_score":0.989}},{"type":"Feature","geometry":{"type":"Point","coordinates":[120.09352,15.26283]},"properties":{"rain_mm_24h":0.0,"rain_mm_72h":22.03,"context_flag":"none","prone_score":0.987}},{"type":"Feature","geometry":{"type":"Point","coordinates":[120.84002,15.59161]},"properties":{"rain_mm_24h":0.26,"rain_mm_72h":10.65,"context_flag":"none","prone_score":0.982}},{"type":"Feature","geometry":{"type":"Point","coordinates":[120.95052,15.26552]},"properties":{"rain_mm_24h":0.0,"rain_mm_72h":2.46,"context_flag":"none","prone_score":0.982}},{"type":"Feature","geometry":{"type":"Point","coordinates":[120.84272,15.54849]},"properties":{"rain_mm_24h":0.26,"rain_mm_72h":10.65,"context_flag":"none","prone_score":0.979}},{"type":"Feature","geometry":{"type":"Point","coordinates":[121.00711,15.59969]},"properties":{"rain_mm_24h":0.0,"rain_mm_72h":7.76,"context_flag":"none","prone_score":0.928}},{"type":"Feature","geometry":{"type":"Point","coordinates":[120.95321,15.59969]},"properties":{"rain_mm_24h":0.0,"rain_mm_72h":9.33,"context_flag":"none","prone_score":0.984}},{"type":"Feature","geometry":{"type":"Point","coordinates":[120.80769,15.44069]},"properties":{"rain_mm_24h":0.0,"rain_mm_72h":9.92,"context_flag":"none","prone_score":0.993}},{"type":"Feature","geometry":{"type":"Point","coordinates":[120.95321,15.52693]},"properties":{"rain_mm_24h":0.0,"rain_mm_72h":9.33,"context_flag":"none","prone_score":0.99}},{"type":"Feature","geometry":{"type":"Point","coordinates":[120.99364,15.38679]},"properties":{"rain_mm_24h":0.0,"rain_mm_72h":4.11,"context_flag":"none","prone_score":0.991}},{"type":"Feature","geometry":{"type":"Point","coordinates":[120.52472,14.93135]},"properties":{"rain_mm_24h":0.2,"rain_mm_72h":8.55,"context_flag":"none","prone_score":0.966}},{"type":"Feature","geometry":{"type":"Point","coordinates":[120.80499,15.49998]},"properties":{"rain_mm_24h":0.0,"rain_mm_72h":9.92,"context_flag":"none","prone_score":0.991}},{"type":"Feature","geometry":{"type":"Point","coordinates":[120.83463,15.30325]},"properties":{"rain_mm_24h":0.0,"rain_mm_72h":3.78,"context_flag":"none","prone_score":0.995}},{"type":"Feature","geometry":{"type":"Point","coordinates":[120.55167,14.91518]},"properties":{"rain_mm_24h":0.2,"rain_mm_72h":8.55,"context_flag":"none","prone_score":0.994}},{"type":"Feature","geometry":{"type":"Point","coordinates":[120.65407,15.54041]},"properties":{"rain_mm_24h":1.88,"rain_mm_72h":17.07,"context_flag":"none","prone_score":0.918}},{"type":"Feature","geometry":{"type":"Point","coordinates":[120.95052,15.57544]},"properties":{"rain_mm_24h":0.0,"rain_mm_72h":9.33,"context_flag":"none","prone_score":0.991}},{"type":"Feature","geometry":{"type":"Point","coordinates":[120.80769,15.41913]},"properties":{"rain_mm_24h":0.0,"rain_mm_72h":9.92,"context_flag":"none","prone_score":0.982}},{"type":"Feature","geometry":{"type":"Point","coordinates":[120.86697,15.597]},"properties":{"rain_mm_24h":0.26,"rain_mm_72h":10.65,"context_flag":"none","prone_score":0.93}},{"type":"Feature","geometry":{"type":"Point","coordinates":[120.83733,15.438]},"properties":{"rain_mm_24h":0.0,"rain_mm_72h":9.92,"context_flag":"none","prone_score":0.988}},{"type":"Feature","geometry":{"type":"Point","coordinates":[120.5328,14.6915]},"properties":{"rain_mm_24h":2.71,"rain_mm_72h":11.05,"context_flag":"none","prone_score":0.993}},{"type":"Feature","geometry":{"type":"Point","coordinates":[121.31434,15.46495]},"properties":{"rain_mm_24h":0.11,"rain_mm_72h":2.28,"context_flag":"none","prone_score":0.963}},{"type":"Feature","geometry":{"type":"Point","coordinates":[120.73223,14.99064]},"properties":{"rain_mm_24h":0.0,"rain_mm_72h":1.86,"context_flag":"none","prone_score":0.952}},{"type":"Feature","geometry":{"type":"Point","coordinates":[120.79152,15.58083]},"properties":{"rain_mm_24h":1.1,"rain_mm_72h":11.4,"context_flag":"none","prone_score":0.993}},{"type":"Feature","geometry":{"type":"Point","coordinates":[121.04754,15.5943]},"properties":{"rain_mm_24h":0.0,"rain_mm_72h":7.76,"context_flag":"none","prone_score":0.983}},{"type":"Feature","geometry":{"type":"Point","coordinates":[120.54358,14.87745]},"properties":{"rain_mm_24h":0.09,"rain_mm_72h":6.31,"context_flag":"none","prone_score":0.996}},{"type":"Feature","geometry":{"type":"Point","coordinates":[120.93704,14.45434]},"properties":{"rain_mm_24h":0.37,"rain_mm_72h":9.58,"context_flag":"none","prone_score":0.998}},{"type":"Feature","geometry":{"type":"Point","coordinates":[120.95591,15.23318]},"properties":{"rain_mm_24h":0.0,"rain_mm_72h":2.46,"context_flag":"none","prone_score":0.961}},{"type":"Feature","geometry":{"type":"Point","coordinates":[120.93974,15.23318]},"properties":{"rain_mm_24h":0.0,"rain_mm_72h":2.46,"context_flag":"none","prone_score":0.977}},{"type":"Feature","geometry":{"type":"Point","coordinates":[120.71875,15.55927]},"properties":{"rain_mm_24h":1.1,"rain_mm_72h":11.4,"context_flag":"none","prone_score":0.993}},{"type":"Feature","geometry":{"type":"Point","coordinates":[120.92087,14.45973]},"properties":{"rain_mm_24h":0.37,"rain_mm_72h":9.58,"context_flag":"none","prone_score":0.993}},{"type":"Feature","geometry":{"type":"Point","coordinates":[120.91548,15.49729]},"properties":{"rain_mm_24h":0.0,"rain_mm_72h":5.6,"context_flag":"none","prone_score":0.984}},{"type":"Feature","geometry":{"type":"Point","coordinates":[120.84811,15.55657]},"properties":{"rain_mm_24h":0.26,"rain_mm_72h":10.65,"context_flag":"none","prone_score":0.995}},{"type":"Feature","geometry":{"type":"Point","coordinates":[120.73762,15.12808]},"properties":{"rain_mm_24h":0.0,"rain_mm_72h":3.02,"context_flag":"none","prone_score":0.969}},{"type":"Feature","geometry":{"type":"Point","coordinates":[120.94243,15.34098]},"properties":{"rain_mm_24h":0.0,"rain_mm_72h":4.11,"context_flag":"none","prone_score":0.981}},{"type":"Feature","geometry":{"type":"Point","coordinates":[120.67563,15.51346]},"properties":{"rain_mm_24h":1.88,"rain_mm_72h":17.07,"context_flag":"none","prone_score":0.961}},{"type":"Feature","geometry":{"type":"Point","coordinates":[120.91279,15.04454]},"properties":{"rain_mm_24h":0.0,"rain_mm_72h":1.36,"context_flag":"none","prone_score":0.986}},{"type":"Feature","geometry":{"type":"Point","coordinates":[120.77804,15.53232]},"properties":{"rain_mm_24h":1.1,"rain_mm_72h":11.4,"context_flag":"none","prone_score":0.987}},{"type":"Feature","geometry":{"type":"Point","coordinates":[120.88584,15.35715]},"properties":{"rain_mm_24h":0.0,"rain_mm_72h":3.78,"context_flag":"none","prone_score":0.995}},{"type":"Feature","geometry":{"type":"Point","coordinates":[120.7457,15.58891]},"properties":{"rain_mm_24h":1.1,"rain_mm_72h":11.4,"context_flag":"none","prone_score":0.986}},{"type":"Feature","geometry":{"type":"Point","coordinates":[120.88853,15.33828]},"properties":{"rain_mm_24h":0.0,"rain_mm_72h":3.78,"context_flag":"none","prone_score":0.995}},{"type":"Feature","geometry":{"type":"Point","coordinates":[120.92896,15.58352]},"properties":{"rain_mm_24h":0.0,"rain_mm_72h":9.33,"context_flag":"none","prone_score":0.985}},{"type":"Feature","geometry":{"type":"Point","coordinates":[120.92087,14.92865]},"properties":{"rain_mm_24h":0.0,"rain_mm_72h":0.9,"context_flag":"none","prone_score":0.816}},{"type":"Feature","geometry":{"type":"Point","coordinates":[120.94243,15.39488]},"properties":{"rain_mm_24h":0.0,"rain_mm_72h":4.11,"context_flag":"none","prone_score":0.947}},{"type":"Feature","geometry":{"type":"Point","coordinates":[120.87236,15.57813]},"properties":{"rain_mm_24h":0.26,"rain_mm_72h":10.65,"context_flag":"none","prone_score":0.992}},{"type":"Feature","geometry":{"type":"Point","coordinates":[120.78074,15.18737]},"properties":{"rain_mm_24h":0.0,"rain_mm_72h":3.02,"context_flag":"none","prone_score":0.895}},{"type":"Feature","geometry":{"type":"Point","coordinates":[120.79152,15.58352]},"properties":{"rain_mm_24h":1.1,"rain_mm_72h":11.4,"context_flag":"none","prone_score":0.993}},{"type":"Feature","geometry":{"type":"Point","coordinates":[120.8535,15.54849]},"properties":{"rain_mm_24h":0.26,"rain_mm_72h":10.65,"context_flag":"none","prone_score":0.985}},{"type":"Feature","geometry":{"type":"Point","coordinates":[120.84272,14.82894]},"properties":{"rain_mm_24h":0.0,"rain_mm_72h":1.38,"context_flag":"none","prone_score":0.994}},{"type":"Feature","geometry":{"type":"Point","coordinates":[120.87236,14.98255]},"properties":{"rain_mm_24h":0.0,"rain_mm_72h":1.51,"context_flag":"none","prone_score":0.99}},{"type":"Feature","geometry":{"type":"Point","coordinates":[120.73762,15.10382]},"properties":{"rain_mm_24h":0.0,"rain_mm_72h":3.02,"context_flag":"none","prone_score":0.978}},{"type":"Feature","geometry":{"type":"Point","coordinates":[120.85619,15.58622]},"properties":{"rain_mm_24h":0.26,"rain_mm_72h":10.65,"context_flag":"none","prone_score":0.986}},{"type":"Feature","geometry":{"type":"Point","coordinates":[120.75918,15.25474]},"properties":{"rain_mm_24h":0.12,"rain_mm_72h":2.67,"context_flag":"none","prone_score":0.971}},{"type":"Feature","geometry":{"type":"Point","coordinates":[120.89392,15.37601]},"properties":{"rain_mm_24h":0.0,"rain_mm_72h":3.78,"context_flag":"none","prone_score":0.997}},{"type":"Feature","geometry":{"type":"Point","coordinates":[120.93704,15.51076]},"properties":{"rain_mm_24h":0.0,"rain_mm_72h":9.33,"context_flag":"none","prone_score":0.989}},{"type":"Feature","geometry":{"type":"Point","coordinates":[120.75918,15.56196]},"properties":{"rain_mm_24h":1.1,"rain_mm_72h":11.4,"context_flag":"none","prone_score":0.977}},{"type":"Feature","geometry":{"type":"Point","coordinates":[120.99633,15.56196]},"properties":{"rain_mm_24h":0.0,"rain_mm_72h":9.33,"context_flag":"none","prone_score":0.989}},{"type":"Feature","geometry":{"type":"Point","coordinates":[120.91548,15.40566]},"properties":{"rain_mm_24h":0.0,"rain_mm_72h":5.6,"context_flag":"none","prone_score":0.984}},{"type":"Feature","geometry":{"type":"Point","coordinates":[120.82385,15.14694]},"properties":{"rain_mm_24h":0.0,"rain_mm_72h":1.6,"context_flag":"none","prone_score":0.984}},{"type":"Feature","geometry":{"type":"Point","coordinates":[120.83733,15.26822]},"properties":{"rain_mm_24h":0.0,"rain_mm_72h":2.88,"context_flag":"none","prone_score":0.944}},{"type":"Feature","geometry":{"type":"Point","coordinates":[120.94513,15.5943]},"properties":{"rain_mm_24h":0.0,"rain_mm_72h":9.33,"context_flag":"none","prone_score":0.975}},{"type":"Feature","geometry":{"type":"Point","coordinates":[120.92087,15.49998]},"properties":{"rain_mm_24h":0.0,"rain_mm_72h":5.6,"context_flag":"none","prone_score":0.99}},{"type":"Feature","geometry":{"type":"Point","coordinates":[120.51394,14.96369]},"properties":{"rain_mm_24h":0.2,"rain_mm_72h":8.55,"context_flag":"none","prone_score":0.993}},{"type":"Feature","geometry":{"type":"Point","coordinates":[120.6945,15.35984]},"properties":{"rain_mm_24h":2.59,"rain_mm_72h":9.54,"context_flag":"none","prone_score":0.978}},{"type":"Feature","geometry":{"type":"Point","coordinates":[120.94782,15.42991]},"properties":{"rain_mm_24h":0.0,"rain_mm_72h":5.6,"context_flag":"none","prone_score":0.992}},{"type":"Feature","geometry":{"type":"Point","coordinates":[120.94513,15.58083]},"properties":{"rain_mm_24h":0.0,"rain_mm_72h":9.33,"context_flag":"none","prone_score":0.992}},{"type":"Feature","geometry":{"type":"Point","coordinates":[120.98825,15.57005]},"properties":{"rain_mm_24h":0.0,"rain_mm_72h":9.33,"context_flag":"none","prone_score":0.988}},{"type":"Feature","geometry":{"type":"Point","coordinates":[121.00981,15.58083]},"properties":{"rain_mm_24h":0.0,"rain_mm_72h":7.76,"context_flag":"none","prone_score":0.988}},{"type":"Feature","geometry":{"type":"Point","coordinates":[120.69719,15.34906]},"properties":{"rain_mm_24h":2.59,"rain_mm_72h":9.54,"context_flag":"none","prone_score":0.992}},{"type":"Feature","geometry":{"type":"Point","coordinates":[120.91548,15.04184]},"properties":{"rain_mm_24h":0.0,"rain_mm_72h":1.36,"context_flag":"none","prone_score":0.989}},{"type":"Feature","geometry":{"type":"Point","coordinates":[121.45717,14.45434]},"properties":{"rain_mm_24h":0.0,"rain_mm_72h":1.91,"context_flag":"none","prone_score":0.968}},{"type":"Feature","geometry":{"type":"Point","coordinates":[120.81038,15.42183]},"properties":{"rain_mm_24h":0.0,"rain_mm_72h":9.92,"context_flag":"none","prone_score":0.994}},{"type":"Feature","geometry":{"type":"Point","coordinates":[120.82924,15.56196]},"properties":{"rain_mm_24h":0.26,"rain_mm_72h":10.65,"context_flag":"none","prone_score":0.986}},{"type":"Feature","geometry":{"type":"Point","coordinates":[120.86697,15.44069]},"properties":{"rain_mm_24h":0.0,"rain_mm_72h":9.92,"context_flag":"none","prone_score":0.997}},{"type":"Feature","geometry":{"type":"Point","coordinates":[120.95321,15.279]},"properties":{"rain_mm_24h":0.0,"rain_mm_72h":2.46,"context_flag":"none","prone_score":0.978}},{"type":"Feature","geometry":{"type":"Point","coordinates":[120.7484,15.55657]},"properties":{"rain_mm_24h":1.1,"rain_mm_72h":11.4,"context_flag":"none","prone_score":0.984}},{"type":"Feature","geometry":{"type":"Point","coordinates":[120.81577,15.55657]},"properties":{"rain_mm_24h":0.26,"rain_mm_72h":10.65,"context_flag":"none","prone_score":0.961}},{"type":"Feature","geometry":{"type":"Point","coordinates":[120.55436,15.40835]},"properties":{"rain_mm_24h":5.43,"rain_mm_72h":16.67,"context_flag":"none","prone_score":0.986}},{"type":"Feature","geometry":{"type":"Point","coordinates":[120.95052,15.16581]},"properties":{"rain_mm_24h":0.0,"rain_mm_72h":0.74,"context_flag":"none","prone_score":0.963}},{"type":"Feature","geometry":{"type":"Point","coordinates":[120.29295,14.99872]},"properties":{"rain_mm_24h":0.92,"rain_mm_72h":19.64,"context_flag":"none","prone_score":0.859}},{"type":"Feature","geometry":{"type":"Point","coordinates":[120.75109,15.5458]},"properties":{"rain_mm_24h":1.1,"rain_mm_72h":11.4,"context_flag":"none","prone_score":0.968}},{"type":"Feature","geometry":{"type":"Point","coordinates":[120.82116,15.59969]},"properties":{"rain_mm_24h":0.26,"rain_mm_72h":10.65,"context_flag":"none","prone_score":0.805}},{"type":"Feature","geometry":{"type":"Point","coordinates":[120.79691,15.51346]},"properties":{"rain_mm_24h":1.1,"rain_mm_72h":11.4,"context_flag":"none","prone_score":0.985}},{"type":"Feature","geometry":{"type":"Point","coordinates":[120.76187,14.28726]},"properties":{"rain_mm_24h":0.0,"rain_mm_72h":11.55,"context_flag":"none","prone_score":0.982}},{"type":"Feature","geometry":{"type":"Point","coordinates":[120.89392,15.55388]},"properties":{"rain_mm_24h":0.26,"rain_mm_72h":10.65,"context_flag":"none","prone_score":0.934}},{"type":"Feature","geometry":{"type":"Point","coordinates":[121.42213,14.50285]},"properties":{"rain_mm_24h":0.75,"rain_mm_72h":3.64,"context_flag":"none","prone_score":0.982}},{"type":"Feature","geometry":{"type":"Point","coordinates":[120.52741,14.92865]},"properties":{"rain_mm_24h":0.2,"rain_mm_72h":8.55,"context_flag":"none","prone_score":0.982}},{"type":"Feature","geometry":{"type":"Point","coordinates":[120.72414,15.38949]},"properties":{"rain_mm_24h":0.24,"rain_mm_72h":4.24,"context_flag":"none","prone_score":0.971}},{"type":"Feature","geometry":{"type":"Point","coordinates":[120.82655,15.28439]},"properties":{"rain_mm_24h":0.0,"rain_mm_72h":2.88,"context_flag":"none","prone_score":0.993}},{"type":"Feature","geometry":{"type":"Point","coordinates":[120.63251,15.51346]},"properties":{"rain_mm_24h":1.88,"rain_mm_72h":17.07,"context_flag":"none","prone_score":0.978}},{"type":"Feature","geometry":{"type":"Point","coordinates":[120.73223,15.41913]},"properties":{"rain_mm_24h":0.54,"rain_mm_72h":10.72,"context_flag":"none","prone_score":0.701}},{"type":"Feature","geometry":{"type":"Point","coordinates":[121.08257,15.59969]},"properties":{"rain_mm_24h":0.0,"rain_mm_72h":7.76,"context_flag":"none","prone_score":0.981}},{"type":"Feature","geometry":{"type":"Point","coordinates":[121.04754,15.57813]},"properties":{"rain_mm_24h":0.0,"rain_mm_72h":7.76,"context_flag":"none","prone_score":0.981}},{"type":"Feature","geometry":{"type":"Point","coordinates":[121.0152,15.51076]},"properties":{"rain_mm_24h":0.0,"rain_mm_72h":7.76,"context_flag":"none","prone_score":0.99}},{"type":"Feature","geometry":{"type":"Point","coordinates":[120.68102,15.20623]},"properties":{"rain_mm_24h":1.1,"rain_mm_72h":5.1,"context_flag":"none","prone_score":0.977}},{"type":"Feature","geometry":{"type":"Point","coordinates":[120.71067,15.54041]},"properties":{"rain_mm_24h":1.1,"rain_mm_72h":11.4,"context_flag":"none","prone_score":0.979}},{"type":"Feature","geometry":{"type":"Point","coordinates":[120.81577,15.59161]},"properties":{"rain_mm_24h":0.26,"rain_mm_72h":10.65,"context_flag":"none","prone_score":0.966}},{"type":"Feature","geometry":{"type":"Point","coordinates":[120.31721,14.62951]},"properties":{"rain_mm_24h":2.52,"rain_mm_72h":12.01,"context_flag":"none","prone_score":0.619}},{"type":"Feature","geometry":{"type":"Point","coordinates":[120.83194,15.55657]},"properties":{"rain_mm_24h":0.26,"rain_mm_72h":10.65,"context_flag":"none","prone_score":0.972}},{"type":"Feature","geometry":{"type":"Point","coordinates":[120.51124,14.65377]},"properties":{"rain_mm_24h":2.71,"rain_mm_72h":11.05,"context_flag":"none","prone_score":0.994}},{"type":"Feature","geometry":{"type":"Point","coordinates":[120.83194,15.26283]},"properties":{"rain_mm_24h":0.0,"rain_mm_72h":2.88,"context_flag":"none","prone_score":0.979}},{"type":"Feature","geometry":{"type":"Point","coordinates":[120.6918,15.36254]},"properties":{"rain_mm_24h":2.59,"rain_mm_72h":9.54,"context_flag":"none","prone_score":0.99}},{"type":"Feature","geometry":{"type":"Point","coordinates":[120.81308,15.51076]},"properties":{"rain_mm_24h":0.26,"rain_mm_72h":10.65,"context_flag":"none","prone_score":0.988}},{"type":"Feature","geometry":{"type":"Point","coordinates":[120.99903,15.55927]},"properties":{"rain_mm_24h":0.0,"rain_mm_72h":9.33,"context_flag":"none","prone_score":0.981}},{"type":"Feature","geometry":{"type":"Point","coordinates":[120.8508,15.35445]},"properties":{"rain_mm_24h":0.0,"rain_mm_72h":3.78,"context_flag":"none","prone_score":0.99}},{"type":"Feature","geometry":{"type":"Point","coordinates":[120.86428,15.38949]},"properties":{"rain_mm_24h":0.0,"rain_mm_72h":3.78,"context_flag":"none","prone_score":0.993}},{"type":"Feature","geometry":{"type":"Point","coordinates":[120.89931,14.88823]},"properties":{"rain_mm_24h":0.0,"rain_mm_72h":1.38,"context_flag":"none","prone_score":0.953}},{"type":"Feature","geometry":{"type":"Point","coordinates":[120.82655,15.597]},"properties":{"rain_mm_24h":0.26,"rain_mm_72h":10.65,"context_flag":"none","prone_score":0.975}},{"type":"Feature","geometry":{"type":"Point","coordinates":[120.53819,14.6376]},"properties":{"rain_mm_24h":2.71,"rain_mm_72h":11.05,"context_flag":"none","prone_score":0.989}},{"type":"Feature","geometry":{"type":"Point","coordinates":[120.90201,15.29786]},"properties":{"rain_mm_24h":0.0,"rain_mm_72h":2.46,"context_flag":"none","prone_score":0.969}},{"type":"Feature","geometry":{"type":"Point","coordinates":[120.7457,15.27361]},"properties":{"rain_mm_24h":0.12,"rain_mm_72h":2.67,"context_flag":"none","prone_score":0.954}},{"type":"Feature","geometry":{"type":"Point","coordinates":[120.64329,15.58083]},"properties":{"rain_mm_24h":1.88,"rain_mm_72h":17.07,"context_flag":"none","prone_score":0.968}},{"type":"Feature","geometry":{"type":"Point","coordinates":[120.77265,15.5458]},"properties":{"rain_mm_24h":1.1,"rain_mm_72h":11.4,"context_flag":"none","prone_score":0.99}},{"type":"Feature","geometry":{"type":"Point","coordinates":[120.79691,15.13886]},"properties":{"rain_mm_24h":0.0,"rain_mm_72h":3.02,"context_flag":"none","prone_score":0.974}},{"type":"Feature","geometry":{"type":"Point","coordinates":[120.8535,15.35445]},"properties":{"rain_mm_24h":0.0,"rain_mm_72h":3.78,"context_flag":"none","prone_score":0.99}},{"type":"Feature","geometry":{"type":"Point","coordinates":[120.71606,15.58083]},"properties":{"rain_mm_24h":1.1,"rain_mm_72h":11.4,"context_flag":"none","prone_score":0.993}},{"type":"Feature","geometry":{"type":"Point","coordinates":[120.93974,15.58891]},"properties":{"rain_mm_24h":0.0,"rain_mm_72h":9.33,"context_flag":"none","prone_score":0.985}},{"type":"Feature","geometry":{"type":"Point","coordinates":[120.81846,15.49998]},"properties":{"rain_mm_24h":0.0,"rain_mm_72h":9.92,"context_flag":"none","prone_score":0.984}},{"type":"Feature","geometry":{"type":"Point","coordinates":[120.89931,15.29517]},"properties":{"rain_mm_24h":0.0,"rain_mm_72h":2.88,"context_flag":"none","prone_score":0.967}},{"type":"Feature","geometry":{"type":"Point","coordinates":[120.52741,14.73192]},"properties":{"rain_mm_24h":0.1,"rain_mm_72h":6.65,"context_flag":"none","prone_score":0.988}},{"type":"Feature","geometry":{"type":"Point","coordinates":[120.53819,14.75887]},"properties":{"rain_mm_24h":0.1,"rain_mm_72h":6.65,"context_flag":"none","prone_score":0.996}},{"type":"Feature","geometry":{"type":"Point","coordinates":[120.44387,14.87475]},"properties":{"rain_mm_24h":0.22,"rain_mm_72h":12.04,"context_flag":"none","prone_score":0.993}},{"type":"Feature","geometry":{"type":"Point","coordinates":[120.86428,14.85858]},"properties":{"rain_mm_24h":0.0,"rain_mm_72h":1.38,"context_flag":"none","prone_score":0.968}},{"type":"Feature","geometry":{"type":"Point","coordinates":[121.00442,15.4353]},"properties":{"rain_mm_24h":0.12,"rain_mm_72h":4.77,"context_flag":"none","prone_score":0.996}},{"type":"Feature","geometry":{"type":"Point","coordinates":[120.99094,15.58083]},"properties":{"rain_mm_24h":0.0,"rain_mm_72h":9.33,"context_flag":"none","prone_score":0.992}},{"type":"Feature","geometry":{"type":"Point","coordinates":[120.90201,15.30056]},"properties":{"rain_mm_24h":0.0,"rain_mm_72h":4.11,"context_flag":"none","prone_score":0.984}},{"type":"Feature","geometry":{"type":"Point","coordinates":[120.75918,15.39488]},"properties":{"rain_mm_24h":0.24,"rain_mm_72h":4.24,"context_flag":"none","prone_score":0.975}},{"type":"Feature","geometry":{"type":"Point","coordinates":[120.71067,15.53232]},"properties":{"rain_mm_24h":1.1,"rain_mm_72h":11.4,"context_flag":"none","prone_score":0.937}},{"type":"Feature","geometry":{"type":"Point","coordinates":[120.54358,14.78043]},"properties":{"rain_mm_24h":0.1,"rain_mm_72h":6.65,"context_flag":"none","prone_score":0.944}},{"type":"Feature","geometry":{"type":"Point","coordinates":[120.6379,15.50537]},"properties":{"rain_mm_24h":1.88,"rain_mm_72h":17.07,"context_flag":"none","prone_score":0.97}},{"type":"Feature","geometry":{"type":"Point","coordinates":[120.60556,15.52424]},"properties":{"rain_mm_24h":1.88,"rain_mm_72h":17.07,"context_flag":"none","prone_score":0.952}},{"type":"Feature","geometry":{"type":"Point","coordinates":[120.73223,15.5458]},"properties":{"rain_mm_24h":1.1,"rain_mm_72h":11.4,"context_flag":"none","prone_score":0.985}},{"type":"Feature","geometry":{"type":"Point","coordinates":[120.89392,15.5431]},"properties":{"rain_mm_24h":0.26,"rain_mm_72h":10.65,"context_flag":"none","prone_score":0.987}},{"type":"Feature","geometry":{"type":"Point","coordinates":[121.03676,15.58352]},"properties":{"rain_mm_24h":0.0,"rain_mm_72h":7.76,"context_flag":"none","prone_score":0.979}},{"type":"Feature","geometry":{"type":"Point","coordinates":[120.97747,15.45147]},"properties":{"rain_mm_24h":0.0,"rain_mm_72h":5.6,"context_flag":"none","prone_score":0.992}},{"type":"Feature","geometry":{"type":"Point","coordinates":[120.73492,15.42183]},"properties":{"rain_mm_24h":0.54,"rain_mm_72h":10.72,"context_flag":"none","prone_score":0.911}},{"type":"Feature","geometry":{"type":"Point","coordinates":[121.441,14.30612]},"properties":{"rain_mm_24h":0.09,"rain_mm_72h":1.35,"context_flag":"none","prone_score":0.924}},{"type":"Feature","geometry":{"type":"Point","coordinates":[120.95591,15.2763]},"properties":{"rain_mm_24h":0.0,"rain_mm_72h":2.46,"context_flag":"none","prone_score":0.971}},{"type":"Feature","geometry":{"type":"Point","coordinates":[120.79691,15.58891]},"properties":{"rain_mm_24h":1.1,"rain_mm_72h":11.4,"context_flag":"none","prone_score":0.991}},{"type":"Feature","geometry":{"type":"Point","coordinates":[120.71606,15.12538]},"properties":{"rain_mm_24h":0.0,"rain_mm_72h":3.02,"context_flag":"none","prone_score":0.964}},{"type":"Feature","geometry":{"type":"Point","coordinates":[120.95321,15.1685]},"properties":{"rain_mm_24h":0.0,"rain_mm_72h":0.74,"context_flag":"none","prone_score":0.956}},{"type":"Feature","geometry":{"type":"Point","coordinates":[120.6945,15.51346]},"properties":{"rain_mm_24h":1.88,"rain_mm_72h":17.07,"context_flag":"none","prone_score":0.942}},{"type":"Feature","geometry":{"type":"Point","coordinates":[121.00981,15.43261]},"properties":{"rain_mm_24h":0.12,"rain_mm_72h":4.77,"context_flag":"none","prone_score":0.994}},{"type":"Feature","geometry":{"type":"Point","coordinates":[120.91548,15.25474]},"properties":{"rain_mm_24h":0.0,"rain_mm_72h":2.46,"context_flag":"none","prone_score":0.975}},{"type":"Feature","geometry":{"type":"Point","coordinates":[120.92357,15.04184]},"properties":{"rain_mm_24h":0.0,"rain_mm_72h":1.36,"context_flag":"none","prone_score":0.954}},{"type":"Feature","geometry":{"type":"Point","coordinates":[120.91279,14.86936]},"properties":{"rain_mm_24h":0.0,"rain_mm_72h":0.93,"context_flag":"none","prone_score":0.986}},{"type":"Feature","geometry":{"type":"Point","coordinates":[120.87506,14.94482]},"properties":{"rain_mm_24h":0.0,"rain_mm_72h":1.51,"context_flag":"none","prone_score":0.951}},{"type":"Feature","geometry":{"type":"Point","coordinates":[120.64868,15.53502]},"properties":{"rain_mm_24h":1.88,"rain_mm_72h":17.07,"context_flag":"none","prone_score":0.951}},{"type":"Feature","geometry":{"type":"Point","coordinates":[120.44117,14.87206]},"properties":{"rain_mm_24h":0.22,"rain_mm_72h":12.04,"context_flag":"none","prone_score":0.995}},{"type":"Feature","geometry":{"type":"Point","coordinates":[120.7996,15.13886]},"properties":{"rain_mm_24h":0.0,"rain_mm_72h":3.02,"context_flag":"none","prone_score":0.884}},{"type":"Feature","geometry":{"type":"Point","coordinates":[121.28469,14.48938]},"properties":{"rain_mm_24h":0.0,"rain_mm_72h":5.12,"context_flag":"none","prone_score":0.949}},{"type":"Feature","geometry":{"type":"Point","coordinates":[120.89931,15.39488]},"properties":{"rain_mm_24h":0.0,"rain_mm_72h":3.78,"context_flag":"none","prone_score":0.961}},{"type":"Feature","geometry":{"type":"Point","coordinates":[120.94782,15.34098]},"properties":{"rain_mm_24h":0.0,"rain_mm_72h":4.11,"context_flag":"none","prone_score":0.974}},{"type":"Feature","geometry":{"type":"Point","coordinates":[120.93704,15.1146]},"properties":{"rain_mm_24h":0.0,"rain_mm_72h":0.74,"context_flag":"none","prone_score":0.983}},{"type":"Feature","geometry":{"type":"Point","coordinates":[120.89662,15.58352]},"properties":{"rain_mm_24h":0.26,"rain_mm_72h":10.65,"context_flag":"none","prone_score":0.971}},{"type":"Feature","geometry":{"type":"Point","coordinates":[120.88853,14.86128]},"properties":{"rain_mm_24h":0.0,"rain_mm_72h":1.38,"context_flag":"none","prone_score":0.972}},{"type":"Feature","geometry":{"type":"Point","coordinates":[120.55167,14.6888]},"properties":{"rain_mm_24h":2.71,"rain_mm_72h":11.05,"context_flag":"none","prone_score":0.961}},{"type":"Feature","geometry":{"type":"Point","coordinates":[120.82924,15.28978]},"properties":{"rain_mm_24h":0.0,"rain_mm_72h":2.88,"context_flag":"none","prone_score":0.992}},{"type":"Feature","geometry":{"type":"Point","coordinates":[120.7484,15.42722]},"properties":{"rain_mm_24h":0.54,"rain_mm_72h":10.72,"context_flag":"none","prone_score":0.964}},{"type":"Feature","geometry":{"type":"Point","coordinates":[120.8508,15.55657]},"properties":{"rain_mm_24h":0.26,"rain_mm_72h":10.65,"context_flag":"none","prone_score":0.91}},{"type":"Feature","geometry":{"type":"Point","coordinates":[120.93974,15.597]},"properties":{"rain_mm_24h":0.0,"rain_mm_72h":9.33,"context_flag":"none","prone_score":0.979}},{"type":"Feature","geometry":{"type":"Point","coordinates":[120.97208,15.20893]},"properties":{"rain_mm_24h":0.0,"rain_mm_72h":2.46,"context_flag":"none","prone_score":0.987}},{"type":"Feature","geometry":{"type":"Point","coordinates":[120.9074,15.02837]},"properties":{"rain_mm_24h":0.0,"rain_mm_72h":1.36,"context_flag":"none","prone_score":0.981}},{"type":"Feature","geometry":{"type":"Point","coordinates":[120.80769,15.53502]},"properties":{"rain_mm_24h":0.26,"rain_mm_72h":10.65,"context_flag":"none","prone_score":0.99}},{"type":"Feature","geometry":{"type":"Point","coordinates":[121.05293,15.58083]},"properties":{"rain_mm_24h":0.0,"rain_mm_72h":7.76,"context_flag":"none","prone_score":0.99}},{"type":"Feature","geometry":{"type":"Point","coordinates":[120.5328,14.74001]},"properties":{"rain_mm_24h":0.1,"rain_mm_72h":6.65,"context_flag":"none","prone_score":0.997}},{"type":"Feature","geometry":{"type":"Point","coordinates":[120.76457,15.16581]},"properties":{"rain_mm_24h":0.0,"rain_mm_72h":3.02,"context_flag":"none","prone_score":0.993}},{"type":"Feature","geometry":{"type":"Point","coordinates":[120.89662,15.58622]},"properties":{"rain_mm_24h":0.26,"rain_mm_72h":10.65,"context_flag":"none","prone_score":0.978}},{"type":"Feature","geometry":{"type":"Point","coordinates":[120.93435,15.10382]},"properties":{"rain_mm_24h":0.0,"rain_mm_72h":0.74,"context_flag":"none","prone_score":0.986}},{"type":"Feature","geometry":{"type":"Point","coordinates":[120.98016,15.23318]},"properties":{"rain_mm_24h":0.0,"rain_mm_72h":2.46,"context_flag":"none","prone_score":0.986}},{"type":"Feature","geometry":{"type":"Point","coordinates":[120.62982,15.4919]},"properties":{"rain_mm_24h":1.87,"rain_mm_72h":10.27,"context_flag":"none","prone_score":0.983}},{"type":"Feature","geometry":{"type":"Point","coordinates":[120.54628,14.93674]},"properties":{"rain_mm_24h":0.2,"rain_mm_72h":8.55,"context_flag":"none","prone_score":0.976}},{"type":"Feature","geometry":{"type":"Point","coordinates":[120.87236,15.58622]},"properties":{"rain_mm_24h":0.26,"rain_mm_72h":10.65,"context_flag":"none","prone_score":0.989}},{"type":"Feature","geometry":{"type":"Point","coordinates":[120.82385,15.55119]},"properties":{"rain_mm_24h":0.26,"rain_mm_72h":10.65,"context_flag":"none","prone_score":0.982}},{"type":"Feature","geometry":{"type":"Point","coordinates":[120.85619,15.55388]},"properties":{"rain_mm_24h":0.26,"rain_mm_72h":10.65,"context_flag":"none","prone_score":0.982}},{"type":"Feature","geometry":{"type":"Point","coordinates":[120.76187,15.40835]},"properties":{"rain_mm_24h":0.54,"rain_mm_72h":10.72,"context_flag":"none","prone_score":0.934}},{"type":"Feature","geometry":{"type":"Point","coordinates":[120.60017,14.94213]},"properties":{"rain_mm_24h":0.2,"rain_mm_72h":8.55,"context_flag":"none","prone_score":0.979}},{"type":"Feature","geometry":{"type":"Point","coordinates":[120.8023,15.54041]},"properties":{"rain_mm_24h":0.26,"rain_mm_72h":10.65,"context_flag":"none","prone_score":0.993}},{"type":"Feature","geometry":{"type":"Point","coordinates":[120.97747,15.26552]},"properties":{"rain_mm_24h":0.0,"rain_mm_72h":2.46,"context_flag":"none","prone_score":0.95}},{"type":"Feature","geometry":{"type":"Point","coordinates":[120.8535,15.59161]},"properties":{"rain_mm_24h":0.26,"rain_mm_72h":10.65,"context_flag":"none","prone_score":0.988}},{"type":"Feature","geometry":{"type":"Point","coordinates":[120.76996,15.47573]},"properties":{"rain_mm_24h":0.54,"rain_mm_72h":10.72,"context_flag":"none","prone_score":0.993}},{"type":"Feature","geometry":{"type":"Point","coordinates":[121.05832,15.57005]},"properties":{"rain_mm_24h":0.0,"rain_mm_72h":7.76,"context_flag":"none","prone_score":0.989}},{"type":"Feature","geometry":{"type":"Point","coordinates":[120.91548,15.25744]},"properties":{"rain_mm_24h":0.0,"rain_mm_72h":2.46,"context_flag":"none","prone_score":0.977}},{"type":"Feature","geometry":{"type":"Point","coordinates":[120.76187,14.87745]},"properties":{"rain_mm_24h":0.0,"rain_mm_72h":1.91,"context_flag":"none","prone_score":0.918}},{"type":"Feature","geometry":{"type":"Point","coordinates":[120.68641,15.58622]},"properties":{"rain_mm_24h":1.88,"rain_mm_72h":17.07,"context_flag":"none","prone_score":0.961}},{"type":"Feature","geometry":{"type":"Point","coordinates":[120.9613,15.10921]},"properties":{"rain_mm_24h":0.0,"rain_mm_72h":0.74,"context_flag":"none","prone_score":0.869}},{"type":"Feature","geometry":{"type":"Point","coordinates":[120.78613,15.57274]},"properties":{"rain_mm_24h":1.1,"rain_mm_72h":11.4,"context_flag":"none","prone_score":0.96}},{"type":"Feature","geometry":{"type":"Point","coordinates":[120.80499,15.54041]},"properties":{"rain_mm_24h":0.26,"rain_mm_72h":10.65,"context_flag":"none","prone_score":0.975}},{"type":"Feature","geometry":{"type":"Point","coordinates":[120.95052,15.35715]},"properties":{"rain_mm_24h":0.0,"rain_mm_72h":4.11,"context_flag":"none","prone_score":0.992}},{"type":"Feature","geometry":{"type":"Point","coordinates":[120.52741,14.73462]},"properties":{"rain_mm_24h":0.1,"rain_mm_72h":6.65,"context_flag":"none","prone_score":0.964}},{"type":"Feature","geometry":{"type":"Point","coordinates":[120.18246,14.99064]},"properties":{"rain_mm_24h":2.31,"rain_mm_72h":18.28,"context_flag":"none","prone_score":0.987}},{"type":"Feature","geometry":{"type":"Point","coordinates":[120.89123,15.00681]},"properties":{"rain_mm_24h":0.0,"rain_mm_72h":2.33,"context_flag":"none","prone_score":0.984}},{"type":"Feature","geometry":{"type":"Point","coordinates":[120.57053,14.92326]},"properties":{"rain_mm_24h":0.2,"rain_mm_72h":8.55,"context_flag":"none","prone_score":0.994}},{"type":"Feature","geometry":{"type":"Point","coordinates":[120.93704,14.71575]},"properties":{"rain_mm_24h":0.61,"rain_mm_72h":2.16,"context_flag":"none","prone_score":0.995}},{"type":"Feature","geometry":{"type":"Point","coordinates":[120.88584,15.39488]},"properties":{"rain_mm_24h":0.0,"rain_mm_72h":3.78,"context_flag":"none","prone_score":0.994}},{"type":"Feature","geometry":{"type":"Point","coordinates":[120.6918,15.56466]},"properties":{"rain_mm_24h":1.88,"rain_mm_72h":17.07,"context_flag":"none","prone_score":0.938}},{"type":"Feature","geometry":{"type":"Point","coordinates":[120.92626,15.30056]},"properties":{"rain_mm_24h":0.0,"rain_mm_72h":4.11,"context_flag":"none","prone_score":0.939}},{"type":"Feature","geometry":{"type":"Point","coordinates":[120.89931,14.88553]},"properties":{"rain_mm_24h":0.0,"rain_mm_72h":1.38,"context_flag":"none","prone_score":0.861}},{"type":"Feature","geometry":{"type":"Point","coordinates":[120.82116,15.5943]},"properties":{"rain_mm_24h":0.26,"rain_mm_72h":10.65,"context_flag":"none","prone_score":0.985}},{"type":"Feature","geometry":{"type":"Point","coordinates":[120.7996,15.51615]},"properties":{"rain_mm_24h":1.1,"rain_mm_72h":11.4,"context_flag":"none","prone_score":0.979}},{"type":"Feature","geometry":{"type":"Point","coordinates":[121.43561,14.41392]},"properties":{"rain_mm_24h":0.0,"rain_mm_72h":1.91,"context_flag":"none","prone_score":0.994}},{"type":"Feature","geometry":{"type":"Point","coordinates":[120.17437,14.99064]},"properties":{"rain_mm_24h":2.31,"rain_mm_72h":18.28,"context_flag":"none","prone_score":0.99}},{"type":"Feature","geometry":{"type":"Point","coordinates":[120.89931,14.98794]},"properties":{"rain_mm_24h":0.0,"rain_mm_72h":1.51,"context_flag":"none","prone_score":0.995}},{"type":"Feature","geometry":{"type":"Point","coordinates":[120.91548,15.27091]},"properties":{"rain_mm_24h":0.0,"rain_mm_72h":2.46,"context_flag":"none","prone_score":0.989}},{"type":"Feature","geometry":{"type":"Point","coordinates":[120.65677,15.53502]},"properties":{"rain_mm_24h":1.88,"rain_mm_72h":17.07,"context_flag":"none","prone_score":0.848}},{"type":"Feature","geometry":{"type":"Point","coordinates":[120.54089,14.64568]},"properties":{"rain_mm_24h":2.71,"rain_mm_72h":11.05,"context_flag":"none","prone_score":0.993}},{"type":"Feature","geometry":{"type":"Point","coordinates":[121.1742,15.58352]},"properties":{"rain_mm_24h":0.35,"rain_mm_72h":5.92,"context_flag":"none","prone_score":0.991}},{"type":"Feature","geometry":{"type":"Point","coordinates":[120.95321,15.26822]},"properties":{"rain_mm_24h":0.0,"rain_mm_72h":2.46,"context_flag":"none","prone_score":0.977}},{"type":"Feature","geometry":{"type":"Point","coordinates":[120.84811,15.44339]},"properties":{"rain_mm_24h":0.0,"rain_mm_72h":9.92,"context_flag":"none","prone_score":0.864}},{"type":"Feature","geometry":{"type":"Point","coordinates":[121.19576,14.45973]},"properties":{"rain_mm_24h":0.0,"rain_mm_72h":13.54,"context_flag":"none","prone_score":0.807}},{"type":"Feature","geometry":{"type":"Point","coordinates":[120.80769,15.39488]},"properties":{"rain_mm_24h":0.0,"rain_mm_72h":3.78,"context_flag":"none","prone_score":0.933}},{"type":"Feature","geometry":{"type":"Point","coordinates":[120.91279,14.91787]},"properties":{"rain_mm_24h":0.0,"rain_mm_72h":0.9,"context_flag":"none","prone_score":0.984}},{"type":"Feature","geometry":{"type":"Point","coordinates":[120.7484,15.28708]},"properties":{"rain_mm_24h":0.12,"rain_mm_72h":2.67,"context_flag":"none","prone_score":0.981}},{"type":"Feature","geometry":{"type":"Point","coordinates":[120.71336,14.9044]},"properties":{"rain_mm_24h":0.0,"rain_mm_72h":1.86,"context_flag":"none","prone_score":0.995}},{"type":"Feature","geometry":{"type":"Point","coordinates":[120.88853,14.99064]},"properties":{"rain_mm_24h":0.0,"rain_mm_72h":1.51,"context_flag":"none","prone_score":0.992}},{"type":"Feature","geometry":{"type":"Point","coordinates":[120.81846,15.47842]},"properties":{"rain_mm_24h":0.0,"rain_mm_72h":9.92,"context_flag":"none","prone_score":0.995}},{"type":"Feature","geometry":{"type":"Point","coordinates":[120.97747,15.41913]},"properties":{"rain_mm_24h":0.0,"rain_mm_72h":5.6,"context_flag":"none","prone_score":0.992}},{"type":"Feature","geometry":{"type":"Point","coordinates":[120.87506,15.3275]},"properties":{"rain_mm_24h":0.0,"rain_mm_72h":3.78,"context_flag":"none","prone_score":0.997}},{"type":"Feature","geometry":{"type":"Point","coordinates":[120.80769,15.5458]},"properties":{"rain_mm_24h":0.26,"rain_mm_72h":10.65,"context_flag":"none","prone_score":0.992}},{"type":"Feature","geometry":{"type":"Point","coordinates":[120.69719,15.34637]},"properties":{"rain_mm_24h":2.59,"rain_mm_72h":9.54,"context_flag":"none","prone_score":0.984}},{"type":"Feature","geometry":{"type":"Point","coordinates":[120.78882,15.57813]},"properties":{"rain_mm_24h":1.1,"rain_mm_72h":11.4,"context_flag":"none","prone_score":0.988}},{"type":"Feature","geometry":{"type":"Point","coordinates":[120.53011,14.69419]},"properties":{"rain_mm_24h":2.71,"rain_mm_72h":11.05,"context_flag":"none","prone_score":0.992}},{"type":"Feature","geometry":{"type":"Point","coordinates":[120.79152,15.41105]},"properties":{"rain_mm_24h":0.54,"rain_mm_72h":10.72,"context_flag":"none","prone_score":0.994}},{"type":"Feature","geometry":{"type":"Point","coordinates":[120.78074,15.19276]},"properties":{"rain_mm_24h":0.0,"rain_mm_72h":3.02,"context_flag":"none","prone_score":0.935}},{"type":"Feature","geometry":{"type":"Point","coordinates":[120.65677,15.52424]},"properties":{"rain_mm_24h":1.88,"rain_mm_72h":17.07,"context_flag":"none","prone_score":0.963}},{"type":"Feature","geometry":{"type":"Point","coordinates":[120.96399,15.55119]},"properties":{"rain_mm_24h":0.0,"rain_mm_72h":9.33,"context_flag":"none","prone_score":0.975}},{"type":"Feature","geometry":{"type":"Point","coordinates":[120.54897,14.88284]},"properties":{"rain_mm_24h":0.09,"rain_mm_72h":6.31,"context_flag":"none","prone_score":0.996}},{"type":"Feature","geometry":{"type":"Point","coordinates":[120.8508,15.51885]},"properties":{"rain_mm_24h":0.26,"rain_mm_72h":10.65,"context_flag":"none","prone_score":0.976}},{"type":"Feature","geometry":{"type":"Point","coordinates":[120.85889,14.93404]},"properties":{"rain_mm_24h":0.0,"rain_mm_72h":1.51,"context_flag":"none","prone_score":0.97}},{"type":"Feature","geometry":{"type":"Point","coordinates":[120.85619,14.96908]},"properties":{"rain_mm_24h":0.0,"rain_mm_72h":1.51,"context_flag":"none","prone_score":0.994}},{"type":"Feature","geometry":{"type":"Point","coordinates":[120.9586,15.57005]},"properties":{"rain_mm_24h":0.0,"rain_mm_72h":9.33,"context_flag":"none","prone_score":0.992}},{"type":"Feature","geometry":{"type":"Point","coordinates":[120.78343,15.52154]},"properties":{"rain_mm_24h":1.1,"rain_mm_72h":11.4,"context_flag":"none","prone_score":0.99}},{"type":"Feature","geometry":{"type":"Point","coordinates":[120.88853,15.59161]},"properties":{"rain_mm_24h":0.26,"rain_mm_72h":10.65,"context_flag":"none","prone_score":0.984}},{"type":"Feature","geometry":{"type":"Point","coordinates":[120.91548,14.92865]},"properties":{"rain_mm_24h":0.0,"rain_mm_72h":0.9,"context_flag":"none","prone_score":0.997}},{"type":"Feature","geometry":{"type":"Point","coordinates":[120.17168,14.99603]},"properties":{"rain_mm_24h":2.31,"rain_mm_72h":18.28,"context_flag":"none","prone_score":0.997}},{"type":"Feature","geometry":{"type":"Point","coordinates":[120.86428,14.97986]},"properties":{"rain_mm_24h":0.0,"rain_mm_72h":1.51,"context_flag":"none","prone_score":0.991}},{"type":"Feature","geometry":{"type":"Point","coordinates":[121.25505,14.50824]},"properties":{"rain_mm_24h":0.02,"rain_mm_72h":5.06,"context_flag":"none","prone_score":0.995}},{"type":"Feature","geometry":{"type":"Point","coordinates":[120.80769,15.41374]},"properties":{"rain_mm_24h":0.0,"rain_mm_72h":9.92,"context_flag":"none","prone_score":0.98}},{"type":"Feature","geometry":{"type":"Point","coordinates":[120.94513,15.24396]},"properties":{"rain_mm_24h":0.0,"rain_mm_72h":2.46,"context_flag":"none","prone_score":0.992}},{"type":"Feature","geometry":{"type":"Point","coordinates":[120.70258,15.55119]},"properties":{"rain_mm_24h":1.1,"rain_mm_72h":11.4,"context_flag":"none","prone_score":0.919}},{"type":"Feature","geometry":{"type":"Point","coordinates":[120.93704,15.59969]},"properties":{"rain_mm_24h":0.0,"rain_mm_72h":9.33,"context_flag":"none","prone_score":0.983}},{"type":"Feature","geometry":{"type":"Point","coordinates":[120.94782,15.279]},"properties":{"rain_mm_24h":0.0,"rain_mm_72h":2.46,"context_flag":"none","prone_score":0.984}},{"type":"Feature","geometry":{"type":"Point","coordinates":[120.62982,15.51615]},"properties":{"rain_mm_24h":1.88,"rain_mm_72h":17.07,"context_flag":"none","prone_score":0.97}},{"type":"Feature","geometry":{"type":"Point","coordinates":[120.87236,15.58083]},"properties":{"rain_mm_24h":0.26,"rain_mm_72h":10.65,"context_flag":"none","prone_score":0.988}},{"type":"Feature","geometry":{"type":"Point","coordinates":[120.81846,15.4892]},"properties":{"rain_mm_24h":0.0,"rain_mm_72h":9.92,"context_flag":"none","prone_score":0.975}},{"type":"Feature","geometry":{"type":"Point","coordinates":[120.50855,14.8478]},"properties":{"rain_mm_24h":0.09,"rain_mm_72h":6.31,"context_flag":"none","prone_score":0.996}},{"type":"Feature","geometry":{"type":"Point","coordinates":[121.24427,14.17676]},"properties":{"rain_mm_24h":0.0,"rain_mm_72h":4.66,"context_flag":"none","prone_score":0.665}},{"type":"Feature","geometry":{"type":"Point","coordinates":[120.93435,15.35715]},"properties":{"rain_mm_24h":0.0,"rain_mm_72h":4.11,"context_flag":"none","prone_score":0.981}},{"type":"Feature","geometry":{"type":"Point","coordinates":[120.92357,15.26822]},"properties":{"rain_mm_24h":0.0,"rain_mm_72h":2.46,"context_flag":"none","prone_score":0.986}},{"type":"Feature","geometry":{"type":"Point","coordinates":[120.89123,15.55119]},"properties":{"rain_mm_24h":0.26,"rain_mm_72h":10.65,"context_flag":"none","prone_score":0.963}},{"type":"Feature","geometry":{"type":"Point","coordinates":[120.89662,15.4353]},"properties":{"rain_mm_24h":0.0,"rain_mm_72h":9.92,"context_flag":"none","prone_score":0.992}},{"type":"Feature","geometry":{"type":"Point","coordinates":[121.31703,15.46495]},"properties":{"rain_mm_24h":0.11,"rain_mm_72h":2.28,"context_flag":"none","prone_score":0.949}},{"type":"Feature","geometry":{"type":"Point","coordinates":[120.45465,14.87206]},"properties":{"rain_mm_24h":0.22,"rain_mm_72h":12.04,"context_flag":"none","prone_score":0.998}},{"type":"Feature","geometry":{"type":"Point","coordinates":[120.89931,15.37601]},"properties":{"rain_mm_24h":0.0,"rain_mm_72h":3.78,"context_flag":"none","prone_score":0.996}},{"type":"Feature","geometry":{"type":"Point","coordinates":[120.86158,15.54849]},"properties":{"rain_mm_24h":0.26,"rain_mm_72h":10.65,"context_flag":"none","prone_score":0.973}},{"type":"Feature","geometry":{"type":"Point","coordinates":[120.6918,15.35715]},"properties":{"rain_mm_24h":2.59,"rain_mm_72h":9.54,"context_flag":"none","prone_score":0.977}},{"type":"Feature","geometry":{"type":"Point","coordinates":[120.87236,15.44069]},"properties":{"rain_mm_24h":0.0,"rain_mm_72h":9.92,"context_flag":"none","prone_score":0.986}},{"type":"Feature","geometry":{"type":"Point","coordinates":[120.95321,15.21971]},"properties":{"rain_mm_24h":0.0,"rain_mm_72h":2.46,"context_flag":"none","prone_score":0.97}},{"type":"Feature","geometry":{"type":"Point","coordinates":[120.9074,15.05801]},"properties":{"rain_mm_24h":0.0,"rain_mm_72h":1.36,"context_flag":"none","prone_score":0.978}},{"type":"Feature","geometry":{"type":"Point","coordinates":[120.96669,15.52963]},"properties":{"rain_mm_24h":0.0,"rain_mm_72h":9.33,"context_flag":"none","prone_score":0.986}},{"type":"Feature","geometry":{"type":"Point","coordinates":[120.89123,15.1685]},"properties":{"rain_mm_24h":0.0,"rain_mm_72h":1.6,"context_flag":"none","prone_score":0.996}},{"type":"Feature","geometry":{"type":"Point","coordinates":[120.53819,14.65377]},"properties":{"rain_mm_24h":2.71,"rain_mm_72h":11.05,"context_flag":"none","prone_score":0.989}},{"type":"Feature","geometry":{"type":"Point","coordinates":[120.52472,14.69689]},"properties":{"rain_mm_24h":2.71,"rain_mm_72h":11.05,"context_flag":"none","prone_score":0.987}},{"type":"Feature","geometry":{"type":"Point","coordinates":[120.72145,15.55927]},"properties":{"rain_mm_24h":1.1,"rain_mm_72h":11.4,"context_flag":"none","prone_score":0.988}},{"type":"Feature","geometry":{"type":"Point","coordinates":[120.93165,15.26283]},"properties":{"rain_mm_24h":0.0,"rain_mm_72h":2.46,"context_flag":"none","prone_score":0.985}},{"type":"Feature","geometry":{"type":"Point","coordinates":[120.86967,14.96099]},"properties":{"rain_mm_24h":0.0,"rain_mm_72h":1.51,"context_flag":"none","prone_score":0.979}},{"type":"Feature","geometry":{"type":"Point","coordinates":[120.82385,15.58622]},"properties":{"rain_mm_24h":0.26,"rain_mm_72h":10.65,"context_flag":"none","prone_score":0.98}},{"type":"Feature","geometry":{"type":"Point","coordinates":[120.83733,15.2763]},"properties":{"rain_mm_24h":0.0,"rain_mm_72h":2.88,"context_flag":"none","prone_score":0.939}},{"type":"Feature","geometry":{"type":"Point","coordinates":[120.94782,15.18467]},"properties":{"rain_mm_24h":0.0,"rain_mm_72h":0.74,"context_flag":"none","prone_score":0.989}},{"type":"Feature","geometry":{"type":"Point","coordinates":[120.89662,15.57544]},"properties":{"rain_mm_24h":0.26,"rain_mm_72h":10.65,"context_flag":"none","prone_score":0.952}},{"type":"Feature","geometry":{"type":"Point","coordinates":[120.94513,15.19815]},"properties":{"rain_mm_24h":0.0,"rain_mm_72h":0.74,"context_flag":"none","prone_score":0.991}},{"type":"Feature","geometry":{"type":"Point","coordinates":[120.79421,15.58083]},"properties":{"rain_mm_24h":1.1,"rain_mm_72h":11.4,"context_flag":"none","prone_score":0.994}},{"type":"Feature","geometry":{"type":"Point","coordinates":[120.82924,15.27361]},"properties":{"rain_mm_24h":0.0,"rain_mm_72h":2.88,"context_flag":"none","prone_score":0.988}},{"type":"Feature","geometry":{"type":"Point","coordinates":[120.80769,15.41644]},"properties":{"rain_mm_24h":0.0,"rain_mm_72h":9.92,"context_flag":"none","prone_score":0.983}},{"type":"Feature","geometry":{"type":"Point","coordinates":[120.91818,15.25744]},"properties":{"rain_mm_24h":0.0,"rain_mm_72h":2.46,"context_flag":"none","prone_score":0.977}},{"type":"Feature","geometry":{"type":"Point","coordinates":[121.05832,15.57544]},"properties":{"rain_mm_24h":0.0,"rain_mm_72h":7.76,"context_flag":"none","prone_score":0.985}},{"type":"Feature","geometry":{"type":"Point","coordinates":[120.92357,15.11191]},"properties":{"rain_mm_24h":0.0,"rain_mm_72h":0.74,"context_flag":"none","prone_score":0.986}},{"type":"Feature","geometry":{"type":"Point","coordinates":[121.31164,13.92883]},"properties":{"rain_mm_24h":0.01,"rain_mm_72h":1.24,"context_flag":"none","prone_score":0.983}},{"type":"Feature","geometry":{"type":"Point","coordinates":[120.78882,14.83433]},"properties":{"rain_mm_24h":0.0,"rain_mm_72h":1.91,"context_flag":"none","prone_score":0.993}},{"type":"Feature","geometry":{"type":"Point","coordinates":[120.57053,14.92057]},"properties":{"rain_mm_24h":0.2,"rain_mm_72h":8.55,"context_flag":"none","prone_score":0.995}},{"type":"Feature","geometry":{"type":"Point","coordinates":[120.61904,15.56196]},"properties":{"rain_mm_24h":1.88,"rain_mm_72h":17.07,"context_flag":"none","prone_score":0.957}},{"type":"Feature","geometry":{"type":"Point","coordinates":[120.44656,14.88284]},"properties":{"rain_mm_24h":0.22,"rain_mm_72h":12.04,"context_flag":"none","prone_score":0.956}},{"type":"Feature","geometry":{"type":"Point","coordinates":[120.94513,15.57544]},"properties":{"rain_mm_24h":0.0,"rain_mm_72h":9.33,"context_flag":"none","prone_score":0.971}},{"type":"Feature","geometry":{"type":"Point","coordinates":[120.86697,15.57274]},"properties":{"rain_mm_24h":0.26,"rain_mm_72h":10.65,"context_flag":"none","prone_score":0.981}},{"type":"Feature","geometry":{"type":"Point","coordinates":[120.92626,15.04454]},"properties":{"rain_mm_24h":0.0,"rain_mm_72h":1.36,"context_flag":"none","prone_score":0.956}},{"type":"Feature","geometry":{"type":"Point","coordinates":[120.64329,15.58352]},"properties":{"rain_mm_24h":1.88,"rain_mm_72h":17.07,"context_flag":"none","prone_score":0.968}},{"type":"Feature","geometry":{"type":"Point","coordinates":[120.68911,15.34637]},"properties":{"rain_mm_24h":2.59,"rain_mm_72h":9.54,"context_flag":"none","prone_score":0.965}},{"type":"Feature","geometry":{"type":"Point","coordinates":[120.7457,15.13077]},"properties":{"rain_mm_24h":0.0,"rain_mm_72h":3.02,"context_flag":"none","prone_score":0.995}},{"type":"Feature","geometry":{"type":"Point","coordinates":[120.83194,15.26552]},"properties":{"rain_mm_24h":0.0,"rain_mm_72h":2.88,"context_flag":"none","prone_score":0.971}},{"type":"Feature","geometry":{"type":"Point","coordinates":[121.03676,15.51615]},"properties":{"rain_mm_24h":0.0,"rain_mm_72h":7.76,"context_flag":"none","prone_score":0.993}},{"type":"Feature","geometry":{"type":"Point","coordinates":[120.71875,15.54849]},"properties":{"rain_mm_24h":1.1,"rain_mm_72h":11.4,"context_flag":"none","prone_score":0.976}},{"type":"Feature","geometry":{"type":"Point","coordinates":[120.88584,15.57544]},"properties":{"rain_mm_24h":0.26,"rain_mm_72h":10.65,"context_flag":"none","prone_score":0.983}},{"type":"Feature","geometry":{"type":"Point","coordinates":[120.9047,15.4353]},"properties":{"rain_mm_24h":0.0,"rain_mm_72h":5.6,"context_flag":"none","prone_score":0.992}},{"type":"Feature","geometry":{"type":"Point","coordinates":[120.83463,15.20893]},"properties":{"rain_mm_24h":0.0,"rain_mm_72h":2.88,"context_flag":"none","prone_score":0.992}},{"type":"Feature","geometry":{"type":"Point","coordinates":[120.83733,15.27361]},"properties":{"rain_mm_24h":0.0,"rain_mm_72h":2.88,"context_flag":"none","prone_score":0.899}},{"type":"Feature","geometry":{"type":"Point","coordinates":[120.56245,15.39757]},"properties":{"rain_mm_24h":6.41,"rain_mm_72h":14.56,"context_flag":"none","prone_score":0.98}},{"type":"Feature","geometry":{"type":"Point","coordinates":[120.87775,15.5431]},"properties":{"rain_mm_24h":0.26,"rain_mm_72h":10.65,"context_flag":"none","prone_score":0.972}},{"type":"Feature","geometry":{"type":"Point","coordinates":[120.99364,15.51615]},"properties":{"rain_mm_24h":0.0,"rain_mm_72h":9.33,"context_flag":"none","prone_score":0.979}},{"type":"Feature","geometry":{"type":"Point","coordinates":[120.84811,15.50807]},"properties":{"rain_mm_24h":0.26,"rain_mm_72h":10.65,"context_flag":"none","prone_score":0.945}},{"type":"Feature","geometry":{"type":"Point","coordinates":[120.64329,15.57544]},"properties":{"rain_mm_24h":1.88,"rain_mm_72h":17.07,"context_flag":"none","prone_score":0.968}},{"type":"Feature","geometry":{"type":"Point","coordinates":[120.93435,14.97447]},"properties":{"rain_mm_24h":0.0,"rain_mm_72h":0.9,"context_flag":"none","prone_score":0.994}},{"type":"Feature","geometry":{"type":"Point","coordinates":[120.75648,15.54849]},"properties":{"rain_mm_24h":1.1,"rain_mm_72h":11.4,"context_flag":"none","prone_score":0.961}},{"type":"Feature","geometry":{"type":"Point","coordinates":[120.94513,15.24666]},"properties":{"rain_mm_24h":0.0,"rain_mm_72h":2.46,"context_flag":"none","prone_score":0.995}},{"type":"Feature","geometry":{"type":"Point","coordinates":[120.88045,15.44069]},"properties":{"rain_mm_24h":0.0,"rain_mm_72h":9.92,"context_flag":"none","prone_score":0.956}},{"type":"Feature","geometry":{"type":"Point","coordinates":[120.44656,14.87206]},"properties":{"rain_mm_24h":0.22,"rain_mm_72h":12.04,"context_flag":"none","prone_score":0.993}},{"type":"Feature","geometry":{"type":"Point","coordinates":[120.79691,15.53232]},"properties":{"rain_mm_24h":1.1,"rain_mm_72h":11.4,"context_flag":"none","prone_score":0.993}},{"type":"Feature","geometry":{"type":"Point","coordinates":[120.77265,15.27091]},"properties":{"rain_mm_24h":0.12,"rain_mm_72h":2.67,"context_flag":"none","prone_score":0.965}},{"type":"Feature","geometry":{"type":"Point","coordinates":[120.72414,15.41105]},"properties":{"rain_mm_24h":0.54,"rain_mm_72h":10.72,"context_flag":"none","prone_score":0.979}},{"type":"Feature","geometry":{"type":"Point","coordinates":[120.79421,15.56196]},"properties":{"rain_mm_24h":1.1,"rain_mm_72h":11.4,"context_flag":"none","prone_score":0.988}},{"type":"Feature","geometry":{"type":"Point","coordinates":[121.0664,15.57274]},"properties":{"rain_mm_24h":0.0,"rain_mm_72h":7.76,"context_flag":"none","prone_score":0.965}},{"type":"Feature","geometry":{"type":"Point","coordinates":[120.9586,15.10921]},"properties":{"rain_mm_24h":0.0,"rain_mm_72h":0.74,"context_flag":"none","prone_score":0.873}},{"type":"Feature","geometry":{"type":"Point","coordinates":[120.87506,15.58622]},"properties":{"rain_mm_24h":0.26,"rain_mm_72h":10.65,"context_flag":"none","prone_score":0.98}},{"type":"Feature","geometry":{"type":"Point","coordinates":[120.92896,15.34906]},"properties":{"rain_mm_24h":0.0,"rain_mm_72h":4.11,"context_flag":"none","prone_score":0.976}},{"type":"Feature","geometry":{"type":"Point","coordinates":[120.56245,15.40296]},"properties":{"rain_mm_24h":5.43,"rain_mm_72h":16.67,"context_flag":"none","prone_score":0.992}},{"type":"Feature","geometry":{"type":"Point","coordinates":[120.63251,14.97716]},"properties":{"rain_mm_24h":0.0,"rain_mm_72h":2.62,"context_flag":"none","prone_score":0.977}},{"type":"Feature","geometry":{"type":"Point","coordinates":[120.54358,14.90979]},"properties":{"rain_mm_24h":0.2,"rain_mm_72h":8.55,"context_flag":"none","prone_score":0.997}},{"type":"Feature","geometry":{"type":"Point","coordinates":[120.82924,15.44608]},"properties":{"rain_mm_24h":0.0,"rain_mm_72h":9.92,"context_flag":"none","prone_score":0.991}},{"type":"Feature","geometry":{"type":"Point","coordinates":[121.37093,14.26839]},"properties":{"rain_mm_24h":0.0,"rain_mm_72h":0.85,"context_flag":"none","prone_score":0.98}},{"type":"Feature","geometry":{"type":"Point","coordinates":[120.81577,15.57005]},"properties":{"rain_mm_24h":0.26,"rain_mm_72h":10.65,"context_flag":"none","prone_score":0.992}},{"type":"Feature","geometry":{"type":"Point","coordinates":[120.7996,15.49729]},"properties":{"rain_mm_24h":0.54,"rain_mm_72h":10.72,"context_flag":"none","prone_score":0.992}},{"type":"Feature","geometry":{"type":"Point","coordinates":[120.8508,15.57274]},"properties":{"rain_mm_24h":0.26,"rain_mm_72h":10.65,"context_flag":"none","prone_score":0.988}},{"type":"Feature","geometry":{"type":"Point","coordinates":[120.84002,15.58891]},"properties":{"rain_mm_24h":0.26,"rain_mm_72h":10.65,"context_flag":"none","prone_score":0.986}},{"type":"Feature","geometry":{"type":"Point","coordinates":[120.16359,14.99603]},"properties":{"rain_mm_24h":2.31,"rain_mm_72h":18.28,"context_flag":"none","prone_score":0.994}},{"type":"Feature","geometry":{"type":"Point","coordinates":[120.83733,14.82624]},"properties":{"rain_mm_24h":0.0,"rain_mm_72h":1.38,"context_flag":"none","prone_score":0.995}},{"type":"Feature","geometry":{"type":"Point","coordinates":[120.72953,15.54041]},"properties":{"rain_mm_24h":1.1,"rain_mm_72h":11.4,"context_flag":"none","prone_score":0.985}},{"type":"Feature","geometry":{"type":"Point","coordinates":[120.80769,15.53771]},"properties":{"rain_mm_24h":0.26,"rain_mm_72h":10.65,"context_flag":"none","prone_score":0.982}},{"type":"Feature","geometry":{"type":"Point","coordinates":[120.79691,15.57544]},"properties":{"rain_mm_24h":1.1,"rain_mm_72h":11.4,"context_flag":"none","prone_score":0.988}},{"type":"Feature","geometry":{"type":"Point","coordinates":[120.8508,15.58352]},"properties":{"rain_mm_24h":0.26,"rain_mm_72h":10.65,"context_flag":"none","prone_score":0.985}},{"type":"Feature","geometry":{"type":"Point","coordinates":[120.87506,15.52963]},"properties":{"rain_mm_24h":0.26,"rain_mm_72h":10.65,"context_flag":"none","prone_score":0.98}},{"type":"Feature","geometry":{"type":"Point","coordinates":[120.75109,15.59161]},"properties":{"rain_mm_24h":1.1,"rain_mm_72h":11.4,"context_flag":"none","prone_score":0.991}},{"type":"Feature","geometry":{"type":"Point","coordinates":[121.12838,14.30073]},"properties":{"rain_mm_24h":0.0,"rain_mm_72h":6.55,"context_flag":"none","prone_score":0.968}},{"type":"Feature","geometry":{"type":"Point","coordinates":[121.02059,15.51346]},"properties":{"rain_mm_24h":0.0,"rain_mm_72h":7.76,"context_flag":"none","prone_score":0.991}},{"type":"Feature","geometry":{"type":"Point","coordinates":[120.56514,14.96369]},"properties":{"rain_mm_24h":0.2,"rain_mm_72h":8.55,"context_flag":"none","prone_score":0.989}},{"type":"Feature","geometry":{"type":"Point","coordinates":[120.83463,15.597]},"properties":{"rain_mm_24h":0.26,"rain_mm_72h":10.65,"context_flag":"none","prone_score":0.99}},{"type":"Feature","geometry":{"type":"Point","coordinates":[121.05293,15.57813]},"properties":{"rain_mm_24h":0.0,"rain_mm_72h":7.76,"context_flag":"none","prone_score":0.991}},{"type":"Feature","geometry":{"type":"Point","coordinates":[120.77804,15.42183]},"properties":{"rain_mm_24h":0.54,"rain_mm_72h":10.72,"context_flag":"none","prone_score":0.981}},{"type":"Feature","geometry":{"type":"Point","coordinates":[120.91279,15.04184]},"properties":{"rain_mm_24h":0.0,"rain_mm_72h":1.36,"context_flag":"none","prone_score":0.983}},{"type":"Feature","geometry":{"type":"Point","coordinates":[121.07448,15.58891]},"properties":{"rain_mm_24h":0.0,"rain_mm_72h":7.76,"context_flag":"none","prone_score":0.985}},{"type":"Feature","geometry":{"type":"Point","coordinates":[120.86158,14.98525]},"properties":{"rain_mm_24h":0.0,"rain_mm_72h":1.51,"context_flag":"none","prone_score":0.991}},{"type":"Feature","geometry":{"type":"Point","coordinates":[120.80769,15.5943]},"properties":{"rain_mm_24h":0.26,"rain_mm_72h":10.65,"context_flag":"none","prone_score":0.983}},{"type":"Feature","geometry":{"type":"Point","coordinates":[120.86967,14.97986]},"properties":{"rain_mm_24h":0.0,"rain_mm_72h":1.51,"context_flag":"none","prone_score":0.989}},{"type":"Feature","geometry":{"type":"Point","coordinates":[120.95052,15.24396]},"properties":{"rain_mm_24h":0.0,"rain_mm_72h":2.46,"context_flag":"none","prone_score":0.993}},{"type":"Feature","geometry":{"type":"Point","coordinates":[120.99364,15.48651]},"properties":{"rain_mm_24h":0.0,"rain_mm_72h":5.6,"context_flag":"none","prone_score":0.987}},{"type":"Feature","geometry":{"type":"Point","coordinates":[120.76187,15.53232]},"properties":{"rain_mm_24h":1.1,"rain_mm_72h":11.4,"context_flag":"none","prone_score":0.974}},{"type":"Feature","geometry":{"type":"Point","coordinates":[120.94513,15.55927]},"properties":{"rain_mm_24h":0.0,"rain_mm_72h":9.33,"context_flag":"none","prone_score":0.989}},{"type":"Feature","geometry":{"type":"Point","coordinates":[120.89123,15.26552]},"properties":{"rain_mm_24h":0.0,"rain_mm_72h":2.88,"context_flag":"none","prone_score":0.97}},{"type":"Feature","geometry":{"type":"Point","coordinates":[121.04484,15.5943]},"properties":{"rain_mm_24h":0.0,"rain_mm_72h":7.76,"context_flag":"none","prone_score":0.99}},{"type":"Feature","geometry":{"type":"Point","coordinates":[120.94782,15.16311]},"properties":{"rain_mm_24h":0.0,"rain_mm_72h":0.74,"context_flag":"none","prone_score":0.985}},{"type":"Feature","geometry":{"type":"Point","coordinates":[120.9047,14.89362]},"properties":{"rain_mm_24h":0.0,"rain_mm_72h":0.93,"context_flag":"none","prone_score":0.969}},{"type":"Feature","geometry":{"type":"Point","coordinates":[120.91009,15.29247]},"properties":{"rain_mm_24h":0.0,"rain_mm_72h":2.46,"context_flag":"none","prone_score":0.97}},{"type":"Feature","geometry":{"type":"Point","coordinates":[120.89123,15.28439]},"properties":{"rain_mm_24h":0.0,"rain_mm_72h":2.88,"context_flag":"none","prone_score":0.982}},{"type":"Feature","geometry":{"type":"Point","coordinates":[120.75379,15.25205]},"properties":{"rain_mm_24h":0.12,"rain_mm_72h":2.67,"context_flag":"none","prone_score":0.987}},{"type":"Feature","geometry":{"type":"Point","coordinates":[120.78882,15.56466]},"properties":{"rain_mm_24h":1.1,"rain_mm_72h":11.4,"context_flag":"none","prone_score":0.985}},{"type":"Feature","geometry":{"type":"Point","coordinates":[121.27661,14.18754]},"properties":{"rain_mm_24h":0.0,"rain_mm_72h":4.66,"context_flag":"none","prone_score":0.995}},{"type":"Feature","geometry":{"type":"Point","coordinates":[120.72414,15.46225]},"properties":{"rain_mm_24h":0.54,"rain_mm_72h":10.72,"context_flag":"none","prone_score":0.973}},{"type":"Feature","geometry":{"type":"Point","coordinates":[120.93165,15.10652]},"properties":{"rain_mm_24h":0.0,"rain_mm_72h":0.74,"context_flag":"none","prone_score":0.984}},{"type":"Feature","geometry":{"type":"Point","coordinates":[120.89662,15.41105]},"properties":{"rain_mm_24h":0.0,"rain_mm_72h":9.92,"context_flag":"none","prone_score":0.987}},{"type":"Feature","geometry":{"type":"Point","coordinates":[120.66755,15.49998]},"properties":{"rain_mm_24h":1.87,"rain_mm_72h":10.27,"context_flag":"none","prone_score":0.969}},{"type":"Feature","geometry":{"type":"Point","coordinates":[120.83463,15.51885]},"properties":{"rain_mm_24h":0.26,"rain_mm_72h":10.65,"context_flag":"none","prone_score":0.926}},{"type":"Feature","geometry":{"type":"Point","coordinates":[120.81846,15.57274]},"properties":{"rain_mm_24h":0.26,"rain_mm_72h":10.65,"context_flag":"none","prone_score":0.989}},{"type":"Feature","geometry":{"type":"Point","coordinates":[120.86967,15.41913]},"properties":{"rain_mm_24h":0.0,"rain_mm_72h":9.92,"context_flag":"none","prone_score":0.981}},{"type":"Feature","geometry":{"type":"Point","coordinates":[120.82116,15.56466]},"properties":{"rain_mm_24h":0.26,"rain_mm_72h":10.65,"context_flag":"none","prone_score":0.985}},{"type":"Feature","geometry":{"type":"Point","coordinates":[120.79691,15.58083]},"properties":{"rain_mm_24h":1.1,"rain_mm_72h":11.4,"context_flag":"none","prone_score":0.966}},{"type":"Feature","geometry":{"type":"Point","coordinates":[120.62443,15.46225]},"properties":{"rain_mm_24h":1.87,"rain_mm_72h":10.27,"context_flag":"none","prone_score":0.877}},{"type":"Feature","geometry":{"type":"Point","coordinates":[120.8535,15.5431]},"properties":{"rain_mm_24h":0.26,"rain_mm_72h":10.65,"context_flag":"none","prone_score":0.979}},{"type":"Feature","geometry":{"type":"Point","coordinates":[120.84002,15.4892]},"properties":{"rain_mm_24h":0.0,"rain_mm_72h":9.92,"context_flag":"none","prone_score":0.993}},{"type":"Feature","geometry":{"type":"Point","coordinates":[121.37093,14.2657]},"properties":{"rain_mm_24h":0.0,"rain_mm_72h":0.85,"context_flag":"none","prone_score":0.989}},{"type":"Feature","geometry":{"type":"Point","coordinates":[120.45465,14.87745]},"properties":{"rain_mm_24h":0.22,"rain_mm_72h":12.04,"context_flag":"none","prone_score":0.997}},{"type":"Feature","geometry":{"type":"Point","coordinates":[120.64599,14.03124]},"properties":{"rain_mm_24h":0.09,"rain_mm_72h":2.22,"context_flag":"none","prone_score":0.993}},{"type":"Feature","geometry":{"type":"Point","coordinates":[120.86697,15.25205]},"properties":{"rain_mm_24h":0.0,"rain_mm_72h":2.88,"context_flag":"none","prone_score":0.981}},{"type":"Feature","geometry":{"type":"Point","coordinates":[121.00981,15.42452]},"properties":{"rain_mm_24h":0.12,"rain_mm_72h":4.77,"context_flag":"none","prone_score":0.987}},{"type":"Feature","geometry":{"type":"Point","coordinates":[120.78613,15.52424]},"properties":{"rain_mm_24h":1.1,"rain_mm_72h":11.4,"context_flag":"none","prone_score":0.99}},{"type":"Feature","geometry":{"type":"Point","coordinates":[120.9586,15.30056]},"properties":{"rain_mm_24h":0.0,"rain_mm_72h":4.11,"context_flag":"none","prone_score":0.99}},{"type":"Feature","geometry":{"type":"Point","coordinates":[120.62982,15.56466]},"properties":{"rain_mm_24h":1.88,"rain_mm_72h":17.07,"context_flag":"none","prone_score":0.967}},{"type":"Feature","geometry":{"type":"Point","coordinates":[120.81038,15.5431]},"properties":{"rain_mm_24h":0.26,"rain_mm_72h":10.65,"context_flag":"none","prone_score":0.991}},{"type":"Feature","geometry":{"type":"Point","coordinates":[120.45465,14.87475]},"properties":{"rain_mm_24h":0.22,"rain_mm_72h":12.04,"context_flag":"none","prone_score":0.997}},{"type":"Feature","geometry":{"type":"Point","coordinates":[120.92357,15.24666]},"properties":{"rain_mm_24h":0.0,"rain_mm_72h":2.46,"context_flag":"none","prone_score":0.986}},{"type":"Feature","geometry":{"type":"Point","coordinates":[120.88853,15.54849]},"properties":{"rain_mm_24h":0.26,"rain_mm_72h":10.65,"context_flag":"none","prone_score":0.986}},{"type":"Feature","geometry":{"type":"Point","coordinates":[120.72414,15.41374]},"properties":{"rain_mm_24h":0.54,"rain_mm_72h":10.72,"context_flag":"none","prone_score":0.986}},{"type":"Feature","geometry":{"type":"Point","coordinates":[121.35206,14.25761]},"properties":{"rain_mm_24h":0.0,"rain_mm_72h":0.85,"context_flag":"none","prone_score":0.909}},{"type":"Feature","geometry":{"type":"Point","coordinates":[120.44656,14.87475]},"properties":{"rain_mm_24h":0.22,"rain_mm_72h":12.04,"context_flag":"none","prone_score":0.993}},{"type":"Feature","geometry":{"type":"Point","coordinates":[120.80499,15.53502]},"properties":{"rain_mm_24h":0.26,"rain_mm_72h":10.65,"context_flag":"none","prone_score":0.967}},{"type":"Feature","geometry":{"type":"Point","coordinates":[121.45447,14.3169]},"properties":{"rain_mm_24h":0.09,"rain_mm_72h":1.35,"context_flag":"none","prone_score":0.977}},{"type":"Feature","geometry":{"type":"Point","coordinates":[120.94513,15.23588]},"properties":{"rain_mm_24h":0.0,"rain_mm_72h":2.46,"context_flag":"none","prone_score":0.991}},{"type":"Feature","geometry":{"type":"Point","coordinates":[120.82116,15.43261]},"properties":{"rain_mm_24h":0.0,"rain_mm_72h":9.92,"context_flag":"none","prone_score":0.994}},{"type":"Feature","geometry":{"type":"Point","coordinates":[120.94782,15.55927]},"properties":{"rain_mm_24h":0.0,"rain_mm_72h":9.33,"context_flag":"none","prone_score":0.983}},{"type":"Feature","geometry":{"type":"Point","coordinates":[120.64329,14.07974]},"properties":{"rain_mm_24h":0.09,"rain_mm_72h":2.22,"context_flag":"none","prone_score":0.991}},{"type":"Feature","geometry":{"type":"Point","coordinates":[120.75109,15.55119]},"properties":{"rain_mm_24h":1.1,"rain_mm_72h":11.4,"context_flag":"none","prone_score":0.989}},{"type":"Feature","geometry":{"type":"Point","coordinates":[120.82924,15.29517]},"properties":{"rain_mm_24h":0.0,"rain_mm_72h":2.88,"context_flag":"none","prone_score":0.979}},{"type":"Feature","geometry":{"type":"Point","coordinates":[120.74301,15.57274]},"properties":{"rain_mm_24h":1.1,"rain_mm_72h":11.4,"context_flag":"none","prone_score":0.99}},{"type":"Feature","geometry":{"type":"Point","coordinates":[120.7484,15.54041]},"properties":{"rain_mm_24h":1.1,"rain_mm_72h":11.4,"context_flag":"none","prone_score":0.986}},{"type":"Feature","geometry":{"type":"Point","coordinates":[120.9613,15.27091]},"properties":{"rain_mm_24h":0.0,"rain_mm_72h":2.46,"context_flag":"none","prone_score":0.982}},{"type":"Feature","geometry":{"type":"Point","coordinates":[120.84811,15.58352]},"properties":{"rain_mm_24h":0.26,"rain_mm_72h":10.65,"context_flag":"none","prone_score":0.99}},{"type":"Feature","geometry":{"type":"Point","coordinates":[120.88853,15.00142]},"properties":{"rain_mm_24h":0.0,"rain_mm_72h":2.33,"context_flag":"none","prone_score":0.993}},{"type":"Feature","geometry":{"type":"Point","coordinates":[120.87236,15.597]},"properties":{"rain_mm_24h":0.26,"rain_mm_72h":10.65,"context_flag":"none","prone_score":0.977}},{"type":"Feature","geometry":{"type":"Point","coordinates":[121.0152,15.47573]},"properties":{"rain_mm_24h":0.12,"rain_mm_72h":4.77,"context_flag":"none","prone_score":0.818}},{"type":"Feature","geometry":{"type":"Point","coordinates":[121.44908,14.41931]},"properties":{"rain_mm_24h":0.0,"rain_mm_72h":1.91,"context_flag":"none","prone_score":0.988}},{"type":"Feature","geometry":{"type":"Point","coordinates":[120.84002,15.5431]},"properties":{"rain_mm_24h":0.26,"rain_mm_72h":10.65,"context_flag":"none","prone_score":0.994}},{"type":"Feature","geometry":{"type":"Point","coordinates":[120.87775,15.37871]},"properties":{"rain_mm_24h":0.0,"rain_mm_72h":3.78,"context_flag":"none","prone_score":0.996}},{"type":"Feature","geometry":{"type":"Point","coordinates":[120.94513,15.14694]},"properties":{"rain_mm_24h":0.0,"rain_mm_72h":0.74,"context_flag":"none","prone_score":0.977}},{"type":"Feature","geometry":{"type":"Point","coordinates":[120.91279,15.25474]},"properties":{"rain_mm_24h":0.0,"rain_mm_72h":2.46,"context_flag":"none","prone_score":0.967}},{"type":"Feature","geometry":{"type":"Point","coordinates":[120.96938,15.58891]},"properties":{"rain_mm_24h":0.0,"rain_mm_72h":9.33,"context_flag":"none","prone_score":0.987}},{"type":"Feature","geometry":{"type":"Point","coordinates":[120.91548,15.17659]},"properties":{"rain_mm_24h":0.0,"rain_mm_72h":0.74,"context_flag":"none","prone_score":0.995}},{"type":"Feature","geometry":{"type":"Point","coordinates":[120.71336,14.90979]},"properties":{"rain_mm_24h":0.0,"rain_mm_72h":1.86,"context_flag":"none","prone_score":0.996}},{"type":"Feature","geometry":{"type":"Point","coordinates":[120.62443,15.4892]},"properties":{"rain_mm_24h":1.87,"rain_mm_72h":10.27,"context_flag":"none","prone_score":0.977}},{"type":"Feature","geometry":{"type":"Point","coordinates":[120.94243,15.08226]},"properties":{"rain_mm_24h":0.0,"rain_mm_72h":1.36,"context_flag":"none","prone_score":0.628}},{"type":"Feature","geometry":{"type":"Point","coordinates":[120.78343,13.96925]},"properties":{"rain_mm_24h":0.0,"rain_mm_72h":0.77,"context_flag":"none","prone_score":0.501}},{"type":"Feature","geometry":{"type":"Point","coordinates":[120.24444,14.85858]},"properties":{"rain_mm_24h":1.12,"rain_mm_72h":20.75,"context_flag":"none","prone_score":0.939}},{"type":"Feature","geometry":{"type":"Point","coordinates":[120.58939,15.1173]},"properties":{"rain_mm_24h":1.29,"rain_mm_72h":9.15,"context_flag":"none","prone_score":0.944}},{"type":"Feature","geometry":{"type":"Point","coordinates":[121.41405,14.21449]},"properties":{"rain_mm_24h":1.0,"rain_mm_72h":1.58,"context_flag":"none","prone_score":0.566}},{"type":"Feature","geometry":{"type":"Point","coordinates":[120.87506,14.37888]},"properties":{"rain_mm_24h":0.26,"rain_mm_72h":12.24,"context_flag":"none","prone_score":0.9}},{"type":"Feature","geometry":{"type":"Point","coordinates":[120.9613,15.34906]},"properties":{"rain_mm_24h":0.0,"rain_mm_72h":4.11,"context_flag":"none","prone_score":0.991}},{"type":"Feature","geometry":{"type":"Point","coordinates":[121.1176,14.17946]},"properties":{"rain_mm_24h":0.0,"rain_mm_72h":3.78,"context_flag":"none","prone_score":0.655}},{"type":"Feature","geometry":{"type":"Point","coordinates":[120.7996,15.21432]},"properties":{"rain_mm_24h":0.12,"rain_mm_72h":2.67,"context_flag":"none","prone_score":0.961}},{"type":"Feature","geometry":{"type":"Point","coordinates":[120.96669,15.36523]},"properties":{"rain_mm_24h":0.0,"rain_mm_72h":4.11,"context_flag":"none","prone_score":0.804}},{"type":"Feature","geometry":{"type":"Point","coordinates":[120.59748,15.59161]},"properties":{"rain_mm_24h":3.17,"rain_mm_72h":17.68,"context_flag":"none","prone_score":0.83}},{"type":"Feature","geometry":{"type":"Point","coordinates":[120.86158,15.279]},"properties":{"rain_mm_24h":0.0,"rain_mm_72h":2.88,"context_flag":"none","prone_score":0.926}},{"type":"Feature","geometry":{"type":"Point","coordinates":[120.30104,14.80469]},"properties":{"rain_mm_24h":0.22,"rain_mm_72h":16.25,"context_flag":"none","prone_score":0.715}},{"type":"Feature","geometry":{"type":"Point","coordinates":[120.97477,15.18198]},"properties":{"rain_mm_24h":0.0,"rain_mm_72h":0.74,"context_flag":"none","prone_score":0.955}},{"type":"Feature","geometry":{"type":"Point","coordinates":[120.50585,14.84241]},"properties":{"rain_mm_24h":0.09,"rain_mm_72h":6.31,"context_flag":"none","prone_score":0.997}},{"type":"Feature","geometry":{"type":"Point","coordinates":[120.99094,14.76965]},"properties":{"rain_mm_24h":0.61,"rain_mm_72h":2.16,"context_flag":"none","prone_score":0.87}},{"type":"Feature","geometry":{"type":"Point","coordinates":[120.92357,14.422]},"properties":{"rain_mm_24h":0.37,"rain_mm_72h":9.58,"context_flag":"none","prone_score":0.952}},{"type":"Feature","geometry":{"type":"Point","coordinates":[120.50046,14.93943]},"properties":{"rain_mm_24h":0.07,"rain_mm_72h":17.82,"context_flag":"none","prone_score":0.979}},{"type":"Feature","geometry":{"type":"Point","coordinates":[121.33589,14.05549]},"properties":{"rain_mm_24h":0.01,"rain_mm_72h":1.51,"context_flag":"none","prone_score":0.905}},{"type":"Feature","geometry":{"type":"Point","coordinates":[121.17689,14.18215]},"properties":{"rain_mm_24h":0.0,"rain_mm_72h":3.78,"context_flag":"none","prone_score":0.776}},{"type":"Feature","geometry":{"type":"Point","coordinates":[121.41405,13.90727]},"properties":{"rain_mm_24h":0.0,"rain_mm_72h":2.26,"context_flag":"none","prone_score":0.727}},{"type":"Feature","geometry":{"type":"Point","coordinates":[121.13916,14.08783]},"properties":{"rain_mm_24h":0.0,"rain_mm_72h":1.42,"context_flag":"none","prone_score":0.928}},{"type":"Feature","geometry":{"type":"Point","coordinates":[120.91548,15.57274]},"properties":{"rain_mm_24h":0.0,"rain_mm_72h":9.33,"context_flag":"none","prone_score":0.825}},{"type":"Feature","geometry":{"type":"Point","coordinates":[119.95608,15.5458]},"properties":{"rain_mm_24h":0.46,"rain_mm_72h":16.93,"context_flag":"none","prone_score":0.935}},{"type":"Feature","geometry":{"type":"Point","coordinates":[120.5328,14.80199]},"properties":{"rain_mm_24h":0.09,"rain_mm_72h":6.31,"context_flag":"none","prone_score":0.777}},{"type":"Feature","geometry":{"type":"Point","coordinates":[120.40344,14.83702]},"properties":{"rain_mm_24h":0.22,"rain_mm_72h":12.04,"context_flag":"none","prone_score":0.763}},{"type":"Feature","geometry":{"type":"Point","coordinates":[120.49777,14.84241]},"properties":{"rain_mm_24h":0.22,"rain_mm_72h":12.04,"context_flag":"none","prone_score":0.956}},{"type":"Feature","geometry":{"type":"Point","coordinates":[121.00442,15.35715]},"properties":{"rain_mm_24h":0.0,"rain_mm_72h":3.04,"context_flag":"none","prone_score":0.97}},{"type":"Feature","geometry":{"type":"Point","coordinates":[121.05562,14.3681]},"properties":{"rain_mm_24h":0.0,"rain_mm_72h":9.88,"context_flag":"none","prone_score":0.87}},{"type":"Feature","geometry":{"type":"Point","coordinates":[120.94243,14.66185]},"properties":{"rain_mm_24h":1.58,"rain_mm_72h":3.55,"context_flag":"none","prone_score":0.961}},{"type":"Feature","geometry":{"type":"Point","coordinates":[120.68911,15.29786]},"properties":{"rain_mm_24h":1.1,"rain_mm_72h":5.1,"context_flag":"none","prone_score":0.888}},{"type":"Feature","geometry":{"type":"Point","coordinates":[120.56784,15.59969]},"properties":{"rain_mm_24h":3.17,"rain_mm_72h":17.68,"context_flag":"none","prone_score":0.941}},{"type":"Feature","geometry":{"type":"Point","coordinates":[120.75379,14.99603]},"properties":{"rain_mm_24h":0.0,"rain_mm_72h":1.86,"context_flag":"none","prone_score":0.899}},{"type":"Feature","geometry":{"type":"Point","coordinates":[120.92896,14.41661]},"properties":{"rain_mm_24h":0.37,"rain_mm_72h":9.58,"context_flag":"none","prone_score":0.924}},{"type":"Feature","geometry":{"type":"Point","coordinates":[119.98034,15.56196]},"properties":{"rain_mm_24h":0.46,"rain_mm_72h":16.93,"context_flag":"none","prone_score":0.591}},{"type":"Feature","geometry":{"type":"Point","coordinates":[119.91835,15.42991]},"properties":{"rain_mm_24h":0.09,"rain_mm_72h":18.81,"context_flag":"none","prone_score":0.827}},{"type":"Feature","geometry":{"type":"Point","coordinates":[121.00442,15.14425]},"properties":{"rain_mm_24h":0.0,"rain_mm_72h":1.3,"context_flag":"none","prone_score":0.978}},{"type":"Feature","geometry":{"type":"Point","coordinates":[120.4789,14.88553]},"properties":{"rain_mm_24h":0.22,"rain_mm_72h":12.04,"context_flag":"none","prone_score":0.968}},{"type":"Feature","geometry":{"type":"Point","coordinates":[120.54628,15.40566]},"properties":{"rain_mm_24h":5.43,"rain_mm_72h":16.67,"context_flag":"none","prone_score":0.985}},{"type":"Feature","geometry":{"type":"Point","coordinates":[120.95321,14.85589]},"properties":{"rain_mm_24h":0.0,"rain_mm_72h":0.93,"context_flag":"none","prone_score":0.684}},{"type":"Feature","geometry":{"type":"Point","coordinates":[119.91835,15.58083]},"properties":{"rain_mm_24h":0.46,"rain_mm_72h":16.93,"context_flag":"none","prone_score":0.979}}]}