{"type": "FeatureCollection", "_meta": {"event": "carina_2024", "label": "Super Typhoon Carina (Gaemi) + enhanced southwest monsoon", "role": "demo", "gauged": false, "aoi_name": "Metro Manila + Bulacan + Pampanga", "bbox": [120.5, 14.4, 121.4, 15.3], "permanent_water_masked": true, "method": "S1 VH: Otsu-on-VH + got-darker-vs-dry-baseline change gate + permanent-water + slope + HAND-style flood-plausible-terrain mask", "dates": [{"date": "2024-07-10", "flood_area_km2": 80.02, "otsu_threshold_db": -22.248, "n_polygons": 71}, {"date": "2024-07-22", "flood_area_km2": 137.81, "otsu_threshold_db": -20.746, "n_polygons": 119}, {"date": "2024-07-30", "flood_area_km2": 184.15, "otsu_threshold_db": -21.244, "n_polygons": 89}, {"date": "2024-08-03", "flood_area_km2": 115.66, "otsu_threshold_db": -22.746, "n_polygons": 72}]}, "features": [{"type": "Feature", "geometry": {"geodesic": false, "type": "Polygon", "coordinates": [[[120.91656100903882, 15.195991177694253], [120.92410685742541, 15.195991177694253], [120.92410685742541, 15.197069156035198], [120.92518483576632, 15.197069156035198], [120.92518483576632, 15.201381069398977], [120.92626281410728, 15.201381069398977], [120.92626281410728, 15.20784893944463], [120.92734079244823, 15.20784893944463], [120.92734079244823, 15.211082874467465], [120.9208729224026, 15.21216085280841], [120.9208729224026, 15.211082874467465], [120.91871696572068, 15.211082874467465], [120.91871696572068, 15.21000489612652], [120.91763898737972, 15.21000489612652], [120.91763898737972, 15.206770961103686], [120.91979494406164, 15.205692982762741], [120.91979494406164, 15.202459047739922], [120.91763898737972, 15.202459047739922], [120.91763898737972, 15.201381069398977], [120.91656100903882, 15.201381069398977], [120.91656100903882, 15.198147134376143], [120.91548303069786, 15.198147134376143], [120.91548303069786, 15.197069156035198], [120.91656100903882, 15.197069156035198], [120.91656100903882, 15.195991177694253]], [[120.92410685742541, 15.202459047739922], [120.92410685742541, 15.205692982762741], [120.92302887908446, 15.205692982762741], [120.92302887908446, 15.204615004421797], [120.9219509007435, 15.204615004421797], [120.9219509007435, 15.202459047739922], [120.92410685742541, 15.202459047739922]]]}, "properties": {"date": "2024-07-10", "event": "carina_2024"}}, {"type": "Feature", "geometry": {"geodesic": false, "type": "Polygon", "coordinates": [[[120.93165270581201, 15.172275654193498], [120.93812057585765, 15.172275654193498], [120.93812057585765, 15.174431610875388], [120.93919855419861, 15.174431610875388], [120.93919855419861, 15.175509589216333], [120.93812057585765, 15.175509589216333], [120.93812057585765, 15.177665545898222], [120.9370425975167, 15.177665545898222], [120.9370425975167, 15.180899480921042], [120.93488664083483, 15.180899480921042], [120.93596461917579, 15.183055437602931], [120.93919855419861, 15.183055437602931], [120.93919855419861, 15.1895233076486], [120.93488664083483, 15.1895233076486], [120.93488664083483, 15.18736735096671], [120.93273068415297, 15.18736735096671], [120.93273068415297, 15.18521139428482], [120.93057472747105, 15.18521139428482], [120.93057472747105, 15.183055437602931], [120.9294967491301, 15.183055437602931], [120.9294967491301, 15.180899480921042], [120.93273068415297, 15.180899480921042], [120.93273068415297, 15.176587567557277], [120.93488664083483, 15.176587567557277], [120.93488664083483, 15.175509589216333], [120.93596461917579, 15.175509589216333], [120.93596461917579, 15.174431610875388], [120.93057472747105, 15.174431610875388], [120.93057472747105, 15.175509589216333], [120.9284187707892, 15.175509589216333], [120.9284187707892, 15.173353632534443], [120.93165270581201, 15.173353632534443], [120.93165270581201, 15.172275654193498]]]}, "properties": {"date": "2024-07-10", "event": "carina_2024"}}, {"type": "Feature", "geometry": {"geodesic": false, "type": "Polygon", "coordinates": [[[120.91009313899312, 15.243422224695763], [120.91224909567504, 15.243422224695763], [120.91224909567504, 15.246656159718597], [120.91979494406164, 15.244500203036708], [120.91979494406164, 15.246656159718597], [120.9208729224026, 15.246656159718597], [120.91979494406164, 15.25204605142332], [120.91871696572068, 15.25204605142332], [120.91871696572068, 15.25527998644614], [120.91656100903882, 15.25527998644614], [120.91656100903882, 15.25743594312803], [120.91871696572068, 15.25743594312803], [120.91871696572068, 15.25959189980992], [120.91656100903882, 15.25959189980992], [120.91656100903882, 15.258513921468975], [120.91548303069786, 15.258513921468975], [120.91548303069786, 15.261747856491809], [120.91332707401594, 15.261747856491809], [120.91332707401594, 15.25743594312803], [120.9144050523569, 15.25743594312803], [120.91548303069786, 15.25204605142332], [120.91332707401594, 15.250968073082376], [120.91332707401594, 15.25527998644614], [120.91009313899312, 15.253124029764251], [120.91009313899312, 15.249890094741431], [120.9144050523569, 15.249890094741431], [120.9144050523569, 15.248812116400487], [120.91117111733408, 15.248812116400487], [120.91009313899312, 15.243422224695763]], [[120.91763898737972, 15.248812116400487], [120.91763898737972, 15.249890094741431], [120.91656100903882, 15.249890094741431], [120.91656100903882, 15.248812116400487], [120.91763898737972, 15.248812116400487]], [[120.91656100903882, 15.247734138059542], [120.91656100903882, 15.248812116400487], [120.91548303069786, 15.248812116400487], [120.91548303069786, 15.247734138059542], [120.91656100903882, 15.247734138059542]]]}, "properties": {"date": "2024-07-10", "event": "carina_2024"}}, {"type": "Feature", "geometry": {"geodesic": false, "type": "Polygon", "coordinates": [[[120.86374007033257, 15.200303091058032], [120.86589602701443, 15.200303091058032], [120.86589602701443, 15.201381069398977], [120.86697400535539, 15.201381069398977], [120.86697400535539, 15.202459047739922], [120.86589602701443, 15.202459047739922], [120.86589602701443, 15.20784893944463], [120.8691299620373, 15.20784893944463], [120.8691299620373, 15.21000489612652], [120.86805198369635, 15.21000489612652], [120.86805198369635, 15.21216085280841], [120.86697400535539, 15.21216085280841], [120.86697400535539, 15.215394787831244], [120.86589602701443, 15.215394787831244], [120.86589602701443, 15.216472766172174], [120.86266209199161, 15.216472766172174], [120.86266209199161, 15.213238831149354], [120.86158411365071, 15.213238831149354], [120.86158411365071, 15.21216085280841], [120.85835017862783, 15.21216085280841], [120.85835017862783, 15.213238831149354], [120.85727220028693, 15.213238831149354], [120.85619422194597, 15.211082874467465], [120.85511624360501, 15.211082874467465], [120.85511624360501, 15.208926917785575], [120.85727220028693, 15.208926917785575], [120.85727220028693, 15.204615004421797], [120.86158411365071, 15.203537026080866], [120.86158411365071, 15.202459047739922], [120.86374007033257, 15.202459047739922], [120.86374007033257, 15.200303091058032]], [[120.86481804867353, 15.213238831149354], [120.86481804867353, 15.214316809490299], [120.86374007033257, 15.214316809490299], [120.86374007033257, 15.213238831149354], [120.86481804867353, 15.213238831149354]], [[120.86374007033257, 15.204615004421797], [120.86481804867353, 15.21216085280841], [120.86266209199161, 15.213238831149354], [120.86266209199161, 15.208926917785575], [120.86158411365071, 15.208926917785575], [120.86158411365071, 15.20784893944463], [120.85942815696879, 15.20784893944463], [120.85942815696879, 15.205692982762741], [120.86374007033257, 15.204615004421797]]]}, "properties": {"date": "2024-07-10", "event": "carina_2024"}}, {"type": "Feature", "geometry": {"geodesic": false, "type": "Polygon", "coordinates": [[[120.81846498001292, 14.958835942686704], [120.82062093669484, 14.958835942686704], [120.82062093669484, 14.959913921027649], [120.8216989150358, 14.959913921027649], [120.8216989150358, 14.962069877709538], [120.81307508830824, 14.962069877709538], [120.81307508830824, 14.963147856050483], [120.8152310449901, 14.964225834391414], [120.8152310449901, 14.967459769414248], [120.81738700167202, 14.966381791073303], [120.81738700167202, 14.965303812732358], [120.81630902333106, 14.965303812732358], [120.81630902333106, 14.963147856050483], [120.81954295835388, 14.963147856050483], [120.82062093669484, 14.965303812732358], [120.8227768933767, 14.965303812732358], [120.8227768933767, 14.966381791073303], [120.82385487171766, 14.966381791073303], [120.82385487171766, 14.968537747755192], [120.8227768933767, 14.968537747755192], [120.8227768933767, 14.969615726096137], [120.82601082839952, 14.969615726096137], [120.82816678508144, 14.972849661118971], [120.82385487171766, 14.972849661118971], [120.82385487171766, 14.971771682778027], [120.8227768933767, 14.971771682778027], [120.8227768933767, 14.969615726096137], [120.8216989150358, 14.969615726096137], [120.8216989150358, 14.970693704437082], [120.81738700167202, 14.970693704437082], [120.81846498001292, 14.968537747755192], [120.81738700167202, 14.968537747755192], [120.81738700167202, 14.967459769414248], [120.8152310449901, 14.968537747755192], [120.81415306664914, 14.966381791073303], [120.81199710996728, 14.966381791073303], [120.81091913162632, 14.960991899368594], [120.81199710996728, 14.960991899368594], [120.81199710996728, 14.959913921027649], [120.81415306664914, 14.959913921027649], [120.81415306664914, 14.958835942686704], [120.81846498001292, 14.959913921027649], [120.81846498001292, 14.958835942686704]], [[120.8216989150358, 14.968537747755192], [120.8216989150358, 14.969615726096137], [120.82062093669484, 14.969615726096137], [120.82062093669484, 14.968537747755192], [120.8216989150358, 14.968537747755192]], [[120.82062093669484, 14.965303812732358], [120.82062093669484, 14.968537747755192], [120.81846498001292, 14.968537747755192], [120.81738700167202, 14.966381791073303], [120.81954295835388, 14.966381791073303], [120.81954295835388, 14.965303812732358], [120.82062093669484, 14.965303812732358]], [[120.81954295835388, 14.964225834391414], [120.81954295835388, 14.965303812732358], [120.81846498001292, 14.965303812732358], [120.81846498001292, 14.964225834391414], [120.81954295835388, 14.964225834391414]]]}, "properties": {"date": "2024-07-10", "event": "carina_2024"}}, {"type": "Feature", "geometry": {"geodesic": false, "type": "Polygon", "coordinates": [[[120.91332707401594, 15.211082874467465], [120.91548303069786, 15.211082874467465], [120.91656100903882, 15.213238831149354], [120.91871696572068, 15.213238831149354], [120.91871696572068, 15.214316809490299], [120.91763898737972, 15.214316809490299], [120.91871696572068, 15.216472766172174], [120.9208729224026, 15.216472766172174], [120.9208729224026, 15.214316809490299], [120.92410685742541, 15.214316809490299], [120.92518483576632, 15.216472766172174], [120.92734079244823, 15.216472766172174], [120.92734079244823, 15.218628722854064], [120.9294967491301, 15.218628722854064], [120.9294967491301, 15.220784679535953], [120.9284187707892, 15.220784679535953], [120.9284187707892, 15.225096592899732], [120.92626281410728, 15.225096592899732], [120.92626281410728, 15.224018614558787], [120.92518483576632, 15.224018614558787], [120.92518483576632, 15.221862657876898], [120.9219509007435, 15.221862657876898], [120.9219509007435, 15.219706701195008], [120.91763898737972, 15.218628722854064], [120.91871696572068, 15.216472766172174], [120.91656100903882, 15.215394787831244], [120.91656100903882, 15.214316809490299], [120.91224909567504, 15.214316809490299], [120.91224909567504, 15.213238831149354], [120.91332707401594, 15.213238831149354], [120.91332707401594, 15.211082874467465]]]}, "properties": {"date": "2024-07-10", "event": "carina_2024"}}, {"type": "Feature", "geometry": {"geodesic": false, "type": "Polygon", "coordinates": [[[120.94243248922143, 15.176587567557277], [120.94674440258521, 15.176587567557277], [120.94674440258521, 15.178743524239167], [120.95213429428995, 15.178743524239167], [120.95213429428995, 15.180899480921042], [120.95644620765373, 15.183055437602931], [120.95644620765373, 15.186289372625765], [120.95536822931277, 15.186289372625765], [120.95536822931277, 15.18521139428482], [120.94890035926707, 15.18521139428482], [120.94890035926707, 15.183055437602931], [120.94782238092617, 15.183055437602931], [120.94782238092617, 15.184133415943876], [120.94674440258521, 15.184133415943876], [120.94674440258521, 15.186289372625765], [120.94566642424425, 15.186289372625765], [120.94566642424425, 15.184133415943876], [120.94674440258521, 15.184133415943876], [120.94674440258521, 15.183055437602931], [120.94566642424425, 15.183055437602931], [120.94566642424425, 15.181977459261986], [120.94674440258521, 15.181977459261986], [120.94674440258521, 15.180899480921042], [120.94458844590335, 15.180899480921042], [120.94458844590335, 15.177665545898222], [120.94243248922143, 15.177665545898222], [120.94243248922143, 15.179821502580111], [120.94135451088047, 15.179821502580111], [120.94351046756239, 15.183055437602931], [120.94027653253957, 15.180899480921042], [120.94027653253957, 15.177665545898222], [120.94243248922143, 15.177665545898222], [120.94243248922143, 15.176587567557277]]]}, "properties": {"date": "2024-07-10", "event": "carina_2024"}}, {"type": "Feature", "geometry": {"geodesic": false, "type": "Polygon", "coordinates": [[[120.9284187707892, 15.274683596583131], [120.93165270581201, 15.274683596583131], [120.93165270581201, 15.275761574924076], [120.93273068415297, 15.275761574924076], [120.93273068415297, 15.276839553265006], [120.93165270581201, 15.276839553265006], [120.93165270581201, 15.278995509946895], [120.93380866249387, 15.278995509946895], [120.93488664083483, 15.281151466628785], [120.9370425975167, 15.281151466628785], [120.93596461917579, 15.278995509946895], [120.9370425975167, 15.278995509946895], [120.9370425975167, 15.28007348828784], [120.94135451088047, 15.28007348828784], [120.94135451088047, 15.283307423310674], [120.94027653253957, 15.283307423310674], [120.94027653253957, 15.284385401651619], [120.9294967491301, 15.284385401651619], [120.9294967491301, 15.28222944496973], [120.9284187707892, 15.28222944496973], [120.9294967491301, 15.27791753160595], [120.9284187707892, 15.27791753160595], [120.9284187707892, 15.274683596583131]], [[120.93812057585765, 15.281151466628785], [120.93812057585765, 15.28222944496973], [120.9370425975167, 15.28222944496973], [120.9370425975167, 15.281151466628785], [120.93812057585765, 15.281151466628785]]]}, "properties": {"date": "2024-07-10", "event": "carina_2024"}}, {"type": "Feature", "geometry": {"geodesic": false, "type": "Polygon", "coordinates": [[[120.91763898737972, 15.18521139428482], [120.92626281410728, 15.18521139428482], [120.92626281410728, 15.1895233076486], [120.92518483576632, 15.1895233076486], [120.92518483576632, 15.19275724267142], [120.92410685742541, 15.19275724267142], [120.92410685742541, 15.193835221012364], [120.92302887908446, 15.193835221012364], [120.92302887908446, 15.19275724267142], [120.91979494406164, 15.19275724267142], [120.91979494406164, 15.191679264330489], [120.91656100903882, 15.191679264330489], [120.91656100903882, 15.1895233076486], [120.91763898737972, 15.1895233076486], [120.91763898737972, 15.18521139428482]]]}, "properties": {"date": "2024-07-10", "event": "carina_2024"}}, {"type": "Feature", "geometry": {"geodesic": false, "type": "Polygon", "coordinates": [[[120.90793718231126, 15.105440997055013], [120.90901516065222, 15.105440997055013], [120.90901516065222, 15.106518975395957], [120.91117111733408, 15.106518975395957], [120.91117111733408, 15.107596953736902], [120.91979494406164, 15.107596953736902], [120.91979494406164, 15.109752910418777], [120.91763898737972, 15.109752910418777], [120.91656100903882, 15.111908867100666], [120.9144050523569, 15.111908867100666], [120.9144050523569, 15.112986845441611], [120.91332707401594, 15.112986845441611], [120.91332707401594, 15.111908867100666], [120.91224909567504, 15.111908867100666], [120.91224909567504, 15.108674932077832], [120.91117111733408, 15.108674932077832], [120.91117111733408, 15.109752910418777], [120.90793718231126, 15.109752910418777], [120.90793718231126, 15.110830888759722], [120.90578122562934, 15.111908867100666], [120.90578122562934, 15.114064823782556], [120.90470324728844, 15.114064823782556], [120.90470324728844, 15.1151428021235], [120.90039133392466, 15.1151428021235], [120.90039133392466, 15.112986845441611], [120.90254729060652, 15.112986845441611], [120.90254729060652, 15.111908867100666], [120.90578122562934, 15.111908867100666], [120.90578122562934, 15.110830888759722], [120.9068592039703, 15.110830888759722], [120.90578122562934, 15.108674932077832], [120.9068592039703, 15.108674932077832], [120.9068592039703, 15.106518975395957], [120.90793718231126, 15.106518975395957], [120.90793718231126, 15.105440997055013]], [[120.90901516065222, 15.106518975395957], [120.90901516065222, 15.107596953736902], [120.90793718231126, 15.107596953736902], [120.90793718231126, 15.106518975395957], [120.90901516065222, 15.106518975395957]]]}, "properties": {"date": "2024-07-10", "event": "carina_2024"}}, {"type": "Feature", "geometry": {"geodesic": false, "type": "Polygon", "coordinates": [[[120.88745559383332, 15.200303091058032], [120.88961155051518, 15.200303091058032], [120.88961155051518, 15.201381069398977], [120.89068952885614, 15.201381069398977], [120.89068952885614, 15.203537026080866], [120.89284548553806, 15.203537026080866], [120.89284548553806, 15.205692982762741], [120.8917675071971, 15.205692982762741], [120.8917675071971, 15.206770961103686], [120.88853357217428, 15.206770961103686], [120.88853357217428, 15.20784893944463], [120.8842216588105, 15.20784893944463], [120.8842216588105, 15.208926917785575], [120.88314368046954, 15.208926917785575], [120.88206570212859, 15.206770961103686], [120.88098772378768, 15.206770961103686], [120.88098772378768, 15.204615004421797], [120.87990974544672, 15.204615004421797], [120.87990974544672, 15.203537026080866], [120.8777537887648, 15.204615004421797], [120.8777537887648, 15.201381069398977], [120.87883176710577, 15.201381069398977], [120.87883176710577, 15.200303091058032], [120.88098772378768, 15.200303091058032], [120.88098772378768, 15.204615004421797], [120.8842216588105, 15.204615004421797], [120.8842216588105, 15.205692982762741], [120.88637761549236, 15.205692982762741], [120.88637761549236, 15.201381069398977], [120.88745559383332, 15.201381069398977], [120.88745559383332, 15.200303091058032]]]}, "properties": {"date": "2024-07-10", "event": "carina_2024"}}, {"type": "Feature", "geometry": {"geodesic": false, "type": "Polygon", "coordinates": [[[120.94351046756239, 15.198147134376143], [120.94566642424425, 15.198147134376143], [120.94674440258521, 15.200303091058032], [120.94997833760803, 15.200303091058032], [120.95105631594899, 15.205692982762741], [120.95321227263085, 15.206770961103686], [120.95321227263085, 15.21000489612652], [120.95105631594899, 15.21000489612652], [120.95105631594899, 15.211082874467465], [120.94997833760803, 15.211082874467465], [120.94997833760803, 15.21000489612652], [120.94890035926707, 15.21000489612652], [120.94890035926707, 15.204615004421797], [120.94782238092617, 15.204615004421797], [120.94782238092617, 15.203537026080866], [120.94674440258521, 15.203537026080866], [120.94674440258521, 15.20784893944463], [120.94566642424425, 15.20784893944463], [120.94566642424425, 15.208926917785575], [120.94351046756239, 15.20784893944463], [120.94458844590335, 15.202459047739922], [120.94566642424425, 15.202459047739922], [120.94566642424425, 15.201381069398977], [120.94351046756239, 15.200303091058032], [120.94351046756239, 15.198147134376143]]]}, "properties": {"date": "2024-07-10", "event": "carina_2024"}}, {"type": "Feature", "geometry": {"geodesic": false, "type": "Polygon", "coordinates": [[[120.51447508786688, 14.93080850582217], [120.51878700123066, 14.93080850582217], [120.51878700123066, 14.934042440845005], [120.5166310445488, 14.93512041918595], [120.5166310445488, 14.936198397526894], [120.5177090228897, 14.936198397526894], [120.5177090228897, 14.938354354208784], [120.5166310445488, 14.938354354208784], [120.5177090228897, 14.940510310890659], [120.5101631745031, 14.940510310890659], [120.5101631745031, 14.937276375867839], [120.5090851961622, 14.937276375867839], [120.5090851961622, 14.936198397526894], [120.5101631745031, 14.936198397526894], [120.5101631745031, 14.93512041918595], [120.51447508786688, 14.93512041918595], [120.51447508786688, 14.93296446250406], [120.51339710952593, 14.93296446250406], [120.51339710952593, 14.931886484163115], [120.51124115284406, 14.931886484163115], [120.51124115284406, 14.93080850582217], [120.51339710952593, 14.93080850582217], [120.51339710952593, 14.931886484163115], [120.51447508786688, 14.931886484163115], [120.51447508786688, 14.93080850582217]], [[120.51555306620784, 14.93512041918595], [120.51555306620784, 14.936198397526894], [120.51447508786688, 14.936198397526894], [120.51447508786688, 14.93512041918595], [120.51555306620784, 14.93512041918595]]]}, "properties": {"date": "2024-07-10", "event": "carina_2024"}}, {"type": "Feature", "geometry": {"geodesic": false, "type": "Polygon", "coordinates": [[[120.87559783208295, 15.226174571240676], [120.8777537887648, 15.226174571240676], [120.8777537887648, 15.227252549581621], [120.87990974544672, 15.227252549581621], [120.87990974544672, 15.228330527922566], [120.88098772378768, 15.228330527922566], [120.88098772378768, 15.231564462945386], [120.88206570212859, 15.231564462945386], [120.88206570212859, 15.233720419627275], [120.88314368046954, 15.233720419627275], [120.88314368046954, 15.23695435465011], [120.88637761549236, 15.23695435465011], [120.88637761549236, 15.23479839796822], [120.88745559383332, 15.23479839796822], [120.88745559383332, 15.240188289672943], [120.8842216588105, 15.240188289672943], [120.8842216588105, 15.239110311331999], [120.88314368046954, 15.239110311331999], [120.88314368046954, 15.23695435465011], [120.87990974544672, 15.23695435465011], [120.87990974544672, 15.233720419627275], [120.8777537887648, 15.233720419627275], [120.8777537887648, 15.229408506263496], [120.87559783208295, 15.229408506263496], [120.87559783208295, 15.226174571240676]]]}, "properties": {"date": "2024-07-10", "event": "carina_2024"}}, {"type": "Feature", "geometry": {"geodesic": false, "type": "Polygon", "coordinates": [[[120.95752418599463, 15.225096592899732], [120.95860216433559, 15.225096592899732], [120.95860216433559, 15.227252549581621], [120.96399205604033, 15.227252549581621], [120.96507003438123, 15.229408506263496], [120.96614801272219, 15.229408506263496], [120.96614801272219, 15.228330527922566], [120.9683039694041, 15.228330527922566], [120.9683039694041, 15.229408506263496], [120.97045992608597, 15.229408506263496], [120.97045992608597, 15.230486484604441], [120.969381947745, 15.230486484604441], [120.969381947745, 15.231564462945386], [120.96722599106315, 15.231564462945386], [120.96722599106315, 15.23264244128633], [120.95968014267655, 15.231564462945386], [120.95860216433559, 15.229408506263496], [120.95644620765373, 15.229408506263496], [120.95644620765373, 15.226174571240676], [120.95752418599463, 15.226174571240676], [120.95752418599463, 15.225096592899732]], [[120.96399205604033, 15.228330527922566], [120.96399205604033, 15.229408506263496], [120.96183609935841, 15.229408506263496], [120.96183609935841, 15.228330527922566], [120.96399205604033, 15.228330527922566]]]}, "properties": {"date": "2024-07-10", "event": "carina_2024"}}, {"type": "Feature", "geometry": {"geodesic": false, "type": "Polygon", "coordinates": [[[120.91117111733408, 15.147482152351799], [120.91656100903882, 15.147482152351799], [120.91656100903882, 15.150716087374633], [120.91763898737972, 15.150716087374633], [120.91656100903882, 15.152872044056522], [120.91763898737972, 15.152872044056522], [120.91763898737972, 15.155028000738412], [120.91548303069786, 15.155028000738412], [120.91548303069786, 15.153950022397467], [120.91009313899312, 15.153950022397467], [120.91009313899312, 15.148560130692744], [120.91117111733408, 15.148560130692744], [120.91117111733408, 15.147482152351799]], [[120.91332707401594, 15.148560130692744], [120.91332707401594, 15.149638109033688], [120.91117111733408, 15.149638109033688], [120.91117111733408, 15.148560130692744], [120.91332707401594, 15.148560130692744]]]}, "properties": {"date": "2024-07-10", "event": "carina_2024"}}, {"type": "Feature", "geometry": {"geodesic": false, "type": "Polygon", "coordinates": [[[120.97045992608597, 15.268215726537463], [120.97153790442692, 15.268215726537463], [120.97153790442692, 15.269293704878407], [120.97477183944974, 15.269293704878407], [120.97477183944974, 15.271449661560297], [120.97045992608597, 15.271449661560297], [120.97045992608597, 15.274683596583131], [120.9683039694041, 15.275761574924076], [120.9683039694041, 15.27791753160595], [120.96399205604033, 15.27791753160595], [120.96507003438123, 15.275761574924076], [120.96614801272219, 15.275761574924076], [120.96614801272219, 15.273605618242186], [120.96722599106315, 15.273605618242186], [120.96722599106315, 15.269293704878407], [120.9683039694041, 15.269293704878407], [120.9683039694041, 15.268215726537463], [120.97045992608597, 15.269293704878407], [120.97045992608597, 15.268215726537463]]]}, "properties": {"date": "2024-07-10", "event": "carina_2024"}}, {"type": "Feature", "geometry": {"geodesic": false, "type": "Polygon", "coordinates": [[[120.83355667678617, 14.972849661118971], [120.836790611809, 14.972849661118971], [120.836790611809, 14.97500561780086], [120.83463465512708, 14.976083596141791], [120.83463465512708, 14.981473487846515], [120.83355667678617, 14.981473487846515], [120.83355667678617, 14.98039550950557], [120.83140072010426, 14.98039550950557], [120.83140072010426, 14.97823955282368], [120.82708880674048, 14.97823955282368], [120.82708880674048, 14.977161574482736], [120.82493285005862, 14.977161574482736], [120.82493285005862, 14.976083596141791], [120.8303227417633, 14.976083596141791], [120.8303227417633, 14.97500561780086], [120.83247869844521, 14.97500561780086], [120.83355667678617, 14.972849661118971]]]}, "properties": {"date": "2024-07-10", "event": "carina_2024"}}, {"type": "Feature", "geometry": {"geodesic": false, "type": "Polygon", "coordinates": [[[120.98016173115448, 15.27791753160595], [120.98231768783634, 15.278995509946895], [120.98231768783634, 15.283307423310674], [120.98016173115448, 15.283307423310674], [120.98016173115448, 15.286541358333508], [120.97908375281352, 15.286541358333508], [120.97908375281352, 15.287619336674453], [120.9769277961316, 15.287619336674453], [120.9769277961316, 15.285463379992564], [120.97800577447256, 15.285463379992564], [120.97800577447256, 15.281151466628785], [120.97477183944974, 15.281151466628785], [120.97477183944974, 15.27791753160595], [120.9758498177907, 15.27791753160595], [120.9758498177907, 15.278995509946895], [120.98016173115448, 15.278995509946895], [120.98016173115448, 15.27791753160595]]]}, "properties": {"date": "2024-07-10", "event": "carina_2024"}}, {"type": "Feature", "geometry": {"geodesic": false, "type": "Polygon", "coordinates": [[[120.92626281410728, 15.283307423310674], [120.9284187707892, 15.283307423310674], [120.9284187707892, 15.285463379992564], [120.92410685742541, 15.287619336674453], [120.92410685742541, 15.288697315015384], [120.92626281410728, 15.288697315015384], [120.92626281410728, 15.289775293356328], [120.92410685742541, 15.289775293356328], [120.92302887908446, 15.287619336674453], [120.9219509007435, 15.287619336674453], [120.9208729224026, 15.289775293356328], [120.91871696572068, 15.289775293356328], [120.91871696572068, 15.290853271697273], [120.91656100903882, 15.291931250038218], [120.91656100903882, 15.290853271697273], [120.91763898737972, 15.290853271697273], [120.91763898737972, 15.287619336674453], [120.91656100903882, 15.287619336674453], [120.91656100903882, 15.285463379992564], [120.91548303069786, 15.285463379992564], [120.91548303069786, 15.283307423310674], [120.91656100903882, 15.283307423310674], [120.91656100903882, 15.284385401651619], [120.91979494406164, 15.286541358333508], [120.91979494406164, 15.288697315015384], [120.9208729224026, 15.288697315015384], [120.92302887908446, 15.284385401651619], [120.92626281410728, 15.284385401651619], [120.92626281410728, 15.283307423310674]], [[120.92410685742541, 15.286541358333508], [120.92410685742541, 15.287619336674453], [120.92302887908446, 15.287619336674453], [120.92302887908446, 15.286541358333508], [120.92410685742541, 15.286541358333508]]]}, "properties": {"date": "2024-07-10", "event": "carina_2024"}}, {"type": "Feature", "geometry": {"geodesic": false, "type": "Polygon", "coordinates": [[[120.93596461917579, 15.208926917785575], [120.93919855419861, 15.208926917785575], [120.93919855419861, 15.21000489612652], [120.94027653253957, 15.21000489612652], [120.94027653253957, 15.21216085280841], [120.93919855419861, 15.21216085280841], [120.93919855419861, 15.214316809490299], [120.9370425975167, 15.214316809490299], [120.93596461917579, 15.21216085280841], [120.93488664083483, 15.21216085280841], [120.93488664083483, 15.213238831149354], [120.93380866249387, 15.213238831149354], [120.93380866249387, 15.215394787831244], [120.93488664083483, 15.215394787831244], [120.93488664083483, 15.216472766172174], [120.93273068415297, 15.217550744513119], [120.93273068415297, 15.214316809490299], [120.93057472747105, 15.214316809490299], [120.93057472747105, 15.213238831149354], [120.93165270581201, 15.213238831149354], [120.93165270581201, 15.208926917785575], [120.93273068415297, 15.208926917785575], [120.93273068415297, 15.211082874467465], [120.93380866249387, 15.211082874467465], [120.93380866249387, 15.21216085280841], [120.93596461917579, 15.211082874467465], [120.93596461917579, 15.208926917785575]]]}, "properties": {"date": "2024-07-10", "event": "carina_2024"}}, {"type": "Feature", "geometry": {"geodesic": false, "type": "Polygon", "coordinates": [[[120.91009313899312, 15.155028000738412], [120.91224909567504, 15.156105979079342], [120.91224909567504, 15.158261935761232], [120.90901516065222, 15.158261935761232], [120.90901516065222, 15.160417892443121], [120.90470324728844, 15.160417892443121], [120.90470324728844, 15.163651827465955], [120.90254729060652, 15.163651827465955], [120.90039133392466, 15.159339914102176], [120.90254729060652, 15.160417892443121], [120.90254729060652, 15.159339914102176], [120.90578122562934, 15.159339914102176], [120.90578122562934, 15.158261935761232], [120.90793718231126, 15.158261935761232], [120.90793718231126, 15.155028000738412], [120.91009313899312, 15.156105979079342], [120.91009313899312, 15.155028000738412]]]}, "properties": {"date": "2024-07-10", "event": "carina_2024"}}, {"type": "Feature", "geometry": {"geodesic": false, "type": "Polygon", "coordinates": [[[120.96291407769937, 15.200303091058032], [120.96399205604033, 15.200303091058032], [120.96399205604033, 15.201381069398977], [120.96614801272219, 15.201381069398977], [120.96614801272219, 15.202459047739922], [120.96507003438123, 15.202459047739922], [120.96614801272219, 15.204615004421797], [120.96507003438123, 15.204615004421797], [120.96507003438123, 15.20784893944463], [120.96399205604033, 15.20784893944463], [120.96399205604033, 15.208926917785575], [120.96183609935841, 15.208926917785575], [120.96183609935841, 15.211082874467465], [120.95968014267655, 15.211082874467465], [120.95968014267655, 15.205692982762741], [120.96291407769937, 15.205692982762741], [120.96291407769937, 15.203537026080866], [120.96399205604033, 15.203537026080866], [120.96399205604033, 15.201381069398977], [120.96291407769937, 15.201381069398977], [120.96291407769937, 15.200303091058032]]]}, "properties": {"date": "2024-07-10", "event": "carina_2024"}}, {"type": "Feature", "geometry": {"geodesic": false, "type": "Polygon", "coordinates": [[[120.55975017818653, 14.648378180495001], [120.56082815652744, 14.648378180495001], [120.56082815652744, 14.65376807219971], [120.55975017818653, 14.65376807219971], [120.55975017818653, 14.657002007222545], [120.55651624316371, 14.657002007222545], [120.55651624316371, 14.6559240288816], [120.5543602864818, 14.6559240288816], [120.5543602864818, 14.65376807219971], [120.55651624316371, 14.65376807219971], [120.55651624316371, 14.652690093858766], [120.55759422150462, 14.652690093858766], [120.55759422150462, 14.650534137176876], [120.55975017818653, 14.649456158835946], [120.55975017818653, 14.648378180495001]]]}, "properties": {"date": "2024-07-10", "event": "carina_2024"}}, {"type": "Feature", "geometry": {"geodesic": false, "type": "Polygon", "coordinates": [[[120.87236389706013, 15.201381069398977], [120.8766758104239, 15.201381069398977], [120.8766758104239, 15.20784893944463], [120.87128591871917, 15.20784893944463], [120.87128591871917, 15.205692982762741], [120.87344187540108, 15.204615004421797], [120.87344187540108, 15.203537026080866], [120.87236389706013, 15.203537026080866], [120.87236389706013, 15.201381069398977]]]}, "properties": {"date": "2024-07-10", "event": "carina_2024"}}, {"type": "Feature", "geometry": {"geodesic": false, "type": "Polygon", "coordinates": [[[120.81199710996728, 14.943744245913493], [120.81415306664914, 14.943744245913493], [120.81415306664914, 14.944822224254438], [120.8152310449901, 14.944822224254438], [120.81415306664914, 14.946978180936327], [120.8152310449901, 14.946978180936327], [120.81630902333106, 14.949134137618216], [120.81954295835388, 14.949134137618216], [120.81846498001292, 14.951290094300091], [120.81415306664914, 14.951290094300091], [120.81307508830824, 14.949134137618216], [120.81199710996728, 14.949134137618216], [120.81199710996728, 14.943744245913493]]]}, "properties": {"date": "2024-07-10", "event": "carina_2024"}}, {"type": "Feature", "geometry": {"geodesic": false, "type": "Polygon", "coordinates": [[[120.84110252517277, 14.972849661118971], [120.84218050351367, 14.972849661118971], [120.84218050351367, 14.97500561780086], [120.84325848185463, 14.97500561780086], [120.84325848185463, 14.973927639459916], [120.84649241687745, 14.973927639459916], [120.84649241687745, 14.977161574482736], [120.84972635190033, 14.977161574482736], [120.84972635190033, 14.979317531164625], [120.84864837355937, 14.979317531164625], [120.84864837355937, 14.98039550950557], [120.84541443853655, 14.98039550950557], [120.84541443853655, 14.977161574482736], [120.84325848185463, 14.977161574482736], [120.84325848185463, 14.976083596141791], [120.84218050351367, 14.976083596141791], [120.84218050351367, 14.977161574482736], [120.84110252517277, 14.977161574482736], [120.84110252517277, 14.972849661118971]], [[120.84433646019559, 14.97500561780086], [120.84433646019559, 14.976083596141791], [120.84325848185463, 14.976083596141791], [120.84325848185463, 14.97500561780086], [120.84433646019559, 14.97500561780086]]]}, "properties": {"date": "2024-07-10", "event": "carina_2024"}}, {"type": "Feature", "geometry": {"geodesic": false, "type": "Polygon", "coordinates": [[[120.9294967491301, 15.268215726537463], [120.93165270581201, 15.268215726537463], [120.93165270581201, 15.269293704878407], [120.93273068415297, 15.269293704878407], [120.93273068415297, 15.272527639901242], [120.93165270581201, 15.272527639901242], [120.93165270581201, 15.273605618242186], [120.93057472747105, 15.273605618242186], [120.93057472747105, 15.272527639901242], [120.92734079244823, 15.272527639901242], [120.92734079244823, 15.270371683219352], [120.92410685742541, 15.270371683219352], [120.92410685742541, 15.268215726537463], [120.92734079244823, 15.268215726537463], [120.92734079244823, 15.269293704878407], [120.9294967491301, 15.269293704878407], [120.9294967491301, 15.268215726537463]]]}, "properties": {"date": "2024-07-10", "event": "carina_2024"}}, {"type": "Feature", "geometry": {"geodesic": false, "type": "Polygon", "coordinates": [[[120.9144050523569, 15.048308144985], [120.91656100903882, 15.048308144985], [120.91656100903882, 15.05046410166689], [120.9144050523569, 15.05046410166689], [120.9144050523569, 15.053698036689724], [120.91332707401594, 15.053698036689724], [120.91332707401594, 15.054776015030669], [120.90793718231126, 15.054776015030669], [120.90793718231126, 15.05262005834878], [120.90901516065222, 15.05262005834878], [120.90901516065222, 15.051542080007835], [120.91224909567504, 15.051542080007835], [120.9144050523569, 15.048308144985]]]}, "properties": {"date": "2024-07-10", "event": "carina_2024"}}, {"type": "Feature", "geometry": {"geodesic": false, "type": "Polygon", "coordinates": [[[120.94135451088047, 15.21000489612652], [120.94351046756239, 15.21000489612652], [120.94351046756239, 15.216472766172174], [120.94458844590335, 15.216472766172174], [120.94458844590335, 15.218628722854064], [120.94566642424425, 15.218628722854064], [120.94566642424425, 15.219706701195008], [120.94135451088047, 15.219706701195008], [120.94135451088047, 15.222940636217842], [120.94027653253957, 15.222940636217842], [120.94027653253957, 15.218628722854064], [120.94243248922143, 15.218628722854064], [120.94243248922143, 15.215394787831244], [120.94135451088047, 15.215394787831244], [120.94135451088047, 15.21000489612652]]]}, "properties": {"date": "2024-07-10", "event": "carina_2024"}}, {"type": "Feature", "geometry": {"geodesic": false, "type": "Polygon", "coordinates": [[[120.96507003438123, 15.21000489612652], [120.9683039694041, 15.21000489612652], [120.9683039694041, 15.211082874467465], [120.96722599106315, 15.211082874467465], [120.96722599106315, 15.214316809490299], [120.97153790442692, 15.214316809490299], [120.97153790442692, 15.215394787831244], [120.97261588276783, 15.215394787831244], [120.97153790442692, 15.217550744513119], [120.9683039694041, 15.217550744513119], [120.9683039694041, 15.216472766172174], [120.96614801272219, 15.216472766172174], [120.96507003438123, 15.21000489612652]]]}, "properties": {"date": "2024-07-10", "event": "carina_2024"}}, {"type": "Feature", "geometry": {"geodesic": false, "type": "Polygon", "coordinates": [[[120.90578122562934, 15.254202008105196], [120.90793718231126, 15.254202008105196], [120.90793718231126, 15.25743594312803], [120.9068592039703, 15.25743594312803], [120.9068592039703, 15.258513921468975], [120.90793718231126, 15.258513921468975], [120.90793718231126, 15.261747856491809], [120.91224909567504, 15.261747856491809], [120.91224909567504, 15.262825834832753], [120.91332707401594, 15.262825834832753], [120.91332707401594, 15.264981791514629], [120.91117111733408, 15.264981791514629], [120.91117111733408, 15.262825834832753], [120.9068592039703, 15.262825834832753], [120.9068592039703, 15.261747856491809], [120.90578122562934, 15.261747856491809], [120.90578122562934, 15.254202008105196]]]}, "properties": {"date": "2024-07-10", "event": "carina_2024"}}, {"type": "Feature", "geometry": {"geodesic": false, "type": "Polygon", "coordinates": [[[120.95752418599463, 15.268215726537463], [120.95968014267655, 15.268215726537463], [120.95968014267655, 15.271449661560297], [120.96075812101745, 15.271449661560297], [120.96075812101745, 15.274683596583131], [120.95968014267655, 15.274683596583131], [120.95968014267655, 15.275761574924076], [120.95752418599463, 15.275761574924076], [120.95752418599463, 15.274683596583131], [120.95644620765373, 15.274683596583131], [120.95644620765373, 15.269293704878407], [120.95752418599463, 15.269293704878407], [120.95752418599463, 15.268215726537463]]]}, "properties": {"date": "2024-07-10", "event": "carina_2024"}}, {"type": "Feature", "geometry": {"geodesic": false, "type": "Polygon", "coordinates": [[[120.5166310445488, 14.913560852367084], [120.51878700123066, 14.913560852367084], [120.51878700123066, 14.916794787389904], [120.52094295791258, 14.917872765730849], [120.52094295791258, 14.921106700753683], [120.52202093625348, 14.921106700753683], [120.52202093625348, 14.922184679094627], [120.51878700123066, 14.922184679094627], [120.51878700123066, 14.918950744071793], [120.5177090228897, 14.918950744071793], [120.5177090228897, 14.917872765730849], [120.51555306620784, 14.917872765730849], [120.5166310445488, 14.913560852367084]]]}, "properties": {"date": "2024-07-10", "event": "carina_2024"}}, {"type": "Feature", "geometry": {"geodesic": false, "type": "Polygon", "coordinates": [[[120.9370425975167, 15.200303091058032], [120.94135451088047, 15.200303091058032], [120.94135451088047, 15.201381069398977], [120.94243248922143, 15.201381069398977], [120.94243248922143, 15.202459047739922], [120.94027653253957, 15.201381069398977], [120.94027653253957, 15.202459047739922], [120.93812057585765, 15.202459047739922], [120.93812057585765, 15.204615004421797], [120.94135451088047, 15.204615004421797], [120.94135451088047, 15.206770961103686], [120.93919855419861, 15.206770961103686], [120.93919855419861, 15.205692982762741], [120.9370425975167, 15.205692982762741], [120.9370425975167, 15.204615004421797], [120.93488664083483, 15.204615004421797], [120.93488664083483, 15.203537026080866], [120.93380866249387, 15.203537026080866], [120.93380866249387, 15.202459047739922], [120.9370425975167, 15.202459047739922], [120.9370425975167, 15.200303091058032]]]}, "properties": {"date": "2024-07-10", "event": "carina_2024"}}, {"type": "Feature", "geometry": {"geodesic": false, "type": "Polygon", "coordinates": [[[120.94351046756239, 15.231564462945386], [120.94458844590335, 15.231564462945386], [120.94458844590335, 15.233720419627275], [120.94674440258521, 15.23479839796822], [120.94674440258521, 15.23695435465011], [120.94782238092617, 15.23695435465011], [120.94782238092617, 15.238032332991054], [120.95105631594899, 15.238032332991054], [120.95105631594899, 15.239110311331999], [120.95213429428995, 15.239110311331999], [120.95213429428995, 15.240188289672943], [120.94997833760803, 15.240188289672943], [120.94997833760803, 15.241266268013874], [120.95105631594899, 15.241266268013874], [120.94997833760803, 15.243422224695763], [120.94890035926707, 15.243422224695763], [120.94890035926707, 15.242344246354818], [120.94997833760803, 15.242344246354818], [120.94997833760803, 15.241266268013874], [120.94674440258521, 15.239110311331999], [120.94674440258521, 15.238032332991054], [120.94566642424425, 15.238032332991054], [120.94566642424425, 15.235876376309164], [120.94351046756239, 15.235876376309164], [120.94351046756239, 15.231564462945386]]]}, "properties": {"date": "2024-07-10", "event": "carina_2024"}}, {"type": "Feature", "geometry": {"geodesic": false, "type": "Polygon", "coordinates": [[[120.92626281410728, 15.240188289672943], [120.9294967491301, 15.240188289672943], [120.9294967491301, 15.242344246354818], [120.9284187707892, 15.242344246354818], [120.92734079244823, 15.244500203036708], [120.92410685742541, 15.244500203036708], [120.92410685742541, 15.246656159718597], [120.9219509007435, 15.246656159718597], [120.9219509007435, 15.242344246354818], [120.92626281410728, 15.242344246354818], [120.92626281410728, 15.240188289672943]]]}, "properties": {"date": "2024-07-10", "event": "carina_2024"}}, {"type": "Feature", "geometry": {"geodesic": false, "type": "Polygon", "coordinates": [[[120.93488664083483, 15.266059769855573], [120.93919855419861, 15.266059769855573], [120.93919855419861, 15.272527639901242], [120.93596461917579, 15.272527639901242], [120.93596461917579, 15.273605618242186], [120.93488664083483, 15.273605618242186], [120.93596461917579, 15.271449661560297], [120.9370425975167, 15.271449661560297], [120.9370425975167, 15.269293704878407], [120.93380866249387, 15.269293704878407], [120.93380866249387, 15.268215726537463], [120.93488664083483, 15.268215726537463], [120.93488664083483, 15.266059769855573]]]}, "properties": {"date": "2024-07-10", "event": "carina_2024"}}, {"type": "Feature", "geometry": {"geodesic": false, "type": "Polygon", "coordinates": [[[120.97800577447256, 15.269293704878407], [120.98016173115448, 15.269293704878407], [120.98016173115448, 15.270371683219352], [120.9833956661773, 15.270371683219352], [120.9833956661773, 15.272527639901242], [120.98231768783634, 15.272527639901242], [120.98231768783634, 15.275761574924076], [120.98123970949538, 15.275761574924076], [120.98123970949538, 15.276839553265006], [120.97908375281352, 15.275761574924076], [120.97908375281352, 15.271449661560297], [120.97800577447256, 15.271449661560297], [120.97800577447256, 15.269293704878407]]]}, "properties": {"date": "2024-07-10", "event": "carina_2024"}}, {"type": "Feature", "geometry": {"geodesic": false, "type": "Polygon", "coordinates": [[[120.56729602657313, 14.639754353767444], [120.569451983255, 14.639754353767444], [120.569451983255, 14.640832332108388], [120.56837400491409, 14.640832332108388], [120.56837400491409, 14.644066267131223], [120.56729602657313, 14.644066267131223], [120.56729602657313, 14.645144245472167], [120.569451983255, 14.646222223813112], [120.569451983255, 14.647300202154057], [120.56837400491409, 14.647300202154057], [120.569451983255, 14.649456158835946], [120.56837400491409, 14.649456158835946], [120.56837400491409, 14.650534137176876], [120.56514006989121, 14.650534137176876], [120.56621804823217, 14.646222223813112], [120.56729602657313, 14.646222223813112], [120.56621804823217, 14.644066267131223], [120.56729602657313, 14.644066267131223], [120.56729602657313, 14.642988288790278], [120.56621804823217, 14.642988288790278], [120.56621804823217, 14.641910310449333], [120.56729602657313, 14.641910310449333], [120.56729602657313, 14.639754353767444]], [[120.56837400491409, 14.648378180495001], [120.56837400491409, 14.649456158835946], [120.56729602657313, 14.649456158835946], [120.56729602657313, 14.648378180495001], [120.56837400491409, 14.648378180495001]], [[120.56837400491409, 14.646222223813112], [120.56837400491409, 14.647300202154057], [120.56729602657313, 14.647300202154057], [120.56729602657313, 14.646222223813112], [120.56837400491409, 14.646222223813112]]]}, "properties": {"date": "2024-07-10", "event": "carina_2024"}}, {"type": "Feature", "geometry": {"geodesic": false, "type": "Polygon", "coordinates": [[[120.90901516065222, 14.986863379551238], [120.91009313899312, 14.986863379551238], [120.91117111733408, 14.989019336233113], [120.91332707401594, 14.989019336233113], [120.91332707401594, 14.990097314574058], [120.91117111733408, 14.991175292915003], [120.91117111733408, 14.992253271255947], [120.91332707401594, 14.992253271255947], [120.91332707401594, 14.993331249596892], [120.91117111733408, 14.993331249596892], [120.91009313899312, 14.995487206278781], [120.90901516065222, 14.995487206278781], [120.91009313899312, 14.993331249596892], [120.90901516065222, 14.993331249596892], [120.90901516065222, 14.986863379551238]]]}, "properties": {"date": "2024-07-10", "event": "carina_2024"}}, {"type": "Feature", "geometry": {"geodesic": false, "type": "Polygon", "coordinates": [[[120.95105631594899, 15.21216085280841], [120.95429025097181, 15.21216085280841], [120.95429025097181, 15.216472766172174], [120.94782238092617, 15.216472766172174], [120.94782238092617, 15.214316809490299], [120.95105631594899, 15.214316809490299], [120.95105631594899, 15.21216085280841]]]}, "properties": {"date": "2024-07-10", "event": "carina_2024"}}, {"type": "Feature", "geometry": {"geodesic": false, "type": "Polygon", "coordinates": [[[120.93488664083483, 15.221862657876898], [120.93596461917579, 15.221862657876898], [120.93596461917579, 15.222940636217842], [120.93812057585765, 15.222940636217842], [120.93812057585765, 15.224018614558787], [120.94027653253957, 15.225096592899732], [120.94027653253957, 15.227252549581621], [120.93380866249387, 15.226174571240676], [120.93380866249387, 15.227252549581621], [120.93273068415297, 15.227252549581621], [120.93380866249387, 15.225096592899732], [120.93488664083483, 15.225096592899732], [120.93488664083483, 15.221862657876898]]]}, "properties": {"date": "2024-07-10", "event": "carina_2024"}}, {"type": "Feature", "geometry": {"geodesic": false, "type": "Polygon", "coordinates": [[[120.89500144221992, 15.220784679535953], [120.89715739890184, 15.220784679535953], [120.89715739890184, 15.227252549581621], [120.89500144221992, 15.227252549581621], [120.89607942056088, 15.229408506263496], [120.89392346387896, 15.230486484604441], [120.89500144221992, 15.224018614558787], [120.89392346387896, 15.224018614558787], [120.89392346387896, 15.221862657876898], [120.89500144221992, 15.221862657876898], [120.89500144221992, 15.220784679535953]]]}, "properties": {"date": "2024-07-10", "event": "carina_2024"}}, {"type": "Feature", "geometry": {"geodesic": false, "type": "Polygon", "coordinates": [[[120.95105631594899, 15.229408506263496], [120.95321227263085, 15.230486484604441], [120.95321227263085, 15.235876376309164], [120.94997833760803, 15.235876376309164], [120.94997833760803, 15.231564462945386], [120.94782238092617, 15.231564462945386], [120.94782238092617, 15.230486484604441], [120.95105631594899, 15.230486484604441], [120.95105631594899, 15.229408506263496]]]}, "properties": {"date": "2024-07-10", "event": "carina_2024"}}, {"type": "Feature", "geometry": {"geodesic": false, "type": "Polygon", "coordinates": [[[120.87020794037821, 15.21216085280841], [120.87236389706013, 15.21216085280841], [120.87236389706013, 15.213238831149354], [120.87451985374199, 15.214316809490299], [120.87451985374199, 15.216472766172174], [120.87344187540108, 15.216472766172174], [120.87344187540108, 15.217550744513119], [120.8691299620373, 15.217550744513119], [120.8691299620373, 15.215394787831244], [120.87128591871917, 15.215394787831244], [120.87128591871917, 15.214316809490299], [120.87020794037821, 15.214316809490299], [120.87020794037821, 15.21216085280841]]]}, "properties": {"date": "2024-07-10", "event": "carina_2024"}}, {"type": "Feature", "geometry": {"geodesic": false, "type": "Polygon", "coordinates": [[[120.88745559383332, 15.215394787831244], [120.88853357217428, 15.215394787831244], [120.88745559383332, 15.217550744513119], [120.88529963715146, 15.216472766172174], [120.88529963715146, 15.217550744513119], [120.88314368046954, 15.217550744513119], [120.88314368046954, 15.218628722854064], [120.88206570212859, 15.218628722854064], [120.88206570212859, 15.217550744513119], [120.88098772378768, 15.217550744513119], [120.88098772378768, 15.218628722854064], [120.87990974544672, 15.218628722854064], [120.87990974544672, 15.217550744513119], [120.8777537887648, 15.217550744513119], [120.87883176710577, 15.215394787831244], [120.8842216588105, 15.215394787831244], [120.8842216588105, 15.216472766172174], [120.88637761549236, 15.215394787831244], [120.88637761549236, 15.216472766172174], [120.88745559383332, 15.216472766172174], [120.88745559383332, 15.215394787831244]]]}, "properties": {"date": "2024-07-10", "event": "carina_2024"}}, {"type": "Feature", "geometry": {"geodesic": false, "type": "Polygon", "coordinates": [[[120.85296028692315, 15.215394787831244], [120.85619422194597, 15.215394787831244], [120.85619422194597, 15.217550744513119], [120.85727220028693, 15.217550744513119], [120.85727220028693, 15.222940636217842], [120.85511624360501, 15.221862657876898], [120.85403826526405, 15.217550744513119], [120.85296028692315, 15.217550744513119], [120.85296028692315, 15.215394787831244]]]}, "properties": {"date": "2024-07-10", "event": "carina_2024"}}, {"type": "Feature", "geometry": {"geodesic": false, "type": "Polygon", "coordinates": [[[120.96722599106315, 15.243422224695763], [120.969381947745, 15.243422224695763], [120.969381947745, 15.245578181377653], [120.96614801272219, 15.245578181377653], [120.96614801272219, 15.246656159718597], [120.96507003438123, 15.246656159718597], [120.96507003438123, 15.245578181377653], [120.96183609935841, 15.245578181377653], [120.96183609935841, 15.246656159718597], [120.96075812101745, 15.246656159718597], [120.96075812101745, 15.245578181377653], [120.95968014267655, 15.245578181377653], [120.95968014267655, 15.243422224695763], [120.96399205604033, 15.243422224695763], [120.96399205604033, 15.244500203036708], [120.96722599106315, 15.244500203036708], [120.96722599106315, 15.243422224695763]]]}, "properties": {"date": "2024-07-10", "event": "carina_2024"}}, {"type": "Feature", "geometry": {"geodesic": false, "type": "Polygon", "coordinates": [[[120.94027653253957, 15.112986845441611], [120.94243248922143, 15.112986845441611], [120.94243248922143, 15.11945471548728], [120.94027653253957, 15.11945471548728], [120.94027653253957, 15.118376737146335], [120.93919855419861, 15.118376737146335], [120.93919855419861, 15.114064823782556], [120.94027653253957, 15.114064823782556], [120.94027653253957, 15.112986845441611]]]}, "properties": {"date": "2024-07-10", "event": "carina_2024"}}, {"type": "Feature", "geometry": {"geodesic": false, "type": "Polygon", "coordinates": [[[120.87344187540108, 15.219706701195008], [120.87451985374199, 15.219706701195008], [120.87451985374199, 15.221862657876898], [120.87883176710577, 15.221862657876898], [120.87883176710577, 15.220784679535953], [120.87990974544672, 15.220784679535953], [120.87990974544672, 15.225096592899732], [120.8766758104239, 15.225096592899732], [120.87559783208295, 15.222940636217842], [120.87344187540108, 15.222940636217842], [120.87344187540108, 15.219706701195008]]]}, "properties": {"date": "2024-07-10", "event": "carina_2024"}}, {"type": "Feature", "geometry": {"geodesic": false, "type": "Polygon", "coordinates": [[[120.95860216433559, 15.248812116400487], [120.96075812101745, 15.249890094741431], [120.96075812101745, 15.25204605142332], [120.95644620765373, 15.25204605142332], [120.95644620765373, 15.25527998644614], [120.95429025097181, 15.25527998644614], [120.95429025097181, 15.250968073082376], [120.95752418599463, 15.250968073082376], [120.95860216433559, 15.248812116400487]]]}, "properties": {"date": "2024-07-10", "event": "carina_2024"}}, {"type": "Feature", "geometry": {"geodesic": false, "type": "Polygon", "coordinates": [[[120.86050613530975, 14.93080850582217], [120.86805198369635, 14.93080850582217], [120.86805198369635, 14.931886484163115], [120.86589602701443, 14.93296446250406], [120.86589602701443, 14.931886484163115], [120.86374007033257, 14.931886484163115], [120.86374007033257, 14.93296446250406], [120.86266209199161, 14.93296446250406], [120.86266209199161, 14.93512041918595], [120.86050613530975, 14.93512041918595], [120.86050613530975, 14.93080850582217]]]}, "properties": {"date": "2024-07-10", "event": "carina_2024"}}, {"type": "Feature", "geometry": {"geodesic": false, "type": "Polygon", "coordinates": [[[120.90146931226556, 15.048308144985], [120.90254729060652, 15.048308144985], [120.90146931226556, 15.05046410166689], [120.90470324728844, 15.05046410166689], [120.90470324728844, 15.054776015030669], [120.90254729060652, 15.053698036689724], [120.90254729060652, 15.051542080007835], [120.90146931226556, 15.051542080007835], [120.90146931226556, 15.05046410166689], [120.90039133392466, 15.05046410166689], [120.90039133392466, 15.051542080007835], [120.89823537724274, 15.051542080007835], [120.89823537724274, 15.049386123325945], [120.8993133555837, 15.049386123325945], [120.8993133555837, 15.048308144985], [120.90146931226556, 15.049386123325945], [120.90146931226556, 15.048308144985]]]}, "properties": {"date": "2024-07-10", "event": "carina_2024"}}, {"type": "Feature", "geometry": {"geodesic": false, "type": "Polygon", "coordinates": [[[120.88853357217428, 15.218628722854064], [120.89068952885614, 15.218628722854064], [120.89068952885614, 15.222940636217842], [120.88637761549236, 15.222940636217842], [120.88529963715146, 15.220784679535953], [120.88637761549236, 15.220784679535953], [120.88637761549236, 15.219706701195008], [120.88853357217428, 15.219706701195008], [120.88853357217428, 15.218628722854064]]]}, "properties": {"date": "2024-07-10", "event": "carina_2024"}}, {"type": "Feature", "geometry": {"geodesic": false, "type": "Polygon", "coordinates": [[[120.95860216433559, 15.25959189980992], [120.96075812101745, 15.25959189980992], [120.96075812101745, 15.264981791514629], [120.96399205604033, 15.264981791514629], [120.96399205604033, 15.267137748196518], [120.95968014267655, 15.267137748196518], [120.95968014267655, 15.261747856491809], [120.95860216433559, 15.261747856491809], [120.95860216433559, 15.25959189980992]]]}, "properties": {"date": "2024-07-10", "event": "carina_2024"}}, {"type": "Feature", "geometry": {"geodesic": false, "type": "Polygon", "coordinates": [[[120.96507003438123, 15.262825834832753], [120.9683039694041, 15.262825834832753], [120.9683039694041, 15.263903813173698], [120.97045992608597, 15.263903813173698], [120.97045992608597, 15.267137748196518], [120.96614801272219, 15.267137748196518], [120.96614801272219, 15.263903813173698], [120.96507003438123, 15.263903813173698], [120.96507003438123, 15.262825834832753]]]}, "properties": {"date": "2024-07-10", "event": "carina_2024"}}, {"type": "Feature", "geometry": {"geodesic": false, "type": "Polygon", "coordinates": [[[120.9683039694041, 15.285463379992564], [120.97045992608597, 15.285463379992564], [120.97045992608597, 15.287619336674453], [120.9683039694041, 15.287619336674453], [120.9683039694041, 15.289775293356328], [120.96722599106315, 15.289775293356328], [120.96722599106315, 15.290853271697273], [120.96507003438123, 15.289775293356328], [120.96507003438123, 15.288697315015384], [120.96291407769937, 15.288697315015384], [120.96291407769937, 15.287619336674453], [120.96614801272219, 15.287619336674453], [120.96614801272219, 15.286541358333508], [120.9683039694041, 15.286541358333508], [120.9683039694041, 15.285463379992564]]]}, "properties": {"date": "2024-07-10", "event": "carina_2024"}}, {"type": "Feature", "geometry": {"geodesic": false, "type": "Polygon", "coordinates": [[[120.85942815696879, 14.924340635776517], [120.86050613530975, 14.924340635776517], [120.86158411365071, 14.926496592458406], [120.86050613530975, 14.926496592458406], [120.86050613530975, 14.927574570799337], [120.85727220028693, 14.929730527481226], [120.85727220028693, 14.927574570799337], [120.85511624360501, 14.926496592458406], [120.85511624360501, 14.925418614117461], [120.85942815696879, 14.925418614117461], [120.85942815696879, 14.924340635776517]]]}, "properties": {"date": "2024-07-10", "event": "carina_2024"}}, {"type": "Feature", "geometry": {"geodesic": false, "type": "Polygon", "coordinates": [[[120.84433646019559, 14.967459769414248], [120.84757039521841, 14.967459769414248], [120.84757039521841, 14.971771682778027], [120.84325848185463, 14.971771682778027], [120.84433646019559, 14.967459769414248]]]}, "properties": {"date": "2024-07-10", "event": "carina_2024"}}, {"type": "Feature", "geometry": {"geodesic": false, "type": "Polygon", "coordinates": [[[120.79151552148934, 14.973927639459916], [120.79367147817126, 14.973927639459916], [120.79474945651216, 14.976083596141791], [120.79043754314839, 14.976083596141791], [120.79043754314839, 14.97823955282368], [120.78720360812557, 14.97823955282368], [120.78720360812557, 14.976083596141791], [120.78828158646652, 14.976083596141791], [120.78828158646652, 14.97500561780086], [120.78720360812557, 14.97500561780086], [120.78720360812557, 14.973927639459916], [120.78828158646652, 14.973927639459916], [120.78935956480748, 14.976083596141791], [120.79151552148934, 14.97500561780086], [120.79151552148934, 14.973927639459916]]]}, "properties": {"date": "2024-07-10", "event": "carina_2024"}}, {"type": "Feature", "geometry": {"geodesic": false, "type": "Polygon", "coordinates": [[[120.89607942056088, 15.05262005834878], [120.8993133555837, 15.05262005834878], [120.8993133555837, 15.054776015030669], [120.90039133392466, 15.054776015030669], [120.90146931226556, 15.056931971712558], [120.89823537724274, 15.056931971712558], [120.89823537724274, 15.054776015030669], [120.89715739890184, 15.054776015030669], [120.89715739890184, 15.055853993371613], [120.89500144221992, 15.055853993371613], [120.89500144221992, 15.053698036689724], [120.89607942056088, 15.053698036689724], [120.89607942056088, 15.05262005834878]]]}, "properties": {"date": "2024-07-10", "event": "carina_2024"}}, {"type": "Feature", "geometry": {"geodesic": false, "type": "Polygon", "coordinates": [[[120.88529963715146, 15.249890094741431], [120.88745559383332, 15.250968073082376], [120.88745559383332, 15.254202008105196], [120.88314368046954, 15.254202008105196], [120.88314368046954, 15.249890094741431], [120.8842216588105, 15.249890094741431], [120.8842216588105, 15.250968073082376], [120.88529963715146, 15.250968073082376], [120.88529963715146, 15.249890094741431]]]}, "properties": {"date": "2024-07-10", "event": "carina_2024"}}, {"type": "Feature", "geometry": {"geodesic": false, "type": "Polygon", "coordinates": [[[120.84325848185463, 14.956679986004815], [120.84433646019559, 14.956679986004815], [120.84433646019559, 14.958835942686704], [120.84864837355937, 14.958835942686704], [120.84864837355937, 14.960991899368594], [120.84541443853655, 14.960991899368594], [120.84433646019559, 14.958835942686704], [120.84325848185463, 14.958835942686704], [120.84325848185463, 14.960991899368594], [120.84110252517277, 14.960991899368594], [120.84325848185463, 14.956679986004815]]]}, "properties": {"date": "2024-07-10", "event": "carina_2024"}}, {"type": "Feature", "geometry": {"geodesic": false, "type": "Polygon", "coordinates": [[[120.84649241687745, 15.174431610875388], [120.84757039521841, 15.174431610875388], [120.84757039521841, 15.175509589216333], [120.84541443853655, 15.176587567557277], [120.84541443853655, 15.177665545898222], [120.84649241687745, 15.177665545898222], [120.84649241687745, 15.180899480921042], [120.84541443853655, 15.180899480921042], [120.84433646019559, 15.178743524239167], [120.84218050351367, 15.178743524239167], [120.84218050351367, 15.176587567557277], [120.84325848185463, 15.176587567557277], [120.84325848185463, 15.175509589216333], [120.84541443853655, 15.176587567557277], [120.84649241687745, 15.174431610875388]]]}, "properties": {"date": "2024-07-10", "event": "carina_2024"}}, {"type": "Feature", "geometry": {"geodesic": false, "type": "Polygon", "coordinates": [[[120.75163032287443, 14.901703090616707], [120.75378627955635, 14.901703090616707], [120.75378627955635, 14.906015003980471], [120.75270830121539, 14.906015003980471], [120.75270830121539, 14.907092982321416], [120.75055234453353, 14.907092982321416], [120.75055234453353, 14.904937025639526], [120.75163032287443, 14.904937025639526], [120.75163032287443, 14.903859047298582], [120.75055234453353, 14.903859047298582], [120.75055234453353, 14.902781068957651], [120.75163032287443, 14.902781068957651], [120.75163032287443, 14.901703090616707]]]}, "properties": {"date": "2024-07-10", "event": "carina_2024"}}, {"type": "Feature", "geometry": {"geodesic": false, "type": "Polygon", "coordinates": [[[120.8777537887648, 15.247734138059542], [120.88206570212859, 15.247734138059542], [120.88206570212859, 15.250968073082376], [120.87990974544672, 15.250968073082376], [120.87990974544672, 15.25204605142332], [120.87883176710577, 15.25204605142332], [120.8777537887648, 15.247734138059542]]]}, "properties": {"date": "2024-07-10", "event": "carina_2024"}}, {"type": "Feature", "geometry": {"geodesic": false, "type": "Polygon", "coordinates": [[[120.90578122562934, 15.273605618242186], [120.90793718231126, 15.273605618242186], [120.90793718231126, 15.274683596583131], [120.90901516065222, 15.274683596583131], [120.90793718231126, 15.278995509946895], [120.90578122562934, 15.278995509946895], [120.90578122562934, 15.273605618242186]]]}, "properties": {"date": "2024-07-10", "event": "carina_2024"}}, {"type": "Feature", "geometry": {"geodesic": false, "type": "Polygon", "coordinates": [[[120.88098772378768, 15.274683596583131], [120.88529963715146, 15.274683596583131], [120.88529963715146, 15.27791753160595], [120.88098772378768, 15.27791753160595], [120.88098772378768, 15.274683596583131]]]}, "properties": {"date": "2024-07-10", "event": "carina_2024"}}, {"type": "Feature", "geometry": {"geodesic": false, "type": "Polygon", "coordinates": [[[120.89392346387896, 15.281151466628785], [120.89500144221992, 15.281151466628785], [120.89500144221992, 15.283307423310674], [120.89607942056088, 15.283307423310674], [120.89607942056088, 15.284385401651619], [120.89823537724274, 15.284385401651619], [120.89715739890184, 15.286541358333508], [120.89607942056088, 15.286541358333508], [120.89607942056088, 15.285463379992564], [120.89284548553806, 15.285463379992564], [120.89284548553806, 15.28222944496973], [120.89392346387896, 15.28222944496973], [120.89392346387896, 15.281151466628785]]]}, "properties": {"date": "2024-07-10", "event": "carina_2024"}}, {"type": "Feature", "geometry": {"geodesic": false, "type": "Polygon", "coordinates": [[[120.9219509007435, 15.291931250038218], [120.92302887908446, 15.291931250038218], [120.92302887908446, 15.293009228379162], [120.9208729224026, 15.294087206720107], [120.9208729224026, 15.296243163401996], [120.91871696572068, 15.296243163401996], [120.91871696572068, 15.295165185061052], [120.91548303069786, 15.295165185061052], [120.91548303069786, 15.294087206720107], [120.9144050523569, 15.294087206720107], [120.9144050523569, 15.293009228379162], [120.9208729224026, 15.294087206720107], [120.9219509007435, 15.291931250038218]]]}, "properties": {"date": "2024-07-10", "event": "carina_2024"}}, {"type": "Feature", "geometry": {"geodesic": false, "type": "Polygon", "coordinates": [[[120.81630902333106, 14.95775796434576], [120.81954295835388, 14.95775796434576], [120.81954295835388, 14.959913921027649], [120.8216989150358, 14.960991899368594], [120.8216989150358, 14.963147856050483], [120.82493285005862, 14.963147856050483], [120.82493285005862, 14.964225834391414], [120.82601082839952, 14.964225834391414], [120.82601082839952, 14.966381791073303], [120.82493285005862, 14.966381791073303], [120.82493285005862, 14.967459769414248], [120.82816678508144, 14.967459769414248], [120.82816678508144, 14.970693704437082], [120.82601082839952, 14.970693704437082], [120.82601082839952, 14.972849661118971], [120.82816678508144, 14.972849661118971], [120.82816678508144, 14.976083596141791], [120.8292447634224, 14.976083596141791], [120.8292447634224, 14.977161574482736], [120.8303227417633, 14.977161574482736], [120.8303227417633, 14.976083596141791], [120.83247869844521, 14.976083596141791], [120.83247869844521, 14.973927639459916], [120.83463465512708, 14.973927639459916], [120.83463465512708, 14.972849661118971], [120.83571263346803, 14.972849661118971], [120.83571263346803, 14.971771682778027], [120.83355667678617, 14.971771682778027], [120.83355667678617, 14.969615726096137], [120.83571263346803, 14.969615726096137], [120.83571263346803, 14.971771682778027], [120.84325848185463, 14.971771682778027], [120.84325848185463, 14.969615726096137], [120.84541443853655, 14.968537747755192], [120.84541443853655, 14.967459769414248], [120.84757039521841, 14.967459769414248], [120.84757039521841, 14.971771682778027], [120.84541443853655, 14.971771682778027], [120.84541443853655, 14.973927639459916], [120.84757039521841, 14.97500561780086], [120.84757039521841, 14.981473487846515], [120.85080433024123, 14.981473487846515], [120.85080433024123, 14.98255146618746], [120.85188230858219, 14.98255146618746], [120.85188230858219, 14.985785401210293], [120.84541443853655, 14.984707422869349], [120.84433646019559, 14.979317531164625], [120.84110252517277, 14.979317531164625], [120.84110252517277, 14.983629444528404], [120.84218050351367, 14.983629444528404], [120.84218050351367, 14.984707422869349], [120.84433646019559, 14.983629444528404], [120.84433646019559, 14.984707422869349], [120.84218050351367, 14.985785401210293], [120.84218050351367, 14.987941357892169], [120.84325848185463, 14.987941357892169], [120.84325848185463, 14.989019336233113], [120.83894656849085, 14.990097314574058], [120.83894656849085, 14.989019336233113], [120.8378685901499, 14.989019336233113], [120.8378685901499, 14.984707422869349], [120.83894656849085, 14.984707422869349], [120.83894656849085, 14.983629444528404], [120.8378685901499, 14.983629444528404], [120.8378685901499, 14.98255146618746], [120.83140072010426, 14.98255146618746], [120.83140072010426, 14.981473487846515], [120.82816678508144, 14.981473487846515], [120.82816678508144, 14.98039550950557], [120.8303227417633, 14.98039550950557], [120.8303227417633, 14.979317531164625], [120.83140072010426, 14.979317531164625], [120.83140072010426, 14.97823955282368], [120.8292447634224, 14.97823955282368], [120.8292447634224, 14.979317531164625], [120.82816678508144, 14.979317531164625], [120.82816678508144, 14.97823955282368], [120.82062093669484, 14.97823955282368], [120.82062093669484, 14.979317531164625], [120.81630902333106, 14.979317531164625], [120.81630902333106, 14.97823955282368], [120.82062093669484, 14.97823955282368], [120.82062093669484, 14.97500561780086], [120.8152310449901, 14.97500561780086], [120.81307508830824, 14.971771682778027], [120.80984115328542, 14.971771682778027], [120.80984115328542, 14.967459769414248], [120.81091913162632, 14.967459769414248], [120.81091913162632, 14.966381791073303], [120.80876317494446, 14.965303812732358], [120.80876317494446, 14.95775796434576], [120.81091913162632, 14.95775796434576], [120.81199710996728, 14.959913921027649], [120.8152310449901, 14.959913921027649], [120.81630902333106, 14.95775796434576]], [[120.83894656849085, 14.979317531164625], [120.83894656849085, 14.98039550950557], [120.8378685901499, 14.98039550950557], [120.8378685901499, 14.979317531164625], [120.83894656849085, 14.979317531164625]], [[120.83894656849085, 14.973927639459916], [120.83894656849085, 14.97500561780086], [120.8378685901499, 14.97500561780086], [120.8378685901499, 14.973927639459916], [120.83894656849085, 14.973927639459916]], [[120.82601082839952, 14.972849661118971], [120.82601082839952, 14.97500561780086], [120.82385487171766, 14.97500561780086], [120.82385487171766, 14.972849661118971], [120.82601082839952, 14.972849661118971]], [[120.84433646019559, 14.971771682778027], [120.84433646019559, 14.972849661118971], [120.84325848185463, 14.972849661118971], [120.84325848185463, 14.971771682778027], [120.84433646019559, 14.971771682778027]], [[120.82385487171766, 14.968537747755192], [120.82385487171766, 14.969615726096137], [120.8227768933767, 14.969615726096137], [120.8227768933767, 14.968537747755192], [120.82385487171766, 14.968537747755192]], [[120.82062093669484, 14.967459769414248], [120.82062093669484, 14.968537747755192], [120.81846498001292, 14.968537747755192], [120.81846498001292, 14.967459769414248], [120.82062093669484, 14.967459769414248]], [[120.81630902333106, 14.965303812732358], [120.81630902333106, 14.967459769414248], [120.8152310449901, 14.967459769414248], [120.8152310449901, 14.965303812732358], [120.81630902333106, 14.965303812732358]], [[120.81630902333106, 14.962069877709538], [120.81630902333106, 14.964225834391414], [120.8152310449901, 14.964225834391414], [120.81415306664914, 14.962069877709538], [120.81630902333106, 14.962069877709538]]]}, "properties": {"date": "2024-07-22", "event": "carina_2024"}}, {"type": "Feature", "geometry": {"geodesic": false, "type": "Polygon", "coordinates": [[[120.93488664083483, 15.19275724267142], [120.93812057585765, 15.19275724267142], [120.93812057585765, 15.193835221012364], [120.93919855419861, 15.193835221012364], [120.93919855419861, 15.195991177694253], [120.94027653253957, 15.195991177694253], [120.94027653253957, 15.193835221012364], [120.94458844590335, 15.193835221012364], [120.94458844590335, 15.197069156035198], [120.94135451088047, 15.197069156035198], [120.94135451088047, 15.199225112717087], [120.94027653253957, 15.199225112717087], [120.94243248922143, 15.202459047739922], [120.94674440258521, 15.202459047739922], [120.94674440258521, 15.200303091058032], [120.94351046756239, 15.200303091058032], [120.94351046756239, 15.198147134376143], [120.94566642424425, 15.198147134376143], [120.94566642424425, 15.199225112717087], [120.94674440258521, 15.199225112717087], [120.94674440258521, 15.198147134376143], [120.94997833760803, 15.198147134376143], [120.94997833760803, 15.197069156035198], [120.95105631594899, 15.197069156035198], [120.95105631594899, 15.202459047739922], [120.94997833760803, 15.202459047739922], [120.94997833760803, 15.203537026080866], [120.95105631594899, 15.203537026080866], [120.95105631594899, 15.205692982762741], [120.95213429428995, 15.205692982762741], [120.95213429428995, 15.206770961103686], [120.95429025097181, 15.206770961103686], [120.95429025097181, 15.20784893944463], [120.95321227263085, 15.20784893944463], [120.95321227263085, 15.21000489612652], [120.94890035926707, 15.21000489612652], [120.94890035926707, 15.208926917785575], [120.94782238092617, 15.208926917785575], [120.94782238092617, 15.20784893944463], [120.94890035926707, 15.20784893944463], [120.94890035926707, 15.205692982762741], [120.94458844590335, 15.206770961103686], [120.94458844590335, 15.203537026080866], [120.94243248922143, 15.203537026080866], [120.94243248922143, 15.204615004421797], [120.93919855419861, 15.204615004421797], [120.93919855419861, 15.205692982762741], [120.94027653253957, 15.205692982762741], [120.94027653253957, 15.206770961103686], [120.93919855419861, 15.206770961103686], [120.93919855419861, 15.20784893944463], [120.94027653253957, 15.20784893944463], [120.93919855419861, 15.21000489612652], [120.94351046756239, 15.21000489612652], [120.94351046756239, 15.208926917785575], [120.94458844590335, 15.208926917785575], [120.94458844590335, 15.211082874467465], [120.94351046756239, 15.211082874467465], [120.94351046756239, 15.215394787831244], [120.94243248922143, 15.215394787831244], [120.94243248922143, 15.216472766172174], [120.94566642424425, 15.218628722854064], [120.94458844590335, 15.220784679535953], [120.94782238092617, 15.220784679535953], [120.94782238092617, 15.221862657876898], [120.94566642424425, 15.221862657876898], [120.94566642424425, 15.222940636217842], [120.94351046756239, 15.222940636217842], [120.94351046756239, 15.219706701195008], [120.94243248922143, 15.219706701195008], [120.94243248922143, 15.220784679535953], [120.94135451088047, 15.220784679535953], [120.94135451088047, 15.219706701195008], [120.94027653253957, 15.219706701195008], [120.94027653253957, 15.220784679535953], [120.93812057585765, 15.219706701195008], [120.93919855419861, 15.217550744513119], [120.93812057585765, 15.217550744513119], [120.93812057585765, 15.216472766172174], [120.93919855419861, 15.216472766172174], [120.94027653253957, 15.218628722854064], [120.94243248922143, 15.217550744513119], [120.94243248922143, 15.216472766172174], [120.94135451088047, 15.216472766172174], [120.94135451088047, 15.211082874467465], [120.93919855419861, 15.211082874467465], [120.93919855419861, 15.213238831149354], [120.93596461917579, 15.213238831149354], [120.93596461917579, 15.21216085280841], [120.93488664083483, 15.21216085280841], [120.93488664083483, 15.213238831149354], [120.93273068415297, 15.213238831149354], [120.93165270581201, 15.215394787831244], [120.93057472747105, 15.215394787831244], [120.93057472747105, 15.213238831149354], [120.9284187707892, 15.213238831149354], [120.9284187707892, 15.21216085280841], [120.93165270581201, 15.21216085280841], [120.93165270581201, 15.21000489612652], [120.93273068415297, 15.21000489612652], [120.93273068415297, 15.208926917785575], [120.93596461917579, 15.211082874467465], [120.93596461917579, 15.206770961103686], [120.93919855419861, 15.206770961103686], [120.93812057585765, 15.204615004421797], [120.93488664083483, 15.204615004421797], [120.93488664083483, 15.203537026080866], [120.93380866249387, 15.203537026080866], [120.93380866249387, 15.201381069398977], [120.93488664083483, 15.201381069398977], [120.93488664083483, 15.200303091058032], [120.9370425975167, 15.200303091058032], [120.9370425975167, 15.199225112717087], [120.93596461917579, 15.199225112717087], [120.93596461917579, 15.197069156035198], [120.93380866249387, 15.195991177694253], [120.93380866249387, 15.194913199353309], [120.93488664083483, 15.194913199353309], [120.93488664083483, 15.19275724267142]], [[120.93488664083483, 15.211082874467465], [120.93488664083483, 15.21216085280841], [120.93380866249387, 15.21216085280841], [120.93380866249387, 15.211082874467465], [120.93488664083483, 15.211082874467465]], [[120.9370425975167, 15.211082874467465], [120.9370425975167, 15.21216085280841], [120.93596461917579, 15.21216085280841], [120.93596461917579, 15.211082874467465], [120.9370425975167, 15.211082874467465]], [[120.93812057585765, 15.198147134376143], [120.93812057585765, 15.199225112717087], [120.9370425975167, 15.199225112717087], [120.9370425975167, 15.198147134376143], [120.93812057585765, 15.198147134376143]]]}, "properties": {"date": "2024-07-22", "event": "carina_2024"}}, {"type": "Feature", "geometry": {"geodesic": false, "type": "Polygon", "coordinates": [[[120.85188230858219, 14.989019336233113], [120.85403826526405, 14.989019336233113], [120.85403826526405, 14.992253271255947], [120.85296028692315, 14.992253271255947], [120.85403826526405, 14.994409227937837], [120.85511624360501, 14.994409227937837], [120.85511624360501, 14.992253271255947], [120.86050613530975, 14.992253271255947], [120.86050613530975, 14.991175292915003], [120.86158411365071, 14.991175292915003], [120.86158411365071, 14.992253271255947], [120.85942815696879, 14.993331249596892], [120.85942815696879, 14.994409227937837], [120.86158411365071, 14.994409227937837], [120.86158411365071, 14.995487206278781], [120.86050613530975, 14.995487206278781], [120.86050613530975, 14.996565184619726], [120.85835017862783, 14.996565184619726], [120.85835017862783, 14.99764316296067], [120.85619422194597, 14.998721141301615], [120.85619422194597, 15.00087709798349], [120.85835017862783, 15.00087709798349], [120.85835017862783, 15.004111033006325], [120.85619422194597, 15.004111033006325], [120.85511624360501, 15.006266989688214], [120.85080433024123, 15.00518901134727], [120.84972635190033, 15.007344968029159], [120.84757039521841, 15.007344968029159], [120.84757039521841, 15.009500924711048], [120.84541443853655, 15.009500924711048], [120.84541443853655, 15.008422946370104], [120.84433646019559, 15.008422946370104], [120.84433646019559, 15.006266989688214], [120.84110252517277, 15.004111033006325], [120.84110252517277, 15.00303305466538], [120.84218050351367, 15.00303305466538], [120.84110252517277, 15.00087709798349], [120.84218050351367, 15.00087709798349], [120.84218050351367, 14.99764316296067], [120.836790611809, 14.99764316296067], [120.83571263346803, 14.995487206278781], [120.84218050351367, 14.995487206278781], [120.84325848185463, 14.99764316296067], [120.84433646019559, 14.99764316296067], [120.84433646019559, 14.996565184619726], [120.84649241687745, 14.996565184619726], [120.84649241687745, 15.00087709798349], [120.84757039521841, 15.00087709798349], [120.84757039521841, 14.999799119642546], [120.84864837355937, 14.999799119642546], [120.84864837355937, 14.99764316296067], [120.84757039521841, 14.99764316296067], [120.84757039521841, 14.996565184619726], [120.84864837355937, 14.996565184619726], [120.84864837355937, 14.993331249596892], [120.85188230858219, 14.993331249596892], [120.85188230858219, 14.989019336233113]], [[120.85296028692315, 14.993331249596892], [120.85296028692315, 14.994409227937837], [120.85188230858219, 14.994409227937837], [120.85188230858219, 14.993331249596892], [120.85296028692315, 14.993331249596892]]]}, "properties": {"date": "2024-07-22", "event": "carina_2024"}}, {"type": "Feature", "geometry": {"geodesic": false, "type": "Polygon", "coordinates": [[[120.56082815652744, 14.642988288790278], [120.56298411320935, 14.642988288790278], [120.56298411320935, 14.644066267131223], [120.56406209155031, 14.644066267131223], [120.56406209155031, 14.646222223813112], [120.56514006989121, 14.646222223813112], [120.56514006989121, 14.645144245472167], [120.56837400491409, 14.645144245472167], [120.56837400491409, 14.646222223813112], [120.569451983255, 14.646222223813112], [120.569451983255, 14.647300202154057], [120.56837400491409, 14.647300202154057], [120.569451983255, 14.649456158835946], [120.56837400491409, 14.649456158835946], [120.56729602657313, 14.651612115517821], [120.56406209155031, 14.651612115517821], [120.56406209155031, 14.650534137176876], [120.5619061348684, 14.650534137176876], [120.5619061348684, 14.652690093858766], [120.56082815652744, 14.652690093858766], [120.56082815652744, 14.65376807219971], [120.5619061348684, 14.65376807219971], [120.5619061348684, 14.6559240288816], [120.56406209155031, 14.6559240288816], [120.56406209155031, 14.65807998556349], [120.5619061348684, 14.65807998556349], [120.5619061348684, 14.657002007222545], [120.56082815652744, 14.657002007222545], [120.56082815652744, 14.654846050540655], [120.55975017818653, 14.654846050540655], [120.55975017818653, 14.65807998556349], [120.55004837311802, 14.659157963904434], [120.55004837311802, 14.65807998556349], [120.5468144380952, 14.65807998556349], [120.5468144380952, 14.654846050540655], [120.54789241643616, 14.654846050540655], [120.54897039477706, 14.649456158835946], [120.55220432979993, 14.649456158835946], [120.55112635145898, 14.651612115517821], [120.55220432979993, 14.651612115517821], [120.55220432979993, 14.65376807219971], [120.5543602864818, 14.65376807219971], [120.5543602864818, 14.651612115517821], [120.55759422150462, 14.651612115517821], [120.55651624316371, 14.646222223813112], [120.55759422150462, 14.646222223813112], [120.55759422150462, 14.647300202154057], [120.56082815652744, 14.647300202154057], [120.56082815652744, 14.642988288790278]]]}, "properties": {"date": "2024-07-22", "event": "carina_2024"}}, {"type": "Feature", "geometry": {"geodesic": false, "type": "Polygon", "coordinates": [[[120.9068592039703, 15.046152188303125], [120.90793718231126, 15.046152188303125], [120.90793718231126, 15.05262005834878], [120.91224909567504, 15.05262005834878], [120.91117111733408, 15.048308144985], [120.91656100903882, 15.048308144985], [120.91656100903882, 15.049386123325945], [120.91871696572068, 15.05046410166689], [120.91871696572068, 15.053698036689724], [120.91656100903882, 15.054776015030669], [120.91656100903882, 15.056931971712558], [120.9144050523569, 15.058009950053503], [120.9144050523569, 15.055853993371613], [120.91548303069786, 15.055853993371613], [120.91548303069786, 15.054776015030669], [120.90901516065222, 15.054776015030669], [120.90901516065222, 15.055853993371613], [120.91009313899312, 15.055853993371613], [120.91009313899312, 15.059087928394447], [120.9068592039703, 15.059087928394447], [120.9068592039703, 15.061243885076323], [120.90470324728844, 15.061243885076323], [120.90470324728844, 15.056931971712558], [120.9068592039703, 15.056931971712558], [120.9068592039703, 15.054776015030669], [120.8993133555837, 15.053698036689724], [120.8993133555837, 15.055853993371613], [120.89823537724274, 15.055853993371613], [120.89823537724274, 15.056931971712558], [120.89715739890184, 15.056931971712558], [120.89715739890184, 15.058009950053503], [120.89392346387896, 15.060165906735378], [120.89392346387896, 15.058009950053503], [120.89500144221992, 15.058009950053503], [120.89500144221992, 15.056931971712558], [120.89284548553806, 15.055853993371613], [120.89284548553806, 15.054776015030669], [120.89500144221992, 15.054776015030669], [120.89607942056088, 15.05262005834878], [120.89823537724274, 15.05262005834878], [120.89823537724274, 15.05046410166689], [120.8993133555837, 15.05046410166689], [120.8993133555837, 15.048308144985], [120.90039133392466, 15.048308144985], [120.90039133392466, 15.04723016664407], [120.90470324728844, 15.048308144985], [120.90470324728844, 15.04723016664407], [120.9068592039703, 15.04723016664407], [120.9068592039703, 15.046152188303125]], [[120.91656100903882, 15.053698036689724], [120.91656100903882, 15.054776015030669], [120.91548303069786, 15.054776015030669], [120.91548303069786, 15.053698036689724], [120.91656100903882, 15.053698036689724]], [[120.90254729060652, 15.051542080007835], [120.90254729060652, 15.05262005834878], [120.90146931226556, 15.05262005834878], [120.90146931226556, 15.051542080007835], [120.90254729060652, 15.051542080007835]], [[120.91548303069786, 15.05046410166689], [120.91548303069786, 15.053698036689724], [120.9144050523569, 15.053698036689724], [120.9144050523569, 15.05046410166689], [120.91548303069786, 15.05046410166689]]]}, "properties": {"date": "2024-07-22", "event": "carina_2024"}}, {"type": "Feature", "geometry": {"geodesic": false, "type": "Polygon", "coordinates": [[[120.85188230858219, 14.916794787389904], [120.85619422194597, 14.916794787389904], [120.85619422194597, 14.917872765730849], [120.85835017862783, 14.917872765730849], [120.85835017862783, 14.921106700753683], [120.85942815696879, 14.921106700753683], [120.85942815696879, 14.924340635776517], [120.86050613530975, 14.924340635776517], [120.86050613530975, 14.929730527481226], [120.86805198369635, 14.93080850582217], [120.86805198369635, 14.934042440845005], [120.86697400535539, 14.934042440845005], [120.86697400535539, 14.93512041918595], [120.86050613530975, 14.93512041918595], [120.86050613530975, 14.939432332549714], [120.85080433024123, 14.940510310890659], [120.85080433024123, 14.938354354208784], [120.84972635190033, 14.938354354208784], [120.84972635190033, 14.936198397526894], [120.85403826526405, 14.936198397526894], [120.85403826526405, 14.937276375867839], [120.85619422194597, 14.937276375867839], [120.85619422194597, 14.93512041918595], [120.86050613530975, 14.93512041918595], [120.86050613530975, 14.929730527481226], [120.85942815696879, 14.929730527481226], [120.85942815696879, 14.93080850582217], [120.85619422194597, 14.93080850582217], [120.85619422194597, 14.927574570799337], [120.85511624360501, 14.927574570799337], [120.85511624360501, 14.924340635776517], [120.85727220028693, 14.924340635776517], [120.85727220028693, 14.921106700753683], [120.85511624360501, 14.920028722412738], [120.85511624360501, 14.923262657435572], [120.85296028692315, 14.923262657435572], [120.85296028692315, 14.924340635776517], [120.85188230858219, 14.924340635776517], [120.85188230858219, 14.921106700753683], [120.84757039521841, 14.921106700753683], [120.84757039521841, 14.918950744071793], [120.85511624360501, 14.920028722412738], [120.85511624360501, 14.917872765730849], [120.85188230858219, 14.917872765730849], [120.85188230858219, 14.916794787389904]]]}, "properties": {"date": "2024-07-22", "event": "carina_2024"}}, {"type": "Feature", "geometry": {"geodesic": false, "type": "Polygon", "coordinates": [[[120.97477183944974, 15.25743594312803], [120.9758498177907, 15.25743594312803], [120.9758498177907, 15.261747856491809], [120.9769277961316, 15.261747856491809], [120.9769277961316, 15.260669878150864], [120.97908375281352, 15.260669878150864], [120.98123970949538, 15.263903813173698], [120.9833956661773, 15.263903813173698], [120.9833956661773, 15.264981791514629], [120.9844736445182, 15.264981791514629], [120.9844736445182, 15.263903813173698], [120.98662960120012, 15.263903813173698], [120.98662960120012, 15.264981791514629], [120.98878555788198, 15.264981791514629], [120.98878555788198, 15.267137748196518], [120.98986353622294, 15.267137748196518], [120.98986353622294, 15.270371683219352], [120.9833956661773, 15.270371683219352], [120.9833956661773, 15.272527639901242], [120.98231768783634, 15.272527639901242], [120.98231768783634, 15.275761574924076], [120.98123970949538, 15.275761574924076], [120.98123970949538, 15.276839553265006], [120.98016173115448, 15.276839553265006], [120.98016173115448, 15.275761574924076], [120.9769277961316, 15.275761574924076], [120.9769277961316, 15.273605618242186], [120.97800577447256, 15.273605618242186], [120.97800577447256, 15.269293704878407], [120.98016173115448, 15.269293704878407], [120.98016173115448, 15.267137748196518], [120.98231768783634, 15.267137748196518], [120.9833956661773, 15.264981791514629], [120.97908375281352, 15.264981791514629], [120.97908375281352, 15.267137748196518], [120.9769277961316, 15.268215726537463], [120.97477183944974, 15.264981791514629], [120.9769277961316, 15.263903813173698], [120.9769277961316, 15.262825834832753], [120.9758498177907, 15.262825834832753], [120.9758498177907, 15.261747856491809], [120.97261588276783, 15.261747856491809], [120.97261588276783, 15.258513921468975], [120.97477183944974, 15.258513921468975], [120.97477183944974, 15.25743594312803]]]}, "properties": {"date": "2024-07-22", "event": "carina_2024"}}, {"type": "Feature", "geometry": {"geodesic": false, "type": "Polygon", "coordinates": [[[120.5177090228897, 14.929730527481226], [120.51878700123066, 14.929730527481226], [120.51878700123066, 14.93080850582217], [120.52202093625348, 14.93080850582217], [120.52202093625348, 14.931886484163115], [120.51986497957162, 14.93296446250406], [120.52094295791258, 14.93512041918595], [120.51878700123066, 14.93512041918595], [120.51878700123066, 14.936198397526894], [120.51986497957162, 14.936198397526894], [120.51986497957162, 14.939432332549714], [120.5177090228897, 14.939432332549714], [120.5177090228897, 14.941588289231603], [120.51555306620784, 14.941588289231603], [120.51555306620784, 14.940510310890659], [120.51124115284406, 14.940510310890659], [120.5090851961622, 14.937276375867839], [120.50800721782124, 14.937276375867839], [120.50800721782124, 14.934042440845005], [120.51124115284406, 14.934042440845005], [120.51124115284406, 14.931886484163115], [120.5101631745031, 14.931886484163115], [120.5101631745031, 14.93080850582217], [120.51124115284406, 14.93080850582217], [120.51124115284406, 14.929730527481226], [120.51339710952593, 14.929730527481226], [120.51339710952593, 14.93080850582217], [120.5177090228897, 14.93080850582217], [120.5177090228897, 14.929730527481226]], [[120.51555306620784, 14.93512041918595], [120.51555306620784, 14.936198397526894], [120.51339710952593, 14.936198397526894], [120.51339710952593, 14.93512041918595], [120.51555306620784, 14.93512041918595]], [[120.5177090228897, 14.93296446250406], [120.51878700123066, 14.93512041918595], [120.5166310445488, 14.936198397526894], [120.5166310445488, 14.93296446250406], [120.5177090228897, 14.93296446250406]]]}, "properties": {"date": "2024-07-22", "event": "carina_2024"}}, {"type": "Feature", "geometry": {"geodesic": false, "type": "Polygon", "coordinates": [[[120.9208729224026, 14.996565184619726], [120.92302887908446, 14.996565184619726], [120.92410685742541, 14.998721141301615], [120.9219509007435, 14.998721141301615], [120.9219509007435, 14.999799119642546], [120.91979494406164, 15.00087709798349], [120.91979494406164, 15.006266989688214], [120.91763898737972, 15.007344968029159], [120.91763898737972, 15.010578903051993], [120.9144050523569, 15.010578903051993], [120.91332707401594, 15.012734859733868], [120.91224909567504, 15.012734859733868], [120.91224909567504, 15.011656881392923], [120.90901516065222, 15.011656881392923], [120.90901516065222, 15.012734859733868], [120.90793718231126, 15.012734859733868], [120.90793718231126, 15.013812838074813], [120.91009313899312, 15.014890816415758], [120.91009313899312, 15.017046773097647], [120.9144050523569, 15.017046773097647], [120.9144050523569, 15.020280708120481], [120.91656100903882, 15.021358686461426], [120.91656100903882, 15.02243666480237], [120.91548303069786, 15.02243666480237], [120.91548303069786, 15.021358686461426], [120.91332707401594, 15.02243666480237], [120.91332707401594, 15.021358686461426], [120.91224909567504, 15.021358686461426], [120.91224909567504, 15.02243666480237], [120.91117111733408, 15.02243666480237], [120.91332707401594, 15.019202729779536], [120.90578122562934, 15.017046773097647], [120.90578122562934, 15.014890816415758], [120.90793718231126, 15.014890816415758], [120.90793718231126, 15.013812838074813], [120.90578122562934, 15.012734859733868], [120.90578122562934, 15.010578903051993], [120.90901516065222, 15.010578903051993], [120.90901516065222, 15.009500924711048], [120.91009313899312, 15.009500924711048], [120.91009313899312, 15.007344968029159], [120.91117111733408, 15.007344968029159], [120.91117111733408, 15.010578903051993], [120.91224909567504, 15.010578903051993], [120.91224909567504, 15.009500924711048], [120.9144050523569, 15.009500924711048], [120.91332707401594, 15.007344968029159], [120.9144050523569, 15.007344968029159], [120.9144050523569, 15.00518901134727], [120.91763898737972, 15.00518901134727], [120.91763898737972, 15.004111033006325], [120.91871696572068, 15.004111033006325], [120.91871696572068, 14.99764316296067], [120.9208729224026, 14.99764316296067], [120.9208729224026, 14.996565184619726]], [[120.9144050523569, 15.020280708120481], [120.9144050523569, 15.021358686461426], [120.91332707401594, 15.021358686461426], [120.91332707401594, 15.020280708120481], [120.9144050523569, 15.020280708120481]], [[120.91548303069786, 15.007344968029159], [120.91548303069786, 15.008422946370104], [120.9144050523569, 15.008422946370104], [120.9144050523569, 15.007344968029159], [120.91548303069786, 15.007344968029159]]]}, "properties": {"date": "2024-07-22", "event": "carina_2024"}}, {"type": "Feature", "geometry": {"geodesic": false, "type": "Polygon", "coordinates": [[[120.86697400535539, 15.20784893944463], [120.8691299620373, 15.20784893944463], [120.8691299620373, 15.21000489612652], [120.86805198369635, 15.21000489612652], [120.86805198369635, 15.21216085280841], [120.86697400535539, 15.21216085280841], [120.86697400535539, 15.215394787831244], [120.86589602701443, 15.215394787831244], [120.86589602701443, 15.216472766172174], [120.86374007033257, 15.216472766172174], [120.86266209199161, 15.214316809490299], [120.86158411365071, 15.214316809490299], [120.86158411365071, 15.215394787831244], [120.85942815696879, 15.215394787831244], [120.85942815696879, 15.216472766172174], [120.85727220028693, 15.216472766172174], [120.85727220028693, 15.215394787831244], [120.85619422194597, 15.215394787831244], [120.85511624360501, 15.217550744513119], [120.85727220028693, 15.217550744513119], [120.85727220028693, 15.219706701195008], [120.85511624360501, 15.219706701195008], [120.85511624360501, 15.217550744513119], [120.85296028692315, 15.216472766172174], [120.85296028692315, 15.215394787831244], [120.84972635190033, 15.215394787831244], [120.84972635190033, 15.214316809490299], [120.84864837355937, 15.214316809490299], [120.84864837355937, 15.213238831149354], [120.85511624360501, 15.213238831149354], [120.85296028692315, 15.21000489612652], [120.85511624360501, 15.211082874467465], [120.85511624360501, 15.208926917785575], [120.85727220028693, 15.208926917785575], [120.85727220028693, 15.20784893944463], [120.85835017862783, 15.20784893944463], [120.85835017862783, 15.211082874467465], [120.86266209199161, 15.21000489612652], [120.86266209199161, 15.21216085280841], [120.86158411365071, 15.21216085280841], [120.86158411365071, 15.213238831149354], [120.86374007033257, 15.214316809490299], [120.86374007033257, 15.213238831149354], [120.86481804867353, 15.213238831149354], [120.86481804867353, 15.211082874467465], [120.86697400535539, 15.211082874467465], [120.86697400535539, 15.20784893944463]], [[120.86158411365071, 15.213238831149354], [120.86158411365071, 15.214316809490299], [120.86050613530975, 15.214316809490299], [120.86050613530975, 15.213238831149354], [120.86158411365071, 15.213238831149354]]]}, "properties": {"date": "2024-07-22", "event": "carina_2024"}}, {"type": "Feature", "geometry": {"geodesic": false, "type": "Polygon", "coordinates": [[[120.8303227417633, 14.91571680904896], [120.83247869844521, 14.91571680904896], [120.83247869844521, 14.916794787389904], [120.83355667678617, 14.916794787389904], [120.83355667678617, 14.918950744071793], [120.8378685901499, 14.918950744071793], [120.8378685901499, 14.921106700753683], [120.83894656849085, 14.921106700753683], [120.83894656849085, 14.923262657435572], [120.836790611809, 14.923262657435572], [120.836790611809, 14.925418614117461], [120.83463465512708, 14.925418614117461], [120.83463465512708, 14.927574570799337], [120.836790611809, 14.927574570799337], [120.836790611809, 14.929730527481226], [120.83463465512708, 14.929730527481226], [120.83463465512708, 14.927574570799337], [120.83140072010426, 14.927574570799337], [120.8303227417633, 14.925418614117461], [120.8292447634224, 14.925418614117461], [120.8292447634224, 14.923262657435572], [120.82493285005862, 14.924340635776517], [120.82493285005862, 14.922184679094627], [120.82816678508144, 14.922184679094627], [120.82816678508144, 14.917872765730849], [120.8303227417633, 14.916794787389904], [120.8303227417633, 14.91571680904896]], [[120.83247869844521, 14.921106700753683], [120.83247869844521, 14.924340635776517], [120.83140072010426, 14.924340635776517], [120.83140072010426, 14.923262657435572], [120.8303227417633, 14.923262657435572], [120.8303227417633, 14.921106700753683], [120.83247869844521, 14.921106700753683]]]}, "properties": {"date": "2024-07-22", "event": "carina_2024"}}, {"type": "Feature", "geometry": {"geodesic": false, "type": "Polygon", "coordinates": [[[120.9683039694041, 15.268215726537463], [120.97045992608597, 15.268215726537463], [120.97045992608597, 15.269293704878407], [120.97369386110879, 15.269293704878407], [120.97369386110879, 15.270371683219352], [120.97045992608597, 15.272527639901242], [120.97045992608597, 15.275761574924076], [120.9683039694041, 15.275761574924076], [120.9683039694041, 15.284385401651619], [120.969381947745, 15.284385401651619], [120.969381947745, 15.286541358333508], [120.96722599106315, 15.286541358333508], [120.96507003438123, 15.289775293356328], [120.96291407769937, 15.289775293356328], [120.96399205604033, 15.287619336674453], [120.96614801272219, 15.287619336674453], [120.96614801272219, 15.28222944496973], [120.96507003438123, 15.28222944496973], [120.96507003438123, 15.281151466628785], [120.96614801272219, 15.281151466628785], [120.96614801272219, 15.278995509946895], [120.96399205604033, 15.278995509946895], [120.96399205604033, 15.275761574924076], [120.96507003438123, 15.275761574924076], [120.96507003438123, 15.273605618242186], [120.96614801272219, 15.273605618242186], [120.96614801272219, 15.271449661560297], [120.96722599106315, 15.271449661560297], [120.96722599106315, 15.269293704878407], [120.9683039694041, 15.269293704878407], [120.9683039694041, 15.268215726537463]]]}, "properties": {"date": "2024-07-22", "event": "carina_2024"}}, {"type": "Feature", "geometry": {"geodesic": false, "type": "Polygon", "coordinates": [[[120.97369386110879, 15.273605618242186], [120.9758498177907, 15.273605618242186], [120.9758498177907, 15.278995509946895], [120.97477183944974, 15.278995509946895], [120.97477183944974, 15.28222944496973], [120.97800577447256, 15.28222944496973], [120.97800577447256, 15.28007348828784], [120.98231768783634, 15.28007348828784], [120.98231768783634, 15.28222944496973], [120.98123970949538, 15.28222944496973], [120.98123970949538, 15.283307423310674], [120.97908375281352, 15.283307423310674], [120.98016173115448, 15.287619336674453], [120.9769277961316, 15.287619336674453], [120.9769277961316, 15.285463379992564], [120.9758498177907, 15.285463379992564], [120.9758498177907, 15.284385401651619], [120.97153790442692, 15.284385401651619], [120.97045992608597, 15.27791753160595], [120.97369386110879, 15.27791753160595], [120.97369386110879, 15.273605618242186]]]}, "properties": {"date": "2024-07-22", "event": "carina_2024"}}, {"type": "Feature", "geometry": {"geodesic": false, "type": "Polygon", "coordinates": [[[120.76887797632955, 14.963147856050483], [120.77103393301141, 14.963147856050483], [120.77103393301141, 14.965303812732358], [120.77211191135237, 14.965303812732358], [120.77318988969333, 14.967459769414248], [120.7775018030571, 14.966381791073303], [120.7775018030571, 14.968537747755192], [120.77642382471615, 14.968537747755192], [120.77642382471615, 14.969615726096137], [120.77857978139801, 14.969615726096137], [120.77857978139801, 14.970693704437082], [120.77642382471615, 14.970693704437082], [120.77642382471615, 14.969615726096137], [120.77534584637519, 14.969615726096137], [120.77534584637519, 14.970693704437082], [120.77318988969333, 14.970693704437082], [120.77103393301141, 14.967459769414248], [120.76779999798859, 14.967459769414248], [120.76672201964763, 14.971771682778027], [120.76779999798859, 14.971771682778027], [120.76779999798859, 14.972849661118971], [120.76995595467051, 14.972849661118971], [120.76995595467051, 14.973927639459916], [120.77211191135237, 14.972849661118971], [120.77211191135237, 14.973927639459916], [120.77318988969333, 14.973927639459916], [120.77318988969333, 14.972849661118971], [120.77534584637519, 14.972849661118971], [120.77534584637519, 14.971771682778027], [120.7775018030571, 14.971771682778027], [120.7775018030571, 14.973927639459916], [120.77318988969333, 14.97500561780086], [120.77318988969333, 14.977161574482736], [120.77103393301141, 14.977161574482736], [120.77103393301141, 14.976083596141791], [120.76995595467051, 14.976083596141791], [120.76995595467051, 14.973927639459916], [120.76779999798859, 14.973927639459916], [120.76672201964763, 14.971771682778027], [120.76564404130673, 14.971771682778027], [120.76564404130673, 14.967459769414248], [120.76887797632955, 14.965303812732358], [120.76887797632955, 14.963147856050483]]]}, "properties": {"date": "2024-07-22", "event": "carina_2024"}}, {"type": "Feature", "geometry": {"geodesic": false, "type": "Polygon", "coordinates": [[[120.95752418599463, 15.225096592899732], [120.95860216433559, 15.225096592899732], [120.96075812101745, 15.228330527922566], [120.96183609935841, 15.228330527922566], [120.96183609935841, 15.227252549581621], [120.9683039694041, 15.227252549581621], [120.9683039694041, 15.226174571240676], [120.969381947745, 15.226174571240676], [120.9683039694041, 15.228330527922566], [120.969381947745, 15.228330527922566], [120.969381947745, 15.229408506263496], [120.97261588276783, 15.229408506263496], [120.97261588276783, 15.230486484604441], [120.97153790442692, 15.230486484604441], [120.97153790442692, 15.231564462945386], [120.97261588276783, 15.231564462945386], [120.97261588276783, 15.23264244128633], [120.97153790442692, 15.23264244128633], [120.97153790442692, 15.23479839796822], [120.969381947745, 15.23479839796822], [120.969381947745, 15.231564462945386], [120.96291407769937, 15.231564462945386], [120.96291407769937, 15.228330527922566], [120.96183609935841, 15.228330527922566], [120.96183609935841, 15.231564462945386], [120.95968014267655, 15.231564462945386], [120.95968014267655, 15.229408506263496], [120.95536822931277, 15.229408506263496], [120.95536822931277, 15.227252549581621], [120.95752418599463, 15.226174571240676], [120.95752418599463, 15.225096592899732]], [[120.96075812101745, 15.228330527922566], [120.96075812101745, 15.229408506263496], [120.95968014267655, 15.229408506263496], [120.95968014267655, 15.228330527922566], [120.96075812101745, 15.228330527922566]]]}, "properties": {"date": "2024-07-22", "event": "carina_2024"}}, {"type": "Feature", "geometry": {"geodesic": false, "type": "Polygon", "coordinates": [[[120.91656100903882, 15.146404174010854], [120.91871696572068, 15.147482152351799], [120.91871696572068, 15.149638109033688], [120.9208729224026, 15.149638109033688], [120.9219509007435, 15.147482152351799], [120.92302887908446, 15.147482152351799], [120.92302887908446, 15.150716087374633], [120.9219509007435, 15.150716087374633], [120.9208729224026, 15.152872044056522], [120.91979494406164, 15.152872044056522], [120.91979494406164, 15.151794065715578], [120.91763898737972, 15.151794065715578], [120.91763898737972, 15.152872044056522], [120.91656100903882, 15.152872044056522], [120.91656100903882, 15.156105979079342], [120.91332707401594, 15.156105979079342], [120.91224909567504, 15.153950022397467], [120.91009313899312, 15.153950022397467], [120.91009313899312, 15.149638109033688], [120.91224909567504, 15.148560130692744], [120.91224909567504, 15.149638109033688], [120.9144050523569, 15.149638109033688], [120.9144050523569, 15.147482152351799], [120.91656100903882, 15.147482152351799], [120.91656100903882, 15.146404174010854]], [[120.91656100903882, 15.149638109033688], [120.91656100903882, 15.151794065715578], [120.9144050523569, 15.151794065715578], [120.9144050523569, 15.149638109033688], [120.91656100903882, 15.149638109033688]]]}, "properties": {"date": "2024-07-22", "event": "carina_2024"}}, {"type": "Feature", "geometry": {"geodesic": false, "type": "Polygon", "coordinates": [[[120.9208729224026, 15.244500203036708], [120.92302887908446, 15.244500203036708], [120.92302887908446, 15.246656159718597], [120.9219509007435, 15.246656159718597], [120.9219509007435, 15.247734138059542], [120.91979494406164, 15.247734138059542], [120.9208729224026, 15.249890094741431], [120.91979494406164, 15.249890094741431], [120.91979494406164, 15.248812116400487], [120.91871696572068, 15.248812116400487], [120.91871696572068, 15.249890094741431], [120.91656100903882, 15.248812116400487], [120.91656100903882, 15.250968073082376], [120.91871696572068, 15.25204605142332], [120.91871696572068, 15.25527998644614], [120.9144050523569, 15.25527998644614], [120.9144050523569, 15.25204605142332], [120.91009313899312, 15.25204605142332], [120.91009313899312, 15.249890094741431], [120.91332707401594, 15.249890094741431], [120.91332707401594, 15.247734138059542], [120.91548303069786, 15.247734138059542], [120.91548303069786, 15.244500203036708], [120.91979494406164, 15.244500203036708], [120.91979494406164, 15.245578181377653], [120.9208729224026, 15.245578181377653], [120.9208729224026, 15.244500203036708]], [[120.91871696572068, 15.247734138059542], [120.91871696572068, 15.248812116400487], [120.91763898737972, 15.248812116400487], [120.91763898737972, 15.247734138059542], [120.91871696572068, 15.247734138059542]], [[120.91763898737972, 15.246656159718597], [120.91763898737972, 15.247734138059542], [120.91656100903882, 15.247734138059542], [120.91656100903882, 15.246656159718597], [120.91763898737972, 15.246656159718597]]]}, "properties": {"date": "2024-07-22", "event": "carina_2024"}}, {"type": "Feature", "geometry": {"geodesic": false, "type": "Polygon", "coordinates": [[[120.5177090228897, 14.95344605098198], [120.51986497957162, 14.95344605098198], [120.51986497957162, 14.954524029322926], [120.5177090228897, 14.95560200766387], [120.5177090228897, 14.956679986004815], [120.51986497957162, 14.956679986004815], [120.51986497957162, 14.960991899368594], [120.51878700123066, 14.960991899368594], [120.51878700123066, 14.963147856050483], [120.51447508786688, 14.964225834391414], [120.51447508786688, 14.963147856050483], [120.51339710952593, 14.963147856050483], [120.51339710952593, 14.958835942686704], [120.51447508786688, 14.958835942686704], [120.51447508786688, 14.956679986004815], [120.51124115284406, 14.956679986004815], [120.51124115284406, 14.95560200766387], [120.5101631745031, 14.95560200766387], [120.5101631745031, 14.95344605098198], [120.5177090228897, 14.95560200766387], [120.5177090228897, 14.95344605098198]]]}, "properties": {"date": "2024-07-22", "event": "carina_2024"}}, {"type": "Feature", "geometry": {"geodesic": false, "type": "Polygon", "coordinates": [[[120.80445126158068, 15.18521139428482], [120.80660721826254, 15.18521139428482], [120.80660721826254, 15.186289372625765], [120.80984115328542, 15.186289372625765], [120.80984115328542, 15.1895233076486], [120.81091913162632, 15.1895233076486], [120.81091913162632, 15.190601285989544], [120.8152310449901, 15.190601285989544], [120.8152310449901, 15.19275724267142], [120.81199710996728, 15.194913199353309], [120.81307508830824, 15.197069156035198], [120.81091913162632, 15.197069156035198], [120.81091913162632, 15.195991177694253], [120.80984115328542, 15.195991177694253], [120.80984115328542, 15.193835221012364], [120.81091913162632, 15.193835221012364], [120.81091913162632, 15.19275724267142], [120.80984115328542, 15.19275724267142], [120.80984115328542, 15.191679264330489], [120.80876317494446, 15.191679264330489], [120.8076851966035, 15.193835221012364], [120.80552923992164, 15.193835221012364], [120.80552923992164, 15.18736735096671], [120.80445126158068, 15.18736735096671], [120.80445126158068, 15.18521139428482]]]}, "properties": {"date": "2024-07-22", "event": "carina_2024"}}, {"type": "Feature", "geometry": {"geodesic": false, "type": "Polygon", "coordinates": [[[120.95644620765373, 15.214316809490299], [120.96075812101745, 15.214316809490299], [120.96075812101745, 15.215394787831244], [120.96183609935841, 15.215394787831244], [120.96291407769937, 15.217550744513119], [120.96507003438123, 15.217550744513119], [120.96507003438123, 15.218628722854064], [120.96722599106315, 15.219706701195008], [120.96722599106315, 15.221862657876898], [120.969381947745, 15.221862657876898], [120.969381947745, 15.222940636217842], [120.9683039694041, 15.222940636217842], [120.9683039694041, 15.224018614558787], [120.96507003438123, 15.224018614558787], [120.96507003438123, 15.219706701195008], [120.96183609935841, 15.217550744513119], [120.96183609935841, 15.220784679535953], [120.95860216433559, 15.220784679535953], [120.96075812101745, 15.224018614558787], [120.95644620765373, 15.224018614558787], [120.95644620765373, 15.222940636217842], [120.95752418599463, 15.222940636217842], [120.95752418599463, 15.219706701195008], [120.95644620765373, 15.219706701195008], [120.95644620765373, 15.218628722854064], [120.95752418599463, 15.218628722854064], [120.95752418599463, 15.217550744513119], [120.95644620765373, 15.217550744513119], [120.95644620765373, 15.214316809490299]], [[120.96075812101745, 15.217550744513119], [120.96075812101745, 15.218628722854064], [120.95860216433559, 15.218628722854064], [120.95860216433559, 15.217550744513119], [120.96075812101745, 15.217550744513119]]]}, "properties": {"date": "2024-07-22", "event": "carina_2024"}}, {"type": "Feature", "geometry": {"geodesic": false, "type": "Polygon", "coordinates": [[[120.90901516065222, 14.839180346841985], [120.91763898737972, 14.84025832518293], [120.91763898737972, 14.848882151910473], [120.91548303069786, 14.847804173569529], [120.91548303069786, 14.846726195228584], [120.91117111733408, 14.846726195228584], [120.91117111733408, 14.84241428186482], [120.90901516065222, 14.84241428186482], [120.90901516065222, 14.839180346841985]]]}, "properties": {"date": "2024-07-22", "event": "carina_2024"}}, {"type": "Feature", "geometry": {"geodesic": false, "type": "Polygon", "coordinates": [[[120.5166310445488, 14.913560852367084], [120.51986497957162, 14.913560852367084], [120.51986497957162, 14.91571680904896], [120.52741082795822, 14.91571680904896], [120.52741082795822, 14.916794787389904], [120.52848880629918, 14.916794787389904], [120.52848880629918, 14.920028722412738], [120.5252548712763, 14.920028722412738], [120.5252548712763, 14.918950744071793], [120.52309891459444, 14.918950744071793], [120.52309891459444, 14.921106700753683], [120.51878700123066, 14.921106700753683], [120.5177090228897, 14.918950744071793], [120.51878700123066, 14.918950744071793], [120.51878700123066, 14.917872765730849], [120.5166310445488, 14.916794787389904], [120.5166310445488, 14.913560852367084]], [[120.51986497957162, 14.918950744071793], [120.51986497957162, 14.920028722412738], [120.51878700123066, 14.920028722412738], [120.51878700123066, 14.918950744071793], [120.51986497957162, 14.918950744071793]]]}, "properties": {"date": "2024-07-22", "event": "carina_2024"}}, {"type": "Feature", "geometry": {"geodesic": false, "type": "Polygon", "coordinates": [[[120.86697400535539, 15.13778034728331], [120.86805198369635, 15.13778034728331], [120.8691299620373, 15.14209226064709], [120.87128591871917, 15.14209226064709], [120.87128591871917, 15.14532619566991], [120.87236389706013, 15.14532619566991], [120.87236389706013, 15.146404174010854], [120.87128591871917, 15.146404174010854], [120.87128591871917, 15.147482152351799], [120.86805198369635, 15.147482152351799], [120.86805198369635, 15.149638109033688], [120.86481804867353, 15.149638109033688], [120.86266209199161, 15.146404174010854], [120.86589602701443, 15.144248217328965], [120.86589602701443, 15.14209226064709], [120.86697400535539, 15.14209226064709], [120.86697400535539, 15.13778034728331]]]}, "properties": {"date": "2024-07-22", "event": "carina_2024"}}, {"type": "Feature", "geometry": {"geodesic": false, "type": "Polygon", "coordinates": [[[120.86805198369635, 14.990097314574058], [120.8691299620373, 14.990097314574058], [120.8691299620373, 14.994409227937837], [120.87559783208295, 14.994409227937837], [120.8766758104239, 14.996565184619726], [120.86805198369635, 14.996565184619726], [120.86805198369635, 14.999799119642546], [120.86589602701443, 14.998721141301615], [120.86589602701443, 14.999799119642546], [120.86374007033257, 15.00087709798349], [120.86481804867353, 14.998721141301615], [120.86374007033257, 14.998721141301615], [120.86374007033257, 14.994409227937837], [120.86481804867353, 14.994409227937837], [120.86481804867353, 14.992253271255947], [120.86805198369635, 14.992253271255947], [120.86805198369635, 14.990097314574058]], [[120.86589602701443, 14.99764316296067], [120.86589602701443, 14.998721141301615], [120.86481804867353, 14.998721141301615], [120.86481804867353, 14.99764316296067], [120.86589602701443, 14.99764316296067]]]}, "properties": {"date": "2024-07-22", "event": "carina_2024"}}, {"type": "Feature", "geometry": {"geodesic": false, "type": "Polygon", "coordinates": [[[120.7775018030571, 14.925418614117461], [120.78073573807993, 14.925418614117461], [120.78073573807993, 14.927574570799337], [120.78181371642088, 14.927574570799337], [120.78289169476179, 14.931886484163115], [120.78396967310275, 14.931886484163115], [120.78396967310275, 14.93296446250406], [120.78828158646652, 14.93296446250406], [120.78828158646652, 14.93512041918595], [120.78396967310275, 14.936198397526894], [120.78289169476179, 14.934042440845005], [120.78073573807993, 14.934042440845005], [120.78073573807993, 14.93296446250406], [120.77965775973897, 14.93296446250406], [120.77965775973897, 14.931886484163115], [120.77642382471615, 14.931886484163115], [120.77642382471615, 14.93080850582217], [120.7775018030571, 14.93080850582217], [120.7775018030571, 14.927574570799337], [120.77857978139801, 14.927574570799337], [120.7775018030571, 14.925418614117461]]]}, "properties": {"date": "2024-07-22", "event": "carina_2024"}}, {"type": "Feature", "geometry": {"geodesic": false, "type": "Polygon", "coordinates": [[[120.77103393301141, 14.934042440845005], [120.77534584637519, 14.934042440845005], [120.77534584637519, 14.93512041918595], [120.77642382471615, 14.93512041918595], [120.77642382471615, 14.937276375867839], [120.77426786803429, 14.938354354208784], [120.77642382471615, 14.941588289231603], [120.77318988969333, 14.941588289231603], [120.77318988969333, 14.942666267572548], [120.77103393301141, 14.942666267572548], [120.76995595467051, 14.940510310890659], [120.77211191135237, 14.940510310890659], [120.77211191135237, 14.938354354208784], [120.76995595467051, 14.938354354208784], [120.76995595467051, 14.936198397526894], [120.76779999798859, 14.936198397526894], [120.76779999798859, 14.937276375867839], [120.76564404130673, 14.938354354208784], [120.76564404130673, 14.937276375867839], [120.76672201964763, 14.937276375867839], [120.76672201964763, 14.934042440845005], [120.76995595467051, 14.934042440845005], [120.76995595467051, 14.93512041918595], [120.77103393301141, 14.93512041918595], [120.77103393301141, 14.934042440845005]]]}, "properties": {"date": "2024-07-22", "event": "carina_2024"}}, {"type": "Feature", "geometry": {"geodesic": false, "type": "Polygon", "coordinates": [[[120.88853357217428, 15.05046410166689], [120.88961155051518, 15.05046410166689], [120.88961155051518, 15.054776015030669], [120.88637761549236, 15.056931971712558], [120.88637761549236, 15.059087928394447], [120.88853357217428, 15.059087928394447], [120.88853357217428, 15.058009950053503], [120.8917675071971, 15.058009950053503], [120.89392346387896, 15.063399841758212], [120.88961155051518, 15.063399841758212], [120.88961155051518, 15.061243885076323], [120.88853357217428, 15.061243885076323], [120.88853357217428, 15.060165906735378], [120.88745559383332, 15.060165906735378], [120.88745559383332, 15.062321863417267], [120.88529963715146, 15.062321863417267], [120.88529963715146, 15.053698036689724], [120.88853357217428, 15.051542080007835], [120.88853357217428, 15.05046410166689]]]}, "properties": {"date": "2024-07-22", "event": "carina_2024"}}, {"type": "Feature", "geometry": {"geodesic": false, "type": "Polygon", "coordinates": [[[120.8076851966035, 14.927574570799337], [120.80876317494446, 14.927574570799337], [120.80876317494446, 14.928652549140281], [120.81091913162632, 14.928652549140281], [120.81091913162632, 14.93080850582217], [120.80984115328542, 14.93080850582217], [120.80984115328542, 14.93296446250406], [120.80660721826254, 14.93296446250406], [120.80660721826254, 14.934042440845005], [120.8076851966035, 14.934042440845005], [120.8076851966035, 14.93512041918595], [120.81199710996728, 14.93512041918595], [120.81307508830824, 14.93296446250406], [120.81199710996728, 14.93296446250406], [120.81199710996728, 14.931886484163115], [120.8152310449901, 14.931886484163115], [120.8152310449901, 14.936198397526894], [120.81630902333106, 14.936198397526894], [120.81630902333106, 14.937276375867839], [120.80445126158068, 14.936198397526894], [120.80445126158068, 14.934042440845005], [120.80660721826254, 14.93296446250406], [120.80552923992164, 14.93080850582217], [120.8076851966035, 14.93080850582217], [120.80660721826254, 14.928652549140281], [120.8076851966035, 14.928652549140281], [120.8076851966035, 14.927574570799337]], [[120.80876317494446, 14.928652549140281], [120.80876317494446, 14.929730527481226], [120.8076851966035, 14.929730527481226], [120.8076851966035, 14.928652549140281], [120.80876317494446, 14.928652549140281]]]}, "properties": {"date": "2024-07-22", "event": "carina_2024"}}, {"type": "Feature", "geometry": {"geodesic": false, "type": "Polygon", "coordinates": [[[120.81199710996728, 14.944822224254438], [120.8152310449901, 14.944822224254438], [120.8152310449901, 14.946978180936327], [120.81954295835388, 14.949134137618216], [120.81954295835388, 14.951290094300091], [120.81846498001292, 14.951290094300091], [120.81846498001292, 14.952368072641036], [120.81415306664914, 14.952368072641036], [120.81415306664914, 14.950212115959161], [120.81307508830824, 14.950212115959161], [120.81307508830824, 14.949134137618216], [120.80984115328542, 14.949134137618216], [120.80984115328542, 14.950212115959161], [120.8076851966035, 14.950212115959161], [120.8076851966035, 14.946978180936327], [120.81199710996728, 14.946978180936327], [120.81199710996728, 14.944822224254438]]]}, "properties": {"date": "2024-07-22", "event": "carina_2024"}}, {"type": "Feature", "geometry": {"geodesic": false, "type": "Polygon", "coordinates": [[[120.8378685901499, 15.11729875880539], [120.84002454683181, 15.11729875880539], [120.84218050351367, 15.12053269382821], [120.84433646019559, 15.12053269382821], [120.84325848185463, 15.124844607191989], [120.84110252517277, 15.124844607191989], [120.84110252517277, 15.127000563873878], [120.84002454683181, 15.127000563873878], [120.83894656849085, 15.129156520555767], [120.8378685901499, 15.129156520555767], [120.8378685901499, 15.124844607191989], [120.836790611809, 15.124844607191989], [120.836790611809, 15.11945471548728], [120.8378685901499, 15.11945471548728], [120.8378685901499, 15.11729875880539]], [[120.84002454683181, 15.12053269382821], [120.84002454683181, 15.1226886505101], [120.8378685901499, 15.1226886505101], [120.8378685901499, 15.12053269382821], [120.84002454683181, 15.12053269382821]]]}, "properties": {"date": "2024-07-22", "event": "carina_2024"}}, {"type": "Feature", "geometry": {"geodesic": false, "type": "Polygon", "coordinates": [[[120.91548303069786, 15.283307423310674], [120.91656100903882, 15.283307423310674], [120.91763898737972, 15.285463379992564], [120.9219509007435, 15.286541358333508], [120.9219509007435, 15.287619336674453], [120.92302887908446, 15.287619336674453], [120.92302887908446, 15.288697315015384], [120.9219509007435, 15.288697315015384], [120.92302887908446, 15.290853271697273], [120.9219509007435, 15.290853271697273], [120.9219509007435, 15.289775293356328], [120.91763898737972, 15.289775293356328], [120.91763898737972, 15.287619336674453], [120.9144050523569, 15.287619336674453], [120.91332707401594, 15.289775293356328], [120.9144050523569, 15.289775293356328], [120.9144050523569, 15.293009228379162], [120.91548303069786, 15.293009228379162], [120.91548303069786, 15.294087206720107], [120.9144050523569, 15.294087206720107], [120.9144050523569, 15.293009228379162], [120.91224909567504, 15.294087206720107], [120.91117111733408, 15.289775293356328], [120.91224909567504, 15.289775293356328], [120.91224909567504, 15.288697315015384], [120.91117111733408, 15.288697315015384], [120.91117111733408, 15.286541358333508], [120.91548303069786, 15.286541358333508], [120.91548303069786, 15.283307423310674]], [[120.91332707401594, 15.287619336674453], [120.91332707401594, 15.288697315015384], [120.91224909567504, 15.288697315015384], [120.91224909567504, 15.287619336674453], [120.91332707401594, 15.287619336674453]]]}, "properties": {"date": "2024-07-22", "event": "carina_2024"}}, {"type": "Feature", "geometry": {"geodesic": false, "type": "Polygon", "coordinates": [[[120.8227768933767, 15.008422946370104], [120.82385487171766, 15.008422946370104], [120.8227768933767, 15.010578903051993], [120.82493285005862, 15.010578903051993], [120.82493285005862, 15.017046773097647], [120.82601082839952, 15.017046773097647], [120.82601082839952, 15.019202729779536], [120.81738700167202, 15.019202729779536], [120.81738700167202, 15.017046773097647], [120.8216989150358, 15.017046773097647], [120.8227768933767, 15.014890816415758], [120.82385487171766, 15.014890816415758], [120.8227768933767, 15.010578903051993], [120.8216989150358, 15.010578903051993], [120.8216989150358, 15.013812838074813], [120.81954295835388, 15.013812838074813], [120.81954295835388, 15.009500924711048], [120.8216989150358, 15.008422946370104], [120.8216989150358, 15.009500924711048], [120.8227768933767, 15.009500924711048], [120.8227768933767, 15.008422946370104]]]}, "properties": {"date": "2024-07-22", "event": "carina_2024"}}, {"type": "Feature", "geometry": {"geodesic": false, "type": "Polygon", "coordinates": [[[120.78828158646652, 14.952368072641036], [120.79043754314839, 14.952368072641036], [120.79043754314839, 14.95560200766387], [120.78828158646652, 14.95560200766387], [120.78828158646652, 14.959913921027649], [120.78720360812557, 14.959913921027649], [120.78720360812557, 14.960991899368594], [120.78181371642088, 14.960991899368594], [120.78181371642088, 14.959913921027649], [120.78073573807993, 14.959913921027649], [120.78073573807993, 14.95775796434576], [120.78181371642088, 14.95775796434576], [120.78181371642088, 14.956679986004815], [120.7850476514437, 14.956679986004815], [120.78612562978466, 14.954524029322926], [120.7850476514437, 14.954524029322926], [120.7850476514437, 14.95344605098198], [120.78720360812557, 14.954524029322926], [120.78828158646652, 14.952368072641036]], [[120.78828158646652, 14.954524029322926], [120.78828158646652, 14.95560200766387], [120.78720360812557, 14.95560200766387], [120.78720360812557, 14.954524029322926], [120.78828158646652, 14.954524029322926]]]}, "properties": {"date": "2024-07-22", "event": "carina_2024"}}, {"type": "Feature", "geometry": {"geodesic": false, "type": "Polygon", "coordinates": [[[120.96183609935841, 15.205692982762741], [120.96291407769937, 15.205692982762741], [120.96291407769937, 15.206770961103686], [120.96399205604033, 15.206770961103686], [120.96614801272219, 15.21000489612652], [120.969381947745, 15.21000489612652], [120.969381947745, 15.21216085280841], [120.96507003438123, 15.213238831149354], [120.96507003438123, 15.21000489612652], [120.96291407769937, 15.21000489612652], [120.96291407769937, 15.21216085280841], [120.96075812101745, 15.21216085280841], [120.96075812101745, 15.208926917785575], [120.95968014267655, 15.208926917785575], [120.95968014267655, 15.211082874467465], [120.95752418599463, 15.211082874467465], [120.95752418599463, 15.21000489612652], [120.95860216433559, 15.21000489612652], [120.95860216433559, 15.20784893944463], [120.95752418599463, 15.20784893944463], [120.95752418599463, 15.205692982762741], [120.96075812101745, 15.205692982762741], [120.96075812101745, 15.206770961103686], [120.96183609935841, 15.206770961103686], [120.96183609935841, 15.205692982762741]], [[120.96183609935841, 15.20784893944463], [120.96183609935841, 15.208926917785575], [120.96075812101745, 15.208926917785575], [120.96075812101745, 15.20784893944463], [120.96183609935841, 15.20784893944463]]]}, "properties": {"date": "2024-07-22", "event": "carina_2024"}}, {"type": "Feature", "geometry": {"geodesic": false, "type": "Polygon", "coordinates": [[[120.9219509007435, 15.214316809490299], [120.92302887908446, 15.214316809490299], [120.92302887908446, 15.215394787831244], [120.92734079244823, 15.215394787831244], [120.92734079244823, 15.216472766172174], [120.9284187707892, 15.216472766172174], [120.9284187707892, 15.218628722854064], [120.9294967491301, 15.218628722854064], [120.9294967491301, 15.219706701195008], [120.9284187707892, 15.219706701195008], [120.9284187707892, 15.224018614558787], [120.92626281410728, 15.224018614558787], [120.92626281410728, 15.222940636217842], [120.92518483576632, 15.222940636217842], [120.92518483576632, 15.219706701195008], [120.91979494406164, 15.219706701195008], [120.9219509007435, 15.216472766172174], [120.92302887908446, 15.216472766172174], [120.9219509007435, 15.214316809490299]], [[120.92626281410728, 15.218628722854064], [120.92626281410728, 15.219706701195008], [120.92518483576632, 15.219706701195008], [120.92518483576632, 15.218628722854064], [120.92626281410728, 15.218628722854064]]]}, "properties": {"date": "2024-07-22", "event": "carina_2024"}}, {"type": "Feature", "geometry": {"geodesic": false, "type": "Polygon", "coordinates": [[[120.9219509007435, 15.230486484604441], [120.92410685742541, 15.231564462945386], [120.92410685742541, 15.23695435465011], [120.92626281410728, 15.23695435465011], [120.92626281410728, 15.239110311331999], [120.92518483576632, 15.239110311331999], [120.92518483576632, 15.240188289672943], [120.9294967491301, 15.240188289672943], [120.9294967491301, 15.242344246354818], [120.92734079244823, 15.242344246354818], [120.92734079244823, 15.243422224695763], [120.92626281410728, 15.243422224695763], [120.92626281410728, 15.246656159718597], [120.92410685742541, 15.246656159718597], [120.92518483576632, 15.242344246354818], [120.92410685742541, 15.242344246354818], [120.92410685742541, 15.241266268013874], [120.92518483576632, 15.241266268013874], [120.92518483576632, 15.240188289672943], [120.92410685742541, 15.240188289672943], [120.92410685742541, 15.238032332991054], [120.92302887908446, 15.238032332991054], [120.92302887908446, 15.23695435465011], [120.9208729224026, 15.23695435465011], [120.9208729224026, 15.23264244128633], [120.9219509007435, 15.23264244128633], [120.9219509007435, 15.230486484604441]]]}, "properties": {"date": "2024-07-22", "event": "carina_2024"}}, {"type": "Feature", "geometry": {"geodesic": false, "type": "Polygon", "coordinates": [[[120.60071335514235, 14.972849661118971], [120.60286931182426, 14.972849661118971], [120.60286931182426, 14.979317531164625], [120.59855739846049, 14.98039550950557], [120.59747942011953, 14.97823955282368], [120.59532346343767, 14.97823955282368], [120.59532346343767, 14.97500561780086], [120.59855739846049, 14.97500561780086], [120.59855739846049, 14.973927639459916], [120.60071335514235, 14.973927639459916], [120.60071335514235, 14.972849661118971]]]}, "properties": {"date": "2024-07-22", "event": "carina_2024"}}, {"type": "Feature", "geometry": {"geodesic": false, "type": "Polygon", "coordinates": [[[120.57699783164159, 14.963147856050483], [120.58023176666447, 14.963147856050483], [120.58023176666447, 14.964225834391414], [120.58238772334633, 14.964225834391414], [120.58238772334633, 14.965303812732358], [120.58454368002825, 14.964225834391414], [120.58454368002825, 14.965303812732358], [120.58346570168729, 14.965303812732358], [120.58238772334633, 14.967459769414248], [120.57484187495973, 14.968537747755192], [120.57484187495973, 14.970693704437082], [120.57376389661877, 14.970693704437082], [120.57376389661877, 14.967459769414248], [120.57268591827781, 14.967459769414248], [120.57268591827781, 14.966381791073303], [120.57699783164159, 14.965303812732358], [120.57699783164159, 14.963147856050483]]]}, "properties": {"date": "2024-07-22", "event": "carina_2024"}}, {"type": "Feature", "geometry": {"geodesic": false, "type": "Polygon", "coordinates": [[[120.85942815696879, 15.066633776781046], [120.86158411365071, 15.066633776781046], [120.86158411365071, 15.06986771180388], [120.86266209199161, 15.06986771180388], [120.86266209199161, 15.070945690144825], [120.86481804867353, 15.070945690144825], [120.86481804867353, 15.072023668485755], [120.86697400535539, 15.0731016468267], [120.86697400535539, 15.07525760350859], [120.86374007033257, 15.07525760350859], [120.86374007033257, 15.076335581849534], [120.86266209199161, 15.076335581849534], [120.86266209199161, 15.07525760350859], [120.86050613530975, 15.07525760350859], [120.86050613530975, 15.070945690144825], [120.85835017862783, 15.070945690144825], [120.85942815696879, 15.066633776781046]]]}, "properties": {"date": "2024-07-22", "event": "carina_2024"}}, {"type": "Feature", "geometry": {"geodesic": false, "type": "Polygon", "coordinates": [[[120.89823537724274, 14.977161574482736], [120.8993133555837, 14.977161574482736], [120.90039133392466, 14.979317531164625], [120.90470324728844, 14.98039550950557], [120.90470324728844, 14.983629444528404], [120.90254729060652, 14.984707422869349], [120.90254729060652, 14.986863379551238], [120.8993133555837, 14.986863379551238], [120.8993133555837, 14.98039550950557], [120.89823537724274, 14.98039550950557], [120.89823537724274, 14.977161574482736]]]}, "properties": {"date": "2024-07-22", "event": "carina_2024"}}, {"type": "Feature", "geometry": {"geodesic": false, "type": "Polygon", "coordinates": [[[120.93165270581201, 15.101129083691234], [120.93380866249387, 15.101129083691234], [120.93380866249387, 15.105440997055013], [120.9370425975167, 15.105440997055013], [120.9370425975167, 15.108674932077832], [120.93812057585765, 15.108674932077832], [120.93919855419861, 15.112986845441611], [120.93596461917579, 15.112986845441611], [120.93596461917579, 15.110830888759722], [120.93380866249387, 15.110830888759722], [120.93380866249387, 15.105440997055013], [120.93057472747105, 15.105440997055013], [120.93057472747105, 15.104363018714068], [120.93165270581201, 15.104363018714068], [120.93165270581201, 15.101129083691234]]]}, "properties": {"date": "2024-07-22", "event": "carina_2024"}}, {"type": "Feature", "geometry": {"geodesic": false, "type": "Polygon", "coordinates": [[[120.94243248922143, 15.231564462945386], [120.94458844590335, 15.231564462945386], [120.94458844590335, 15.233720419627275], [120.94674440258521, 15.233720419627275], [120.94674440258521, 15.235876376309164], [120.94351046756239, 15.235876376309164], [120.94351046756239, 15.239110311331999], [120.94566642424425, 15.238032332991054], [120.94566642424425, 15.23695435465011], [120.94782238092617, 15.238032332991054], [120.94674440258521, 15.242344246354818], [120.94243248922143, 15.242344246354818], [120.94243248922143, 15.231564462945386]], [[120.94674440258521, 15.238032332991054], [120.94674440258521, 15.239110311331999], [120.94566642424425, 15.239110311331999], [120.94566642424425, 15.238032332991054], [120.94674440258521, 15.238032332991054]]]}, "properties": {"date": "2024-07-22", "event": "carina_2024"}}, {"type": "Feature", "geometry": {"geodesic": false, "type": "Polygon", "coordinates": [[[120.95968014267655, 15.262825834832753], [120.96183609935841, 15.262825834832753], [120.96183609935841, 15.263903813173698], [120.96291407769937, 15.263903813173698], [120.96291407769937, 15.267137748196518], [120.96075812101745, 15.267137748196518], [120.96075812101745, 15.273605618242186], [120.95860216433559, 15.273605618242186], [120.95860216433559, 15.272527639901242], [120.95644620765373, 15.272527639901242], [120.95644620765373, 15.269293704878407], [120.95752418599463, 15.269293704878407], [120.95752418599463, 15.268215726537463], [120.95968014267655, 15.268215726537463], [120.95968014267655, 15.267137748196518], [120.95860216433559, 15.267137748196518], [120.95860216433559, 15.264981791514629], [120.95968014267655, 15.264981791514629], [120.95968014267655, 15.262825834832753]]]}, "properties": {"date": "2024-07-22", "event": "carina_2024"}}, {"type": "Feature", "geometry": {"geodesic": false, "type": "Polygon", "coordinates": [[[120.78935956480748, 14.966381791073303], [120.7925934998303, 14.966381791073303], [120.7925934998303, 14.967459769414248], [120.79367147817126, 14.967459769414248], [120.79367147817126, 14.971771682778027], [120.7925934998303, 14.971771682778027], [120.79151552148934, 14.97823955282368], [120.78828158646652, 14.97823955282368], [120.78828158646652, 14.977161574482736], [120.78935956480748, 14.977161574482736], [120.78935956480748, 14.973927639459916], [120.79151552148934, 14.972849661118971], [120.79151552148934, 14.971771682778027], [120.79043754314839, 14.971771682778027], [120.79043754314839, 14.969615726096137], [120.78935956480748, 14.969615726096137], [120.78935956480748, 14.966381791073303]]]}, "properties": {"date": "2024-07-22", "event": "carina_2024"}}, {"type": "Feature", "geometry": {"geodesic": false, "type": "Polygon", "coordinates": [[[120.90362526894748, 15.018124751438592], [120.90470324728844, 15.018124751438592], [120.90470324728844, 15.019202729779536], [120.90793718231126, 15.021358686461426], [120.9068592039703, 15.0235146431433], [120.91009313899312, 15.0235146431433], [120.91009313899312, 15.024592621484246], [120.91224909567504, 15.024592621484246], [120.91224909567504, 15.02567059982519], [120.9144050523569, 15.02567059982519], [120.9144050523569, 15.026748578166135], [120.91332707401594, 15.026748578166135], [120.91332707401594, 15.02782655650708], [120.90901516065222, 15.02782655650708], [120.90901516065222, 15.026748578166135], [120.90578122562934, 15.026748578166135], [120.90578122562934, 15.02243666480237], [120.90470324728844, 15.02243666480237], [120.90470324728844, 15.019202729779536], [120.90362526894748, 15.019202729779536], [120.90362526894748, 15.018124751438592]]]}, "properties": {"date": "2024-07-22", "event": "carina_2024"}}, {"type": "Feature", "geometry": {"geodesic": false, "type": "Polygon", "coordinates": [[[120.95752418599463, 15.23264244128633], [120.96507003438123, 15.23264244128633], [120.96507003438123, 15.23695435465011], [120.96399205604033, 15.23695435465011], [120.96399205604033, 15.238032332991054], [120.96075812101745, 15.238032332991054], [120.95968014267655, 15.235876376309164], [120.95752418599463, 15.235876376309164], [120.95752418599463, 15.23264244128633]]]}, "properties": {"date": "2024-07-22", "event": "carina_2024"}}, {"type": "Feature", "geometry": {"geodesic": false, "type": "Polygon", "coordinates": [[[120.92302887908446, 15.195991177694253], [120.92518483576632, 15.195991177694253], [120.92410685742541, 15.200303091058032], [120.9219509007435, 15.200303091058032], [120.9219509007435, 15.201381069398977], [120.91763898737972, 15.201381069398977], [120.91763898737972, 15.197069156035198], [120.91871696572068, 15.197069156035198], [120.91871696572068, 15.195991177694253], [120.9219509007435, 15.195991177694253], [120.9219509007435, 15.197069156035198], [120.92302887908446, 15.197069156035198], [120.92302887908446, 15.195991177694253]]]}, "properties": {"date": "2024-07-22", "event": "carina_2024"}}, {"type": "Feature", "geometry": {"geodesic": false, "type": "Polygon", "coordinates": [[[120.95860216433559, 15.242344246354818], [120.96183609935841, 15.242344246354818], [120.96183609935841, 15.243422224695763], [120.96399205604033, 15.243422224695763], [120.96399205604033, 15.245578181377653], [120.96183609935841, 15.245578181377653], [120.96183609935841, 15.247734138059542], [120.95968014267655, 15.247734138059542], [120.95968014267655, 15.245578181377653], [120.95860216433559, 15.245578181377653], [120.95752418599463, 15.247734138059542], [120.95429025097181, 15.247734138059542], [120.95429025097181, 15.245578181377653], [120.95536822931277, 15.245578181377653], [120.95536822931277, 15.244500203036708], [120.95752418599463, 15.244500203036708], [120.95860216433559, 15.242344246354818]]]}, "properties": {"date": "2024-07-22", "event": "carina_2024"}}, {"type": "Feature", "geometry": {"geodesic": false, "type": "Polygon", "coordinates": [[[120.98662960120012, 15.286541358333508], [120.9909415145639, 15.286541358333508], [120.9909415145639, 15.289775293356328], [120.99201949290486, 15.289775293356328], [120.99201949290486, 15.295165185061052], [120.99309747124576, 15.295165185061052], [120.99309747124576, 15.296243163401996], [120.9909415145639, 15.296243163401996], [120.9909415145639, 15.295165185061052], [120.98986353622294, 15.295165185061052], [120.98986353622294, 15.291931250038218], [120.98878555788198, 15.291931250038218], [120.98878555788198, 15.290853271697273], [120.98662960120012, 15.291931250038218], [120.98770757954108, 15.289775293356328], [120.98662960120012, 15.289775293356328], [120.98662960120012, 15.286541358333508]]]}, "properties": {"date": "2024-07-22", "event": "carina_2024"}}, {"type": "Feature", "geometry": {"geodesic": false, "type": "Polygon", "coordinates": [[[120.82493285005862, 14.925418614117461], [120.82816678508144, 14.925418614117461], [120.82816678508144, 14.926496592458406], [120.8292447634224, 14.926496592458406], [120.8292447634224, 14.928652549140281], [120.82816678508144, 14.928652549140281], [120.82816678508144, 14.929730527481226], [120.8292447634224, 14.929730527481226], [120.8292447634224, 14.93512041918595], [120.82816678508144, 14.93512041918595], [120.82816678508144, 14.934042440845005], [120.82601082839952, 14.934042440845005], [120.82708880674048, 14.931886484163115], [120.82493285005862, 14.931886484163115], [120.82493285005862, 14.929730527481226], [120.82385487171766, 14.929730527481226], [120.82385487171766, 14.928652549140281], [120.82493285005862, 14.928652549140281], [120.82493285005862, 14.925418614117461]], [[120.82816678508144, 14.93080850582217], [120.82816678508144, 14.931886484163115], [120.82708880674048, 14.931886484163115], [120.82708880674048, 14.93080850582217], [120.82816678508144, 14.93080850582217]], [[120.82708880674048, 14.926496592458406], [120.82708880674048, 14.927574570799337], [120.82601082839952, 14.927574570799337], [120.82601082839952, 14.926496592458406], [120.82708880674048, 14.926496592458406]]]}, "properties": {"date": "2024-07-22", "event": "carina_2024"}}, {"type": "Feature", "geometry": {"geodesic": false, "type": "Polygon", "coordinates": [[[120.9144050523569, 15.061243885076323], [120.91656100903882, 15.061243885076323], [120.91656100903882, 15.063399841758212], [120.91871696572068, 15.064477820099157], [120.91871696572068, 15.06771175512199], [120.91763898737972, 15.06771175512199], [120.91656100903882, 15.06986771180388], [120.91548303069786, 15.06986771180388], [120.91548303069786, 15.068789733462935], [120.91332707401594, 15.068789733462935], [120.91332707401594, 15.06771175512199], [120.91117111733408, 15.06771175512199], [120.91117111733408, 15.065555798440101], [120.91548303069786, 15.066633776781046], [120.9144050523569, 15.061243885076323]]]}, "properties": {"date": "2024-07-22", "event": "carina_2024"}}, {"type": "Feature", "geometry": {"geodesic": false, "type": "Polygon", "coordinates": [[[121.22917472791241, 14.505007061149527], [121.23348664127619, 14.505007061149527], [121.23348664127619, 14.509318974513292], [121.23456461961709, 14.509318974513292], [121.23456461961709, 14.511474931195181], [121.23133068459427, 14.511474931195181], [121.22917472791241, 14.508240996172347], [121.22809674957145, 14.508240996172347], [121.22809674957145, 14.506085039490458], [121.22917472791241, 14.506085039490458], [121.22917472791241, 14.505007061149527]]]}, "properties": {"date": "2024-07-22", "event": "carina_2024"}}, {"type": "Feature", "geometry": {"geodesic": false, "type": "Polygon", "coordinates": [[[120.5090851961622, 14.920028722412738], [120.5101631745031, 14.920028722412738], [120.51124115284406, 14.924340635776517], [120.5090851961622, 14.924340635776517], [120.5090851961622, 14.925418614117461], [120.50692923948029, 14.926496592458406], [120.50692923948029, 14.927574570799337], [120.50800721782124, 14.927574570799337], [120.50800721782124, 14.928652549140281], [120.50692923948029, 14.928652549140281], [120.50585126113933, 14.926496592458406], [120.50369530445747, 14.926496592458406], [120.5026173261165, 14.924340635776517], [120.50153934777555, 14.924340635776517], [120.50153934777555, 14.922184679094627], [120.50369530445747, 14.922184679094627], [120.50369530445747, 14.924340635776517], [120.50692923948029, 14.924340635776517], [120.5090851961622, 14.920028722412738]], [[120.50800721782124, 14.924340635776517], [120.50800721782124, 14.925418614117461], [120.50692923948029, 14.925418614117461], [120.50692923948029, 14.924340635776517], [120.50800721782124, 14.924340635776517]]]}, "properties": {"date": "2024-07-22", "event": "carina_2024"}}, {"type": "Feature", "geometry": {"geodesic": false, "type": "Polygon", "coordinates": [[[120.8076851966035, 14.998721141301615], [120.81307508830824, 14.998721141301615], [120.81307508830824, 15.00518901134727], [120.80984115328542, 15.00518901134727], [120.80984115328542, 15.00303305466538], [120.8076851966035, 15.001955076324435], [120.8076851966035, 14.998721141301615]]]}, "properties": {"date": "2024-07-22", "event": "carina_2024"}}, {"type": "Feature", "geometry": {"geodesic": false, "type": "Polygon", "coordinates": [[[120.91656100903882, 15.124844607191989], [120.91871696572068, 15.124844607191989], [120.91871696572068, 15.125922585532933], [120.9219509007435, 15.125922585532933], [120.9219509007435, 15.128078542214823], [120.9208729224026, 15.128078542214823], [120.9208729224026, 15.129156520555767], [120.9219509007435, 15.129156520555767], [120.9219509007435, 15.133468433919532], [120.91763898737972, 15.133468433919532], [120.91763898737972, 15.131312477237657], [120.91871696572068, 15.131312477237657], [120.91871696572068, 15.129156520555767], [120.91979494406164, 15.129156520555767], [120.91979494406164, 15.128078542214823], [120.91871696572068, 15.128078542214823], [120.91871696572068, 15.125922585532933], [120.91763898737972, 15.125922585532933], [120.91763898737972, 15.128078542214823], [120.91548303069786, 15.127000563873878], [120.91656100903882, 15.124844607191989]], [[120.9208729224026, 15.129156520555767], [120.9208729224026, 15.130234498896712], [120.91979494406164, 15.130234498896712], [120.91979494406164, 15.129156520555767], [120.9208729224026, 15.129156520555767]]]}, "properties": {"date": "2024-07-22", "event": "carina_2024"}}, {"type": "Feature", "geometry": {"geodesic": false, "type": "Polygon", "coordinates": [[[120.85296028692315, 14.926496592458406], [120.85403826526405, 14.926496592458406], [120.85403826526405, 14.93080850582217], [120.85511624360501, 14.93080850582217], [120.85511624360501, 14.931886484163115], [120.85835017862783, 14.931886484163115], [120.85835017862783, 14.934042440845005], [120.85511624360501, 14.934042440845005], [120.85511624360501, 14.93296446250406], [120.85403826526405, 14.93296446250406], [120.85296028692315, 14.93512041918595], [120.85080433024123, 14.93512041918595], [120.85080433024123, 14.93080850582217], [120.85296028692315, 14.929730527481226], [120.85296028692315, 14.926496592458406]]]}, "properties": {"date": "2024-07-22", "event": "carina_2024"}}, {"type": "Feature", "geometry": {"geodesic": false, "type": "Polygon", "coordinates": [[[120.87128591871917, 14.965303812732358], [120.87236389706013, 14.965303812732358], [120.87344187540108, 14.967459769414248], [120.87128591871917, 14.968537747755192], [120.87128591871917, 14.970693704437082], [120.8691299620373, 14.970693704437082], [120.8691299620373, 14.969615726096137], [120.86805198369635, 14.969615726096137], [120.86805198369635, 14.970693704437082], [120.86697400535539, 14.970693704437082], [120.86697400535539, 14.97500561780086], [120.86481804867353, 14.97500561780086], [120.86481804867353, 14.971771682778027], [120.86697400535539, 14.970693704437082], [120.86697400535539, 14.967459769414248], [120.87020794037821, 14.967459769414248], [120.8691299620373, 14.965303812732358], [120.87128591871917, 14.966381791073303], [120.87128591871917, 14.965303812732358]]]}, "properties": {"date": "2024-07-22", "event": "carina_2024"}}, {"type": "Feature", "geometry": {"geodesic": false, "type": "Polygon", "coordinates": [[[120.53064476298104, 14.77342366804443], [120.53819061136764, 14.77557962472632], [120.53819061136764, 14.776657603067264], [120.53603465468578, 14.777735581408209], [120.53603465468578, 14.779891538090098], [120.53387869800386, 14.778813559749153], [120.53387869800386, 14.777735581408209], [120.53064476298104, 14.777735581408209], [120.53064476298104, 14.77342366804443]]]}, "properties": {"date": "2024-07-22", "event": "carina_2024"}}, {"type": "Feature", "geometry": {"geodesic": false, "type": "Polygon", "coordinates": [[[120.89715739890184, 15.032138469870858], [120.8993133555837, 15.033216448211803], [120.8993133555837, 15.036450383234623], [120.90146931226556, 15.036450383234623], [120.90146931226556, 15.038606339916512], [120.90039133392466, 15.038606339916512], [120.90039133392466, 15.039684318257457], [120.89823537724274, 15.039684318257457], [120.89823537724274, 15.040762296598402], [120.89715739890184, 15.040762296598402], [120.89715739890184, 15.038606339916512], [120.89607942056088, 15.038606339916512], [120.89715739890184, 15.036450383234623], [120.89607942056088, 15.036450383234623], [120.89607942056088, 15.033216448211803], [120.89715739890184, 15.033216448211803], [120.89715739890184, 15.032138469870858]]]}, "properties": {"date": "2024-07-22", "event": "carina_2024"}}, {"type": "Feature", "geometry": {"geodesic": false, "type": "Polygon", "coordinates": [[[120.83355667678617, 15.043996231621236], [120.83571263346803, 15.043996231621236], [120.83571263346803, 15.04507420996218], [120.8378685901499, 15.04507420996218], [120.8378685901499, 15.046152188303125], [120.84002454683181, 15.04723016664407], [120.84002454683181, 15.05262005834878], [120.8378685901499, 15.05262005834878], [120.8378685901499, 15.05046410166689], [120.83571263346803, 15.05046410166689], [120.836790611809, 15.048308144985], [120.83355667678617, 15.046152188303125], [120.83355667678617, 15.043996231621236]], [[120.8378685901499, 15.046152188303125], [120.8378685901499, 15.048308144985], [120.836790611809, 15.048308144985], [120.836790611809, 15.046152188303125], [120.8378685901499, 15.046152188303125]]]}, "properties": {"date": "2024-07-22", "event": "carina_2024"}}, {"type": "Feature", "geometry": {"geodesic": false, "type": "Polygon", "coordinates": [[[120.90254729060652, 15.103285040373123], [120.9068592039703, 15.103285040373123], [120.90901516065222, 15.108674932077832], [120.90578122562934, 15.108674932077832], [120.90578122562934, 15.107596953736902], [120.90470324728844, 15.107596953736902], [120.90470324728844, 15.108674932077832], [120.90362526894748, 15.108674932077832], [120.90362526894748, 15.107596953736902], [120.90254729060652, 15.107596953736902], [120.90254729060652, 15.103285040373123]]]}, "properties": {"date": "2024-07-22", "event": "carina_2024"}}, {"type": "Feature", "geometry": {"geodesic": false, "type": "Polygon", "coordinates": [[[120.87883176710577, 15.230486484604441], [120.88206570212859, 15.23264244128633], [120.88206570212859, 15.235876376309164], [120.88529963715146, 15.235876376309164], [120.88529963715146, 15.23695435465011], [120.88745559383332, 15.238032332991054], [120.88745559383332, 15.240188289672943], [120.8842216588105, 15.240188289672943], [120.8842216588105, 15.239110311331999], [120.88314368046954, 15.239110311331999], [120.88314368046954, 15.23695435465011], [120.87990974544672, 15.23479839796822], [120.87990974544672, 15.233720419627275], [120.87883176710577, 15.233720419627275], [120.87883176710577, 15.23264244128633], [120.8777537887648, 15.23264244128633], [120.87883176710577, 15.230486484604441]]]}, "properties": {"date": "2024-07-22", "event": "carina_2024"}}, {"type": "Feature", "geometry": {"geodesic": false, "type": "Polygon", "coordinates": [[[120.90793718231126, 15.039684318257457], [120.91332707401594, 15.039684318257457], [120.91332707401594, 15.040762296598402], [120.91548303069786, 15.041840274939347], [120.91548303069786, 15.043996231621236], [120.9144050523569, 15.043996231621236], [120.9144050523569, 15.04507420996218], [120.91224909567504, 15.04507420996218], [120.91224909567504, 15.041840274939347], [120.90793718231126, 15.042918253280291], [120.9068592039703, 15.040762296598402], [120.90793718231126, 15.040762296598402], [120.90793718231126, 15.039684318257457]]]}, "properties": {"date": "2024-07-22", "event": "carina_2024"}}, {"type": "Feature", "geometry": {"geodesic": false, "type": "Polygon", "coordinates": [[[120.95968014267655, 15.27791753160595], [120.96291407769937, 15.27791753160595], [120.96399205604033, 15.283307423310674], [120.96291407769937, 15.283307423310674], [120.96291407769937, 15.284385401651619], [120.96183609935841, 15.284385401651619], [120.96183609935841, 15.283307423310674], [120.95968014267655, 15.283307423310674], [120.95968014267655, 15.284385401651619], [120.96075812101745, 15.284385401651619], [120.96075812101745, 15.286541358333508], [120.95860216433559, 15.286541358333508], [120.95860216433559, 15.285463379992564], [120.95644620765373, 15.285463379992564], [120.95644620765373, 15.283307423310674], [120.95968014267655, 15.283307423310674], [120.95968014267655, 15.28222944496973], [120.96183609935841, 15.28222944496973], [120.96183609935841, 15.28007348828784], [120.95968014267655, 15.278995509946895], [120.95968014267655, 15.27791753160595]]]}, "properties": {"date": "2024-07-22", "event": "carina_2024"}}, {"type": "Feature", "geometry": {"geodesic": false, "type": "Polygon", "coordinates": [[[120.85188230858219, 15.226174571240676], [120.85403826526405, 15.226174571240676], [120.85403826526405, 15.230486484604441], [120.85296028692315, 15.230486484604441], [120.85403826526405, 15.23479839796822], [120.85080433024123, 15.23479839796822], [120.85080433024123, 15.23264244128633], [120.84972635190033, 15.23264244128633], [120.84972635190033, 15.230486484604441], [120.85188230858219, 15.229408506263496], [120.85188230858219, 15.226174571240676]]]}, "properties": {"date": "2024-07-22", "event": "carina_2024"}}, {"type": "Feature", "geometry": {"geodesic": false, "type": "Polygon", "coordinates": [[[120.55328230814084, 14.675327639018576], [120.55867219984557, 14.675327639018576], [120.55867219984557, 14.677483595700465], [120.55759422150462, 14.677483595700465], [120.55759422150462, 14.679639552382355], [120.55543826482275, 14.679639552382355], [120.55543826482275, 14.681795509064244], [120.55220432979993, 14.681795509064244], [120.55220432979993, 14.679639552382355], [120.55543826482275, 14.679639552382355], [120.55543826482275, 14.677483595700465], [120.55328230814084, 14.677483595700465], [120.55328230814084, 14.675327639018576]]]}, "properties": {"date": "2024-07-22", "event": "carina_2024"}}, {"type": "Feature", "geometry": {"geodesic": false, "type": "Polygon", "coordinates": [[[120.80984115328542, 14.938354354208784], [120.81307508830824, 14.938354354208784], [120.81307508830824, 14.940510310890659], [120.81738700167202, 14.940510310890659], [120.81738700167202, 14.942666267572548], [120.81091913162632, 14.942666267572548], [120.80984115328542, 14.940510310890659], [120.80876317494446, 14.940510310890659], [120.80984115328542, 14.938354354208784]]]}, "properties": {"date": "2024-07-22", "event": "carina_2024"}}, {"type": "Feature", "geometry": {"geodesic": false, "type": "Polygon", "coordinates": [[[120.84218050351367, 14.956679986004815], [120.84541443853655, 14.956679986004815], [120.84541443853655, 14.958835942686704], [120.84864837355937, 14.958835942686704], [120.84864837355937, 14.960991899368594], [120.84110252517277, 14.960991899368594], [120.84218050351367, 14.956679986004815]]]}, "properties": {"date": "2024-07-22", "event": "carina_2024"}}, {"type": "Feature", "geometry": {"geodesic": false, "type": "Polygon", "coordinates": [[[120.8227768933767, 14.979317531164625], [120.82493285005862, 14.979317531164625], [120.82493285005862, 14.983629444528404], [120.8227768933767, 14.984707422869349], [120.8227768933767, 14.983629444528404], [120.81846498001292, 14.983629444528404], [120.81846498001292, 14.984707422869349], [120.81738700167202, 14.984707422869349], [120.81738700167202, 14.98255146618746], [120.81954295835388, 14.98255146618746], [120.81954295835388, 14.98039550950557], [120.8216989150358, 14.981473487846515], [120.8227768933767, 14.979317531164625]]]}, "properties": {"date": "2024-07-22", "event": "carina_2024"}}, {"type": "Feature", "geometry": {"geodesic": false, "type": "Polygon", "coordinates": [[[120.75702021457917, 14.922184679094627], [120.76025414960199, 14.922184679094627], [120.76025414960199, 14.927574570799337], [120.75594223623821, 14.927574570799337], [120.75594223623821, 14.923262657435572], [120.75702021457917, 14.923262657435572], [120.75702021457917, 14.922184679094627]]]}, "properties": {"date": "2024-07-22", "event": "carina_2024"}}, {"type": "Feature", "geometry": {"geodesic": false, "type": "Polygon", "coordinates": [[[120.90793718231126, 14.976083596141791], [120.91009313899312, 14.976083596141791], [120.91009313899312, 14.977161574482736], [120.91117111733408, 14.977161574482736], [120.91224909567504, 14.983629444528404], [120.90793718231126, 14.983629444528404], [120.90793718231126, 14.981473487846515], [120.91009313899312, 14.98039550950557], [120.91009313899312, 14.979317531164625], [120.90793718231126, 14.97823955282368], [120.90793718231126, 14.976083596141791]]]}, "properties": {"date": "2024-07-22", "event": "carina_2024"}}, {"type": "Feature", "geometry": {"geodesic": false, "type": "Polygon", "coordinates": [[[120.75055234453353, 14.900625112275762], [120.75378627955635, 14.900625112275762], [120.75378627955635, 14.904937025639526], [120.75163032287443, 14.906015003980471], [120.75163032287443, 14.904937025639526], [120.75055234453353, 14.904937025639526], [120.75055234453353, 14.906015003980471], [120.74839638785161, 14.907092982321416], [120.74839638785161, 14.906015003980471], [120.74947436619257, 14.906015003980471], [120.74947436619257, 14.901703090616707], [120.75055234453353, 14.901703090616707], [120.75055234453353, 14.900625112275762]]]}, "properties": {"date": "2024-07-22", "event": "carina_2024"}}, {"type": "Feature", "geometry": {"geodesic": false, "type": "Polygon", "coordinates": [[[120.86266209199161, 14.922184679094627], [120.86697400535539, 14.922184679094627], [120.86805198369635, 14.926496592458406], [120.86266209199161, 14.926496592458406], [120.86266209199161, 14.922184679094627]]]}, "properties": {"date": "2024-07-22", "event": "carina_2024"}}, {"type": "Feature", "geometry": {"geodesic": false, "type": "Polygon", "coordinates": [[[120.72144692932804, 15.093583235304635], [120.72468086435086, 15.093583235304635], [120.72468086435086, 15.096817170327455], [120.722524907669, 15.096817170327455], [120.722524907669, 15.0978951486684], [120.71929097264612, 15.0978951486684], [120.71929097264612, 15.096817170327455], [120.71821299430522, 15.096817170327455], [120.71821299430522, 15.09466121364558], [120.72144692932804, 15.09466121364558], [120.72144692932804, 15.093583235304635]]]}, "properties": {"date": "2024-07-22", "event": "carina_2024"}}, {"type": "Feature", "geometry": {"geodesic": false, "type": "Polygon", "coordinates": [[[120.8292447634224, 15.170119697511609], [120.83140072010426, 15.170119697511609], [120.83140072010426, 15.173353632534443], [120.83355667678617, 15.173353632534443], [120.83355667678617, 15.175509589216333], [120.83247869844521, 15.175509589216333], [120.83247869844521, 15.176587567557277], [120.8303227417633, 15.176587567557277], [120.8292447634224, 15.174431610875388], [120.82816678508144, 15.174431610875388], [120.8292447634224, 15.170119697511609]]]}, "properties": {"date": "2024-07-22", "event": "carina_2024"}}, {"type": "Feature", "geometry": {"geodesic": false, "type": "Polygon", "coordinates": [[[120.96399205604033, 15.260669878150864], [120.96614801272219, 15.260669878150864], [120.96614801272219, 15.261747856491809], [120.96722599106315, 15.261747856491809], [120.969381947745, 15.264981791514629], [120.97153790442692, 15.263903813173698], [120.97153790442692, 15.267137748196518], [120.96722599106315, 15.267137748196518], [120.96614801272219, 15.262825834832753], [120.96399205604033, 15.261747856491809], [120.96399205604033, 15.260669878150864]]]}, "properties": {"date": "2024-07-22", "event": "carina_2024"}}, {"type": "Feature", "geometry": {"geodesic": false, "type": "Polygon", "coordinates": [[[120.53711263302668, 14.756176014589343], [120.5392685897086, 14.756176014589343], [120.54034656804956, 14.758331971271218], [120.5392685897086, 14.758331971271218], [120.5392685897086, 14.759409949612163], [120.53711263302668, 14.758331971271218], [120.53603465468578, 14.760487927953108], [120.53387869800386, 14.760487927953108], [120.53387869800386, 14.759409949612163], [120.53280071966296, 14.759409949612163], [120.53280071966296, 14.756176014589343], [120.53387869800386, 14.756176014589343], [120.53387869800386, 14.757253992930288], [120.53711263302668, 14.757253992930288], [120.53711263302668, 14.756176014589343]]]}, "properties": {"date": "2024-07-22", "event": "carina_2024"}}, {"type": "Feature", "geometry": {"geodesic": false, "type": "Polygon", "coordinates": [[[120.5252548712763, 14.952368072641036], [120.52741082795822, 14.952368072641036], [120.52741082795822, 14.954524029322926], [120.52633284961726, 14.954524029322926], [120.52633284961726, 14.95560200766387], [120.52956678464008, 14.95560200766387], [120.52956678464008, 14.956679986004815], [120.52633284961726, 14.956679986004815], [120.52633284961726, 14.95775796434576], [120.5241768929354, 14.958835942686704], [120.52309891459444, 14.95344605098198], [120.5252548712763, 14.95344605098198], [120.5252548712763, 14.952368072641036]]]}, "properties": {"date": "2024-07-22", "event": "carina_2024"}}, {"type": "Feature", "geometry": {"geodesic": false, "type": "Polygon", "coordinates": [[[120.85727220028693, 14.954524029322926], [120.85942815696879, 14.954524029322926], [120.85942815696879, 14.956679986004815], [120.86266209199161, 14.958835942686704], [120.86266209199161, 14.960991899368594], [120.85835017862783, 14.960991899368594], [120.85835017862783, 14.956679986004815], [120.85727220028693, 14.956679986004815], [120.85727220028693, 14.954524029322926]]]}, "properties": {"date": "2024-07-22", "event": "carina_2024"}}, {"type": "Feature", "geometry": {"geodesic": false, "type": "Polygon", "coordinates": [[[120.87128591871917, 14.987941357892169], [120.87559783208295, 14.987941357892169], [120.87559783208295, 14.991175292915003], [120.87451985374199, 14.991175292915003], [120.87559783208295, 14.993331249596892], [120.87128591871917, 14.993331249596892], [120.87128591871917, 14.992253271255947], [120.87344187540108, 14.992253271255947], [120.87344187540108, 14.991175292915003], [120.87128591871917, 14.991175292915003], [120.87128591871917, 14.987941357892169]]]}, "properties": {"date": "2024-07-22", "event": "carina_2024"}}, {"type": "Feature", "geometry": {"geodesic": false, "type": "Polygon", "coordinates": [[[120.93273068415297, 15.219706701195008], [120.93380866249387, 15.219706701195008], [120.93380866249387, 15.221862657876898], [120.93596461917579, 15.220784679535953], [120.9370425975167, 15.226174571240676], [120.93488664083483, 15.226174571240676], [120.93273068415297, 15.222940636217842], [120.93165270581201, 15.222940636217842], [120.93165270581201, 15.220784679535953], [120.93273068415297, 15.220784679535953], [120.93273068415297, 15.219706701195008]]]}, "properties": {"date": "2024-07-22", "event": "carina_2024"}}, {"type": "Feature", "geometry": {"geodesic": false, "type": "Polygon", "coordinates": [[[120.90578122562934, 15.258513921468975], [120.90901516065222, 15.258513921468975], [120.90901516065222, 15.25959189980992], [120.91009313899312, 15.25959189980992], [120.91009313899312, 15.261747856491809], [120.91224909567504, 15.261747856491809], [120.91224909567504, 15.263903813173698], [120.91117111733408, 15.263903813173698], [120.91117111733408, 15.262825834832753], [120.9068592039703, 15.262825834832753], [120.9068592039703, 15.261747856491809], [120.90578122562934, 15.261747856491809], [120.90578122562934, 15.258513921468975]]]}, "properties": {"date": "2024-07-22", "event": "carina_2024"}}, {"type": "Feature", "geometry": {"geodesic": false, "type": "Polygon", "coordinates": [[[120.83894656849085, 14.866129805365574], [120.84110252517277, 14.866129805365574], [120.84110252517277, 14.869363740388394], [120.84325848185463, 14.870441718729339], [120.84325848185463, 14.872597675411228], [120.84110252517277, 14.872597675411228], [120.84110252517277, 14.871519697070283], [120.84002454683181, 14.871519697070283], [120.84110252517277, 14.869363740388394], [120.83894656849085, 14.869363740388394], [120.83894656849085, 14.86828576204745], [120.83571263346803, 14.870441718729339], [120.83571263346803, 14.86828576204745], [120.8378685901499, 14.86828576204745], [120.83894656849085, 14.866129805365574]]]}, "properties": {"date": "2024-07-22", "event": "carina_2024"}}, {"type": "Feature", "geometry": {"geodesic": false, "type": "Polygon", "coordinates": [[[120.54358050307238, 14.88768937218444], [120.54573645975424, 14.88768937218444], [120.54573645975424, 14.888767350525384], [120.54789241643616, 14.889845328866329], [120.54789241643616, 14.892001285548204], [120.55004837311802, 14.892001285548204], [120.54897039477706, 14.894157242230094], [120.54465848141334, 14.892001285548204], [120.54358050307238, 14.88768937218444]]]}, "properties": {"date": "2024-07-22", "event": "carina_2024"}}, {"type": "Feature", "geometry": {"geodesic": false, "type": "Polygon", "coordinates": [[[120.50477328279842, 14.894157242230094], [120.50800721782124, 14.894157242230094], [120.50800721782124, 14.895235220571038], [120.50585126113933, 14.895235220571038], [120.50692923948029, 14.899547133934817], [120.50369530445747, 14.899547133934817], [120.50369530445747, 14.898469155593872], [120.5026173261165, 14.898469155593872], [120.5026173261165, 14.895235220571038], [120.50477328279842, 14.895235220571038], [120.50477328279842, 14.894157242230094]]]}, "properties": {"date": "2024-07-22", "event": "carina_2024"}}, {"type": "Feature", "geometry": {"geodesic": false, "type": "Polygon", "coordinates": [[[120.73546064776028, 14.929730527481226], [120.73653862610124, 14.929730527481226], [120.73653862610124, 14.93080850582217], [120.73977256112406, 14.93080850582217], [120.73977256112406, 14.93296446250406], [120.73869458278315, 14.93296446250406], [120.73653862610124, 14.936198397526894], [120.73438266941938, 14.93512041918595], [120.73438266941938, 14.93296446250406], [120.73653862610124, 14.931886484163115], [120.73546064776028, 14.929730527481226]]]}, "properties": {"date": "2024-07-22", "event": "carina_2024"}}, {"type": "Feature", "geometry": {"geodesic": false, "type": "Polygon", "coordinates": [[[120.51986497957162, 14.962069877709538], [120.52202093625348, 14.962069877709538], [120.52094295791258, 14.964225834391414], [120.52202093625348, 14.964225834391414], [120.52309891459444, 14.966381791073303], [120.52094295791258, 14.966381791073303], [120.52094295791258, 14.968537747755192], [120.51986497957162, 14.968537747755192], [120.51878700123066, 14.970693704437082], [120.5166310445488, 14.970693704437082], [120.5166310445488, 14.969615726096137], [120.51878700123066, 14.969615726096137], [120.51878700123066, 14.968537747755192], [120.51986497957162, 14.968537747755192], [120.51986497957162, 14.967459769414248], [120.51878700123066, 14.967459769414248], [120.51878700123066, 14.964225834391414], [120.51986497957162, 14.964225834391414], [120.51986497957162, 14.962069877709538]]]}, "properties": {"date": "2024-07-22", "event": "carina_2024"}}, {"type": "Feature", "geometry": {"geodesic": false, "type": "Polygon", "coordinates": [[[120.76241010628391, 14.973927639459916], [120.76348808462481, 14.973927639459916], [120.76348808462481, 14.977161574482736], [120.76564404130673, 14.977161574482736], [120.76564404130673, 14.97823955282368], [120.76456606296577, 14.97823955282368], [120.76456606296577, 14.981473487846515], [120.76241010628391, 14.981473487846515], [120.76241010628391, 14.98039550950557], [120.76348808462481, 14.98039550950557], [120.76348808462481, 14.97823955282368], [120.75917617126103, 14.979317531164625], [120.76025414960199, 14.977161574482736], [120.76133212794295, 14.977161574482736], [120.76133212794295, 14.97500561780086], [120.76241010628391, 14.97500561780086], [120.76241010628391, 14.973927639459916]]]}, "properties": {"date": "2024-07-22", "event": "carina_2024"}}, {"type": "Feature", "geometry": {"geodesic": false, "type": "Polygon", "coordinates": [[[120.85727220028693, 14.97823955282368], [120.85942815696879, 14.97823955282368], [120.85942815696879, 14.984707422869349], [120.85727220028693, 14.984707422869349], [120.85727220028693, 14.986863379551238], [120.85511624360501, 14.986863379551238], [120.85511624360501, 14.983629444528404], [120.85727220028693, 14.983629444528404], [120.85727220028693, 14.98255146618746], [120.85835017862783, 14.98255146618746], [120.85727220028693, 14.97823955282368]]]}, "properties": {"date": "2024-07-22", "event": "carina_2024"}}, {"type": "Feature", "geometry": {"geodesic": false, "type": "Polygon", "coordinates": [[[120.91979494406164, 15.058009950053503], [120.9219509007435, 15.058009950053503], [120.9219509007435, 15.059087928394447], [120.92302887908446, 15.059087928394447], [120.92302887908446, 15.061243885076323], [120.92410685742541, 15.061243885076323], [120.92410685742541, 15.062321863417267], [120.92302887908446, 15.062321863417267], [120.92302887908446, 15.064477820099157], [120.9208729224026, 15.064477820099157], [120.9208729224026, 15.063399841758212], [120.91979494406164, 15.063399841758212], [120.91979494406164, 15.060165906735378], [120.9208729224026, 15.060165906735378], [120.9208729224026, 15.059087928394447], [120.91979494406164, 15.059087928394447], [120.91979494406164, 15.058009950053503]]]}, "properties": {"date": "2024-07-22", "event": "carina_2024"}}, {"type": "Feature", "geometry": {"geodesic": false, "type": "Polygon", "coordinates": [[[120.9219509007435, 15.138858325624255], [120.92518483576632, 15.138858325624255], [120.92626281410728, 15.141014282306145], [120.92410685742541, 15.141014282306145], [120.92410685742541, 15.14209226064709], [120.9219509007435, 15.143170238988034], [120.9219509007435, 15.146404174010854], [120.9208729224026, 15.146404174010854], [120.9208729224026, 15.1399363039652], [120.9219509007435, 15.1399363039652], [120.9219509007435, 15.138858325624255]]]}, "properties": {"date": "2024-07-22", "event": "carina_2024"}}, {"type": "Feature", "geometry": {"geodesic": false, "type": "Polygon", "coordinates": [[[120.82493285005862, 15.156105979079342], [120.8303227417633, 15.156105979079342], [120.8303227417633, 15.158261935761232], [120.82708880674048, 15.158261935761232], [120.82816678508144, 15.160417892443121], [120.82601082839952, 15.159339914102176], [120.82601082839952, 15.160417892443121], [120.82493285005862, 15.160417892443121], [120.82493285005862, 15.159339914102176], [120.82385487171766, 15.159339914102176], [120.82385487171766, 15.157183957420287], [120.82493285005862, 15.157183957420287], [120.82493285005862, 15.156105979079342]]]}, "properties": {"date": "2024-07-22", "event": "carina_2024"}}, {"type": "Feature", "geometry": {"geodesic": false, "type": "Polygon", "coordinates": [[[120.84433646019559, 15.174431610875388], [120.84757039521841, 15.174431610875388], [120.84757039521841, 15.175509589216333], [120.84649241687745, 15.175509589216333], [120.84649241687745, 15.177665545898222], [120.84218050351367, 15.178743524239167], [120.84218050351367, 15.176587567557277], [120.84002454683181, 15.175509589216333], [120.84002454683181, 15.174431610875388], [120.84110252517277, 15.174431610875388], [120.84110252517277, 15.175509589216333], [120.84325848185463, 15.174431610875388], [120.84325848185463, 15.175509589216333], [120.84433646019559, 15.175509589216333], [120.84433646019559, 15.174431610875388]]]}, "properties": {"date": "2024-07-22", "event": "carina_2024"}}, {"type": "Feature", "geometry": {"geodesic": false, "type": "Polygon", "coordinates": [[[120.91117111733408, 15.276839553265006], [120.91656100903882, 15.276839553265006], [120.91548303069786, 15.281151466628785], [120.91117111733408, 15.28007348828784], [120.91117111733408, 15.276839553265006]]]}, "properties": {"date": "2024-07-22", "event": "carina_2024"}}, {"type": "Feature", "geometry": {"geodesic": false, "type": "Polygon", "coordinates": [[[120.92302887908446, 15.281151466628785], [120.92410685742541, 15.281151466628785], [120.92518483576632, 15.283307423310674], [120.92734079244823, 15.283307423310674], [120.92734079244823, 15.286541358333508], [120.92302887908446, 15.286541358333508], [120.92302887908446, 15.283307423310674], [120.9219509007435, 15.283307423310674], [120.9219509007435, 15.28222944496973], [120.92302887908446, 15.28222944496973], [120.92302887908446, 15.281151466628785]]]}, "properties": {"date": "2024-07-22", "event": "carina_2024"}}, {"type": "Feature", "geometry": {"geodesic": false, "type": "Polygon", "coordinates": [[[120.75378627955635, 14.877987567115952], [120.75486425789725, 14.877987567115952], [120.75378627955635, 14.880143523797827], [120.75594223623821, 14.881221502138771], [120.75594223623821, 14.884455437161606], [120.75270830121539, 14.884455437161606], [120.75270830121539, 14.88337745882066], [120.75055234453353, 14.884455437161606], [120.75163032287443, 14.882299480479716], [120.75270830121539, 14.882299480479716], [120.75163032287443, 14.880143523797827], [120.75378627955635, 14.879065545456882], [120.75378627955635, 14.877987567115952]], [[120.75378627955635, 14.880143523797827], [120.75378627955635, 14.881221502138771], [120.75270830121539, 14.881221502138771], [120.75270830121539, 14.880143523797827], [120.75378627955635, 14.880143523797827]]]}, "properties": {"date": "2024-07-22", "event": "carina_2024"}}, {"type": "Feature", "geometry": {"geodesic": false, "type": "Polygon", "coordinates": [[[120.76025414960199, 14.89092330720726], [120.76133212794295, 14.89092330720726], [120.76133212794295, 14.894157242230094], [120.75809819292013, 14.896313198911983], [120.75809819292013, 14.895235220571038], [120.75702021457917, 14.895235220571038], [120.75702021457917, 14.89092330720726], [120.75917617126103, 14.89092330720726], [120.75917617126103, 14.892001285548204], [120.76025414960199, 14.892001285548204], [120.76025414960199, 14.89092330720726]]]}, "properties": {"date": "2024-07-22", "event": "carina_2024"}}, {"type": "Feature", "geometry": {"geodesic": false, "type": "Polygon", "coordinates": [[[120.86374007033257, 14.941588289231603], [120.86697400535539, 14.941588289231603], [120.86697400535539, 14.943744245913493], [120.87020794037821, 14.945900202595382], [120.8691299620373, 14.948056159277272], [120.86805198369635, 14.948056159277272], [120.8691299620373, 14.945900202595382], [120.86805198369635, 14.945900202595382], [120.86805198369635, 14.944822224254438], [120.86158411365071, 14.944822224254438], [120.86158411365071, 14.943744245913493], [120.86374007033257, 14.943744245913493], [120.86374007033257, 14.941588289231603]]]}, "properties": {"date": "2024-07-22", "event": "carina_2024"}}, {"type": "Feature", "geometry": {"geodesic": false, "type": "Polygon", "coordinates": [[[120.8292447634224, 15.00087709798349], [120.8303227417633, 15.00087709798349], [120.8303227417633, 15.001955076324435], [120.83463465512708, 15.001955076324435], [120.83463465512708, 15.00303305466538], [120.83355667678617, 15.00303305466538], [120.83355667678617, 15.00518901134727], [120.83140072010426, 15.00518901134727], [120.83140072010426, 15.006266989688214], [120.8292447634224, 15.00518901134727], [120.8292447634224, 15.00087709798349]]]}, "properties": {"date": "2024-07-22", "event": "carina_2024"}}, {"type": "Feature", "geometry": {"geodesic": false, "type": "Polygon", "coordinates": [[[120.9284187707892, 15.274683596583131], [120.93165270581201, 15.274683596583131], [120.93165270581201, 15.27791753160595], [120.93057472747105, 15.27791753160595], [120.93057472747105, 15.278995509946895], [120.93165270581201, 15.278995509946895], [120.93165270581201, 15.28222944496973], [120.9294967491301, 15.28222944496973], [120.9294967491301, 15.28007348828784], [120.93057472747105, 15.28007348828784], [120.93057472747105, 15.278995509946895], [120.9284187707892, 15.27791753160595], [120.9284187707892, 15.274683596583131]]]}, "properties": {"date": "2024-07-22", "event": "carina_2024"}}, {"type": "Feature", "geometry": {"geodesic": false, "type": "Polygon", "coordinates": [[[120.75163032287443, 14.88553341550255], [120.75270830121539, 14.88553341550255], [120.75270830121539, 14.886611393843495], [120.75486425789725, 14.886611393843495], [120.75486425789725, 14.88768937218444], [120.75594223623821, 14.88768937218444], [120.75594223623821, 14.889845328866329], [120.75378627955635, 14.889845328866329], [120.75378627955635, 14.888767350525384], [120.75055234453353, 14.888767350525384], [120.75055234453353, 14.889845328866329], [120.74947436619257, 14.889845328866329], [120.74947436619257, 14.88768937218444], [120.75163032287443, 14.886611393843495], [120.75163032287443, 14.88553341550255]]]}, "properties": {"date": "2024-07-22", "event": "carina_2024"}}, {"type": "Feature", "geometry": {"geodesic": false, "type": "Polygon", "coordinates": [[[120.5090851961622, 14.897391177252928], [120.51339710952593, 14.897391177252928], [120.51339710952593, 14.900625112275762], [120.5090851961622, 14.901703090616707], [120.5090851961622, 14.897391177252928]]]}, "properties": {"date": "2024-07-22", "event": "carina_2024"}}, {"type": "Feature", "geometry": {"geodesic": false, "type": "Polygon", "coordinates": [[[120.531722741322, 14.91571680904896], [120.53495667634482, 14.91571680904896], [120.53495667634482, 14.921106700753683], [120.53280071966296, 14.921106700753683], [120.53280071966296, 14.920028722412738], [120.531722741322, 14.920028722412738], [120.531722741322, 14.91571680904896]]]}, "properties": {"date": "2024-07-22", "event": "carina_2024"}}, {"type": "Feature", "geometry": {"geodesic": false, "type": "Polygon", "coordinates": [[[120.73330469107842, 15.159339914102176], [120.74085053946501, 15.159339914102176], [120.74085053946501, 15.161495870784066], [120.73330469107842, 15.161495870784066], [120.73330469107842, 15.159339914102176]]]}, "properties": {"date": "2024-07-22", "event": "carina_2024"}}, {"type": "Feature", "geometry": {"geodesic": false, "type": "Polygon", "coordinates": [[[120.95752418599463, 15.249890094741431], [120.96075812101745, 15.249890094741431], [120.96075812101745, 15.25204605142332], [120.95752418599463, 15.25204605142332], [120.95752418599463, 15.254202008105196], [120.95644620765373, 15.254202008105196], [120.95644620765373, 15.25527998644614], [120.95429025097181, 15.25527998644614], [120.95429025097181, 15.25204605142332], [120.95752418599463, 15.25204605142332], [120.95752418599463, 15.249890094741431]]]}, "properties": {"date": "2024-07-22", "event": "carina_2024"}}, {"type": "Feature", "geometry": {"geodesic": false, "type": "Polygon", "coordinates": [[[120.76779999798859, 14.875831610434062], [120.76995595467051, 14.875831610434062], [120.76995595467051, 14.876909588775007], [120.77318988969333, 14.876909588775007], [120.77318988969333, 14.879065545456882], [120.77211191135237, 14.879065545456882], [120.77211191135237, 14.880143523797827], [120.76887797632955, 14.880143523797827], [120.76887797632955, 14.876909588775007], [120.76779999798859, 14.876909588775007], [120.76779999798859, 14.875831610434062]]]}, "properties": {"date": "2024-07-22", "event": "carina_2024"}}, {"type": "Feature", "geometry": {"geodesic": false, "type": "Polygon", "coordinates": [[[120.76456606296577, 14.903859047298582], [120.76564404130673, 14.903859047298582], [120.76564404130673, 14.904937025639526], [120.76456606296577, 14.904937025639526], [120.76456606296577, 14.907092982321416], [120.76348808462481, 14.907092982321416], [120.76348808462481, 14.904937025639526], [120.76025414960199, 14.907092982321416], [120.76241010628391, 14.91032691734425], [120.75917617126103, 14.90817096066236], [120.75917617126103, 14.907092982321416], [120.75702021457917, 14.90817096066236], [120.75809819292013, 14.906015003980471], [120.76025414960199, 14.907092982321416], [120.76025414960199, 14.903859047298582], [120.76133212794295, 14.903859047298582], [120.76133212794295, 14.904937025639526], [120.76348808462481, 14.903859047298582], [120.76348808462481, 14.904937025639526], [120.76456606296577, 14.904937025639526], [120.76456606296577, 14.903859047298582]]]}, "properties": {"date": "2024-07-22", "event": "carina_2024"}}, {"type": "Feature", "geometry": {"geodesic": false, "type": "Polygon", "coordinates": [[[120.84649241687745, 14.949134137618216], [120.84972635190033, 14.951290094300091], [120.84972635190033, 14.95344605098198], [120.84864837355937, 14.95344605098198], [120.84864837355937, 14.954524029322926], [120.84649241687745, 14.954524029322926], [120.84649241687745, 14.952368072641036], [120.84541443853655, 14.952368072641036], [120.84541443853655, 14.950212115959161], [120.84649241687745, 14.950212115959161], [120.84649241687745, 14.949134137618216]]]}, "properties": {"date": "2024-07-22", "event": "carina_2024"}}, {"type": "Feature", "geometry": {"geodesic": false, "type": "Polygon", "coordinates": [[[120.85080433024123, 14.95775796434576], [120.85296028692315, 14.95775796434576], [120.85296028692315, 14.958835942686704], [120.85511624360501, 14.959913921027649], [120.85511624360501, 14.963147856050483], [120.85188230858219, 14.963147856050483], [120.85188230858219, 14.958835942686704], [120.85080433024123, 14.958835942686704], [120.85080433024123, 14.95775796434576]]]}, "properties": {"date": "2024-07-22", "event": "carina_2024"}}, {"type": "Feature", "geometry": {"geodesic": false, "type": "Polygon", "coordinates": [[[120.969381947745, 15.200303091058032], [120.97153790442692, 15.200303091058032], [120.97261588276783, 15.204615004421797], [120.97045992608597, 15.204615004421797], [120.97045992608597, 15.203537026080866], [120.9683039694041, 15.203537026080866], [120.9683039694041, 15.204615004421797], [120.96722599106315, 15.204615004421797], [120.96722599106315, 15.202459047739922], [120.969381947745, 15.201381069398977], [120.969381947745, 15.200303091058032]]]}, "properties": {"date": "2024-07-22", "event": "carina_2024"}}, {"type": "Feature", "geometry": {"geodesic": false, "type": "Polygon", "coordinates": [[[120.90146931226556, 15.230486484604441], [120.90362526894748, 15.231564462945386], [120.90362526894748, 15.233720419627275], [120.90039133392466, 15.235876376309164], [120.90039133392466, 15.23479839796822], [120.8993133555837, 15.23479839796822], [120.8993133555837, 15.231564462945386], [120.90146931226556, 15.231564462945386], [120.90146931226556, 15.230486484604441]]]}, "properties": {"date": "2024-07-22", "event": "carina_2024"}}, {"type": "Feature", "geometry": {"geodesic": false, "type": "Polygon", "coordinates": [[[120.92734079244823, 15.269293704878407], [120.93057472747105, 15.269293704878407], [120.93057472747105, 15.271449661560297], [120.93165270581201, 15.271449661560297], [120.93165270581201, 15.272527639901242], [120.92518483576632, 15.272527639901242], [120.92734079244823, 15.269293704878407]]]}, "properties": {"date": "2024-07-22", "event": "carina_2024"}}, {"type": "Feature", "geometry": {"geodesic": false, "type": "Polygon", "coordinates": [[[120.78828158646652, 14.943744245913493], [120.7925934998303, 14.944822224254438], [120.7925934998303, 14.945900202595382], [120.79367147817126, 14.945900202595382], [120.79367147817126, 14.948056159277272], [120.79043754314839, 14.948056159277272], [120.79043754314839, 14.945900202595382], [120.78828158646652, 14.945900202595382], [120.78828158646652, 14.943744245913493]]]}, "properties": {"date": "2024-07-22", "event": "carina_2024"}}, {"type": "Feature", "geometry": {"geodesic": false, "type": "Polygon", "coordinates": [[[120.82708880674048, 15.008422946370104], [120.8303227417633, 15.008422946370104], [120.8303227417633, 15.011656881392923], [120.8292447634224, 15.011656881392923], [120.8292447634224, 15.012734859733868], [120.82708880674048, 15.012734859733868], [120.82708880674048, 15.011656881392923], [120.82601082839952, 15.011656881392923], [120.82601082839952, 15.010578903051993], [120.82708880674048, 15.010578903051993], [120.82708880674048, 15.008422946370104]]]}, "properties": {"date": "2024-07-22", "event": "carina_2024"}}, {"type": "Feature", "geometry": {"geodesic": false, "type": "Polygon", "coordinates": [[[120.89823537724274, 15.224018614558787], [120.8993133555837, 15.224018614558787], [120.8993133555837, 15.225096592899732], [120.89823537724274, 15.225096592899732], [120.89823537724274, 15.227252549581621], [120.89392346387896, 15.227252549581621], [120.89392346387896, 15.228330527922566], [120.89284548553806, 15.228330527922566], [120.89284548553806, 15.225096592899732], [120.89823537724274, 15.225096592899732], [120.89823537724274, 15.224018614558787]]]}, "properties": {"date": "2024-07-22", "event": "carina_2024"}}, {"type": "Feature", "geometry": {"geodesic": false, "type": "Polygon", "coordinates": [[[120.88961155051518, 15.233720419627275], [120.89392346387896, 15.23479839796822], [120.89392346387896, 15.23695435465011], [120.89284548553806, 15.23695435465011], [120.89284548553806, 15.238032332991054], [120.8917675071971, 15.238032332991054], [120.8917675071971, 15.23695435465011], [120.88853357217428, 15.23695435465011], [120.88853357217428, 15.235876376309164], [120.88961155051518, 15.235876376309164], [120.88961155051518, 15.233720419627275]]]}, "properties": {"date": "2024-07-22", "event": "carina_2024"}}, {"type": "Feature", "geometry": {"geodesic": false, "type": "Polygon", "coordinates": [[[120.9909415145639, 15.261747856491809], [120.99633140626858, 15.261747856491809], [120.99633140626858, 15.263903813173698], [120.99525342792768, 15.263903813173698], [120.99525342792768, 15.264981791514629], [120.99309747124576, 15.264981791514629], [120.99309747124576, 15.263903813173698], [120.9909415145639, 15.263903813173698], [120.9909415145639, 15.261747856491809]]]}, "properties": {"date": "2024-07-22", "event": "carina_2024"}}, {"type": "Feature", "geometry": {"geodesic": false, "type": "Polygon", "coordinates": [[[120.95536822931277, 15.297321141742941], [120.95752418599463, 15.297321141742941], [120.95752418599463, 15.29947709842483], [120.95429025097181, 15.29947709842483], [120.95429025097181, 15.298399120083886], [120.95321227263085, 15.298399120083886], [120.95321227263085, 15.29947709842483], [120.95105631594899, 15.29947709842483], [120.95105631594899, 15.297321141742941], [120.95429025097181, 15.297321141742941], [120.95429025097181, 15.298399120083886], [120.95536822931277, 15.298399120083886], [120.95536822931277, 15.297321141742941]]]}, "properties": {"date": "2024-07-22", "event": "carina_2024"}}, {"type": "Feature", "geometry": {"geodesic": false, "type": "Polygon", "coordinates": [[[120.50369530445747, 14.84564821688764], [120.50477328279842, 14.84564821688764], [120.50585126113933, 14.847804173569529], [120.5026173261165, 14.847804173569529], [120.5026173261165, 14.848882151910473], [120.50046136943465, 14.848882151910473], [120.50046136943465, 14.846726195228584], [120.50369530445747, 14.846726195228584], [120.50369530445747, 14.84564821688764]]]}, "properties": {"date": "2024-07-22", "event": "carina_2024"}}, {"type": "Feature", "geometry": {"geodesic": false, "type": "Polygon", "coordinates": [[[120.84002454683181, 15.035372404893693], [120.84325848185463, 15.035372404893693], [120.84325848185463, 15.038606339916512], [120.84541443853655, 15.039684318257457], [120.84541443853655, 15.042918253280291], [120.84757039521841, 15.042918253280291], [120.84757039521841, 15.043996231621236], [120.84864837355937, 15.043996231621236], [120.84864837355937, 15.04723016664407], [120.84649241687745, 15.048308144985], [120.84649241687745, 15.049386123325945], [120.84757039521841, 15.049386123325945], [120.84757039521841, 15.051542080007835], [120.84541443853655, 15.051542080007835], [120.84541443853655, 15.049386123325945], [120.84218050351367, 15.049386123325945], [120.84325848185463, 15.053698036689724], [120.84433646019559, 15.053698036689724], [120.84433646019559, 15.05262005834878], [120.84649241687745, 15.05262005834878], [120.84649241687745, 15.054776015030669], [120.84757039521841, 15.054776015030669], [120.84757039521841, 15.059087928394447], [120.85296028692315, 15.059087928394447], [120.85296028692315, 15.058009950053503], [120.85403826526405, 15.058009950053503], [120.85403826526405, 15.055853993371613], [120.85835017862783, 15.056931971712558], [120.85835017862783, 15.054776015030669], [120.86050613530975, 15.054776015030669], [120.86050613530975, 15.056931971712558], [120.86158411365071, 15.056931971712558], [120.86158411365071, 15.059087928394447], [120.86266209199161, 15.059087928394447], [120.86266209199161, 15.061243885076323], [120.86158411365071, 15.061243885076323], [120.86050613530975, 15.063399841758212], [120.85835017862783, 15.063399841758212], [120.85835017862783, 15.064477820099157], [120.85619422194597, 15.065555798440101], [120.85619422194597, 15.06771175512199], [120.85511624360501, 15.06771175512199], [120.85511624360501, 15.068789733462935], [120.85403826526405, 15.068789733462935], [120.85403826526405, 15.065555798440101], [120.85080433024123, 15.065555798440101], [120.85080433024123, 15.064477820099157], [120.84972635190033, 15.064477820099157], [120.84972635190033, 15.066633776781046], [120.85080433024123, 15.066633776781046], [120.85080433024123, 15.06771175512199], [120.85296028692315, 15.066633776781046], [120.85296028692315, 15.06771175512199], [120.85188230858219, 15.06771175512199], [120.85188230858219, 15.06986771180388], [120.84864837355937, 15.06986771180388], [120.84864837355937, 15.068789733462935], [120.84649241687745, 15.068789733462935], [120.84649241687745, 15.070945690144825], [120.84433646019559, 15.070945690144825], [120.84433646019559, 15.06986771180388], [120.84110252517277, 15.06986771180388], [120.84110252517277, 15.070945690144825], [120.84002454683181, 15.070945690144825], [120.84002454683181, 15.0731016468267], [120.84110252517277, 15.0731016468267], [120.84110252517277, 15.072023668485755], [120.84541443853655, 15.072023668485755], [120.84433646019559, 15.079569516872368], [120.84325848185463, 15.079569516872368], [120.84325848185463, 15.081725473554258], [120.84218050351367, 15.081725473554258], [120.84218050351367, 15.082803451895202], [120.84433646019559, 15.082803451895202], [120.84433646019559, 15.081725473554258], [120.84541443853655, 15.081725473554258], [120.84541443853655, 15.076335581849534], [120.84972635190033, 15.07525760350859], [120.84972635190033, 15.074179625167645], [120.84864837355937, 15.074179625167645], [120.84864837355937, 15.072023668485755], [120.85188230858219, 15.072023668485755], [120.85188230858219, 15.074179625167645], [120.85296028692315, 15.074179625167645], [120.85403826526405, 15.072023668485755], [120.85619422194597, 15.0731016468267], [120.85619422194597, 15.072023668485755], [120.85835017862783, 15.072023668485755], [120.85835017862783, 15.06986771180388], [120.85727220028693, 15.06986771180388], [120.85727220028693, 15.068789733462935], [120.86158411365071, 15.066633776781046], [120.86158411365071, 15.064477820099157], [120.86374007033257, 15.063399841758212], [120.86374007033257, 15.061243885076323], [120.86481804867353, 15.061243885076323], [120.86481804867353, 15.060165906735378], [120.86805198369635, 15.060165906735378], [120.86805198369635, 15.063399841758212], [120.86589602701443, 15.063399841758212], [120.86589602701443, 15.064477820099157], [120.86266209199161, 15.064477820099157], [120.86266209199161, 15.065555798440101], [120.86805198369635, 15.065555798440101], [120.86805198369635, 15.066633776781046], [120.8691299620373, 15.066633776781046], [120.8691299620373, 15.072023668485755], [120.86805198369635, 15.072023668485755], [120.86697400535539, 15.074179625167645], [120.86805198369635, 15.074179625167645], [120.86805198369635, 15.07525760350859], [120.87020794037821, 15.074179625167645], [120.87020794037821, 15.07525760350859], [120.8691299620373, 15.07525760350859], [120.86805198369635, 15.077413560190479], [120.86481804867353, 15.077413560190479], [120.86481804867353, 15.078491538531424], [120.86266209199161, 15.079569516872368], [120.86266209199161, 15.081725473554258], [120.86481804867353, 15.082803451895202], [120.86481804867353, 15.080647495213313], [120.86589602701443, 15.080647495213313], [120.86589602701443, 15.079569516872368], [120.87236389706013, 15.079569516872368], [120.87236389706013, 15.077413560190479], [120.87451985374199, 15.077413560190479], [120.87559783208295, 15.079569516872368], [120.8777537887648, 15.079569516872368], [120.8766758104239, 15.084959408577078], [120.87451985374199, 15.084959408577078], [120.87451985374199, 15.083881430236133], [120.86697400535539, 15.083881430236133], [120.86697400535539, 15.084959408577078], [120.87236389706013, 15.084959408577078], [120.87344187540108, 15.089271321940856], [120.87020794037821, 15.089271321940856], [120.87020794037821, 15.090349300281801], [120.87344187540108, 15.090349300281801], [120.87344187540108, 15.09250525696369], [120.8766758104239, 15.09250525696369], [120.8766758104239, 15.093583235304635], [120.87883176710577, 15.09466121364558], [120.87883176710577, 15.100051105350289], [120.87990974544672, 15.100051105350289], [120.87990974544672, 15.096817170327455], [120.8842216588105, 15.096817170327455], [120.88314368046954, 15.101129083691234], [120.88637761549236, 15.101129083691234], [120.88637761549236, 15.0978951486684], [120.88529963715146, 15.0978951486684], [120.88529963715146, 15.096817170327455], [120.88961155051518, 15.096817170327455], [120.88853357217428, 15.102207062032178], [120.88637761549236, 15.103285040373123], [120.88637761549236, 15.105440997055013], [120.8842216588105, 15.104363018714068], [120.8842216588105, 15.103285040373123], [120.87883176710577, 15.103285040373123], [120.8777537887648, 15.101129083691234], [120.87559783208295, 15.101129083691234], [120.8766758104239, 15.105440997055013], [120.87344187540108, 15.105440997055013], [120.87236389706013, 15.109752910418777], [120.87020794037821, 15.109752910418777], [120.87020794037821, 15.110830888759722], [120.87344187540108, 15.110830888759722], [120.87344187540108, 15.114064823782556], [120.87236389706013, 15.114064823782556], [120.87128591871917, 15.116220780464445], [120.87451985374199, 15.116220780464445], [120.87451985374199, 15.1151428021235], [120.87559783208295, 15.1151428021235], [120.87559783208295, 15.111908867100666], [120.8766758104239, 15.111908867100666], [120.87559783208295, 15.106518975395957], [120.8777537887648, 15.106518975395957], [120.8777537887648, 15.107596953736902], [120.88098772378768, 15.107596953736902], [120.88098772378768, 15.108674932077832], [120.88314368046954, 15.108674932077832], [120.88314368046954, 15.116220780464445], [120.88098772378768, 15.116220780464445], [120.87883176710577, 15.12053269382821], [120.8766758104239, 15.11945471548728], [120.8766758104239, 15.12053269382821], [120.87559783208295, 15.12053269382821], [120.87559783208295, 15.11945471548728], [120.87451985374199, 15.11945471548728], [120.87451985374199, 15.12053269382821], [120.87020794037821, 15.12053269382821], [120.8691299620373, 15.118376737146335], [120.86589602701443, 15.12053269382821], [120.86589602701443, 15.1226886505101], [120.86805198369635, 15.123766628851044], [120.86805198369635, 15.1226886505101], [120.8691299620373, 15.1226886505101], [120.86805198369635, 15.124844607191989], [120.8691299620373, 15.124844607191989], [120.8691299620373, 15.125922585532933], [120.87128591871917, 15.125922585532933], [120.87128591871917, 15.129156520555767], [120.87236389706013, 15.129156520555767], [120.87236389706013, 15.131312477237657], [120.87020794037821, 15.131312477237657], [120.87020794037821, 15.129156520555767], [120.86805198369635, 15.129156520555767], [120.86805198369635, 15.132390455578587], [120.87236389706013, 15.132390455578587], [120.87236389706013, 15.133468433919532], [120.87451985374199, 15.133468433919532], [120.8766758104239, 15.136702368942366], [120.87990974544672, 15.136702368942366], [120.88206570212859, 15.1399363039652], [120.8842216588105, 15.1399363039652], [120.8842216588105, 15.141014282306145], [120.88529963715146, 15.141014282306145], [120.8842216588105, 15.14532619566991], [120.88206570212859, 15.14532619566991], [120.88206570212859, 15.146404174010854], [120.88098772378768, 15.146404174010854], [120.88098772378768, 15.147482152351799], [120.88314368046954, 15.147482152351799], [120.88314368046954, 15.151794065715578], [120.8766758104239, 15.151794065715578], [120.8766758104239, 15.150716087374633], [120.87451985374199, 15.150716087374633], [120.87451985374199, 15.151794065715578], [120.87559783208295, 15.151794065715578], [120.87559783208295, 15.153950022397467], [120.8766758104239, 15.153950022397467], [120.8766758104239, 15.158261935761232], [120.87128591871917, 15.158261935761232], [120.87236389706013, 15.150716087374633], [120.87451985374199, 15.150716087374633], [120.87451985374199, 15.143170238988034], [120.87344187540108, 15.143170238988034], [120.87344187540108, 15.1399363039652], [120.87128591871917, 15.1399363039652], [120.87128591871917, 15.138858325624255], [120.87020794037821, 15.138858325624255], [120.87020794037821, 15.136702368942366], [120.8691299620373, 15.136702368942366], [120.8691299620373, 15.135624390601421], [120.86697400535539, 15.135624390601421], [120.86805198369635, 15.1399363039652], [120.86481804867353, 15.13778034728331], [120.86481804867353, 15.141014282306145], [120.86266209199161, 15.141014282306145], [120.86266209199161, 15.13778034728331], [120.86481804867353, 15.13778034728331], [120.86481804867353, 15.136702368942366], [120.86266209199161, 15.135624390601421], [120.86374007033257, 15.133468433919532], [120.86266209199161, 15.133468433919532], [120.86266209199161, 15.131312477237657], [120.86050613530975, 15.131312477237657], [120.86050613530975, 15.133468433919532], [120.86158411365071, 15.133468433919532], [120.86050613530975, 15.13778034728331], [120.86158411365071, 15.13778034728331], [120.86158411365071, 15.143170238988034], [120.86374007033257, 15.143170238988034], [120.86374007033257, 15.14532619566991], [120.86266209199161, 15.14532619566991], [120.86266209199161, 15.144248217328965], [120.86050613530975, 15.14532619566991], [120.86050613530975, 15.144248217328965], [120.85727220028693, 15.144248217328965], [120.85727220028693, 15.136702368942366], [120.85835017862783, 15.136702368942366], [120.85835017862783, 15.135624390601421], [120.85727220028693, 15.135624390601421], [120.85727220028693, 15.133468433919532], [120.85619422194597, 15.133468433919532], [120.85619422194597, 15.132390455578587], [120.85511624360501, 15.132390455578587], [120.85511624360501, 15.130234498896712], [120.85188230858219, 15.130234498896712], [120.85188230858219, 15.129156520555767], [120.84972635190033, 15.129156520555767], [120.84972635190033, 15.130234498896712], [120.84864837355937, 15.130234498896712], [120.84864837355937, 15.131312477237657], [120.85296028692315, 15.131312477237657], [120.85296028692315, 15.132390455578587], [120.85619422194597, 15.134546412260477], [120.85619422194597, 15.1399363039652], [120.85403826526405, 15.1399363039652], [120.85403826526405, 15.14209226064709], [120.85511624360501, 15.14209226064709], [120.85511624360501, 15.146404174010854], [120.85727220028693, 15.146404174010854], [120.85727220028693, 15.148560130692744], [120.85511624360501, 15.148560130692744], [120.85403826526405, 15.150716087374633], [120.85080433024123, 15.150716087374633], [120.85080433024123, 15.149638109033688], [120.84972635190033, 15.149638109033688], [120.84972635190033, 15.147482152351799], [120.84864837355937, 15.147482152351799], [120.84864837355937, 15.143170238988034], [120.84541443853655, 15.143170238988034], [120.84541443853655, 15.144248217328965], [120.84649241687745, 15.144248217328965], [120.84649241687745, 15.14532619566991], [120.84541443853655, 15.14532619566991], [120.84541443853655, 15.146404174010854], [120.84649241687745, 15.146404174010854], [120.84649241687745, 15.148560130692744], [120.84433646019559, 15.148560130692744], [120.84433646019559, 15.144248217328965], [120.84325848185463, 15.144248217328965], [120.84325848185463, 15.143170238988034], [120.84002454683181, 15.143170238988034], [120.84110252517277, 15.141014282306145], [120.84218050351367, 15.141014282306145], [120.84218050351367, 15.13778034728331], [120.84325848185463, 15.13778034728331], [120.84325848185463, 15.136702368942366], [120.84110252517277, 15.136702368942366], [120.84110252517277, 15.135624390601421], [120.84002454683181, 15.135624390601421], [120.84002454683181, 15.13778034728331], [120.84110252517277, 15.13778034728331], [120.84110252517277, 15.138858325624255], [120.836790611809, 15.138858325624255], [120.836790611809, 15.13778034728331], [120.83463465512708, 15.13778034728331], [120.83463465512708, 15.136702368942366], [120.83355667678617, 15.136702368942366], [120.83355667678617, 15.135624390601421], [120.8292447634224, 15.136702368942366], [120.8292447634224, 15.134546412260477], [120.82816678508144, 15.134546412260477], [120.82816678508144, 15.133468433919532], [120.8292447634224, 15.133468433919532], [120.8292447634224, 15.131312477237657], [120.82708880674048, 15.131312477237657], [120.82708880674048, 15.127000563873878], [120.8303227417633, 15.127000563873878], [120.8303227417633, 15.125922585532933], [120.82708880674048, 15.125922585532933], [120.82708880674048, 15.1226886505101], [120.83140072010426, 15.1226886505101], [120.83140072010426, 15.121610672169155], [120.83247869844521, 15.121610672169155], [120.83247869844521, 15.12053269382821], [120.8303227417633, 15.12053269382821], [120.8303227417633, 15.121610672169155], [120.82601082839952, 15.121610672169155], [120.82601082839952, 15.12053269382821], [120.82493285005862, 15.12053269382821], [120.82493285005862, 15.118376737146335], [120.83140072010426, 15.118376737146335], [120.83140072010426, 15.11729875880539], [120.83247869844521, 15.11729875880539], [120.83247869844521, 15.1151428021235], [120.8303227417633, 15.1151428021235], [120.8303227417633, 15.114064823782556], [120.8292447634224, 15.114064823782556], [120.8292447634224, 15.111908867100666], [120.8303227417633, 15.111908867100666], [120.8303227417633, 15.110830888759722], [120.8292447634224, 15.110830888759722], [120.8292447634224, 15.107596953736902], [120.83140072010426, 15.108674932077832], [120.83140072010426, 15.109752910418777], [120.8303227417633, 15.109752910418777], [120.83140072010426, 15.111908867100666], [120.83355667678617, 15.111908867100666], [120.83355667678617, 15.110830888759722], [120.83463465512708, 15.110830888759722], [120.83463465512708, 15.111908867100666], [120.836790611809, 15.111908867100666], [120.836790611809, 15.110830888759722], [120.83571263346803, 15.110830888759722], [120.83571263346803, 15.107596953736902], [120.836790611809, 15.107596953736902], [120.836790611809, 15.108674932077832], [120.84110252517277, 15.108674932077832], [120.84110252517277, 15.107596953736902], [120.84218050351367, 15.107596953736902], [120.84002454683181, 15.104363018714068], [120.83894656849085, 15.104363018714068], [120.83894656849085, 15.103285040373123], [120.836790611809, 15.103285040373123], [120.836790611809, 15.102207062032178], [120.83571263346803, 15.102207062032178], [120.836790611809, 15.100051105350289], [120.83140072010426, 15.100051105350289], [120.83247869844521, 15.095739191986524], [120.83463465512708, 15.095739191986524], [120.83463465512708, 15.090349300281801], [120.83247869844521, 15.090349300281801], [120.83247869844521, 15.089271321940856], [120.8292447634224, 15.089271321940856], [120.8292447634224, 15.087115365258967], [120.83140072010426, 15.087115365258967], [120.83247869844521, 15.089271321940856], [120.83571263346803, 15.089271321940856], [120.83571263346803, 15.088193343599912], [120.8378685901499, 15.088193343599912], [120.8378685901499, 15.089271321940856], [120.83894656849085, 15.089271321940856], [120.83894656849085, 15.088193343599912], [120.84218050351367, 15.088193343599912], [120.84218050351367, 15.089271321940856], [120.84325848185463, 15.089271321940856], [120.84325848185463, 15.087115365258967], [120.8378685901499, 15.087115365258967], [120.8378685901499, 15.083881430236133], [120.83571263346803, 15.083881430236133], [120.83571263346803, 15.086037386918022], [120.83355667678617, 15.084959408577078], [120.83355667678617, 15.086037386918022], [120.83140072010426, 15.086037386918022], [120.83140072010426, 15.084959408577078], [120.8292447634224, 15.084959408577078], [120.82816678508144, 15.082803451895202], [120.82708880674048, 15.082803451895202], [120.82708880674048, 15.081725473554258], [120.82493285005862, 15.081725473554258], [120.82493285005862, 15.080647495213313], [120.82385487171766, 15.080647495213313], [120.82385487171766, 15.078491538531424], [120.82601082839952, 15.077413560190479], [120.82601082839952, 15.0731016468267], [120.82816678508144, 15.0731016468267], [120.82816678508144, 15.06986771180388], [120.8303227417633, 15.06986771180388], [120.8303227417633, 15.066633776781046], [120.83247869844521, 15.066633776781046], [120.83247869844521, 15.064477820099157], [120.8292447634224, 15.064477820099157], [120.8292447634224, 15.065555798440101], [120.82708880674048, 15.065555798440101], [120.82708880674048, 15.060165906735378], [120.82601082839952, 15.060165906735378], [120.82601082839952, 15.059087928394447], [120.8227768933767, 15.059087928394447], [120.8227768933767, 15.060165906735378], [120.8216989150358, 15.060165906735378], [120.8216989150358, 15.063399841758212], [120.81954295835388, 15.063399841758212], [120.81954295835388, 15.055853993371613], [120.82385487171766, 15.054776015030669], [120.82385487171766, 15.05262005834878], [120.82816678508144, 15.05262005834878], [120.82816678508144, 15.053698036689724], [120.8292447634224, 15.053698036689724], [120.8292447634224, 15.055853993371613], [120.83247869844521, 15.055853993371613], [120.83247869844521, 15.054776015030669], [120.83463465512708, 15.054776015030669], [120.83463465512708, 15.056931971712558], [120.836790611809, 15.056931971712558], [120.836790611809, 15.055853993371613], [120.84110252517277, 15.055853993371613], [120.84110252517277, 15.056931971712558], [120.84325848185463, 15.056931971712558], [120.84325848185463, 15.053698036689724], [120.83247869844521, 15.053698036689724], [120.83247869844521, 15.051542080007835], [120.8303227417633, 15.051542080007835], [120.8303227417633, 15.05046410166689], [120.83140072010426, 15.05046410166689], [120.83140072010426, 15.048308144985], [120.8303227417633, 15.048308144985], [120.8303227417633, 15.046152188303125], [120.83140072010426, 15.046152188303125], [120.83247869844521, 15.040762296598402], [120.83463465512708, 15.040762296598402], [120.83463465512708, 15.041840274939347], [120.83571263346803, 15.041840274939347], [120.83571263346803, 15.036450383234623], [120.84002454683181, 15.036450383234623], [120.84002454683181, 15.035372404893693]], [[120.83463465512708, 15.134546412260477], [120.83463465512708, 15.135624390601421], [120.83355667678617, 15.135624390601421], [120.83355667678617, 15.134546412260477], [120.83463465512708, 15.134546412260477]], [[120.84541443853655, 15.132390455578587], [120.84541443853655, 15.135624390601421], [120.84433646019559, 15.135624390601421], [120.84433646019559, 15.132390455578587], [120.84541443853655, 15.132390455578587]], [[120.8777537887648, 15.141014282306145], [120.8777537887648, 15.14209226064709], [120.8766758104239, 15.14209226064709], [120.8766758104239, 15.141014282306145], [120.8777537887648, 15.141014282306145]], [[120.86805198369635, 15.133468433919532], [120.86805198369635, 15.134546412260477], [120.86697400535539, 15.134546412260477], [120.86697400535539, 15.133468433919532], [120.86805198369635, 15.133468433919532]], [[120.85835017862783, 15.128078542214823], [120.85835017862783, 15.129156520555767], [120.85727220028693, 15.129156520555767], [120.85727220028693, 15.128078542214823], [120.85835017862783, 15.128078542214823]], [[120.85080433024123, 15.125922585532933], [120.85080433024123, 15.127000563873878], [120.84972635190033, 15.127000563873878], [120.84972635190033, 15.125922585532933], [120.85080433024123, 15.125922585532933]], [[120.83571263346803, 15.123766628851044], [120.83571263346803, 15.124844607191989], [120.83463465512708, 15.124844607191989], [120.83463465512708, 15.123766628851044], [120.83571263346803, 15.123766628851044]], [[120.86589602701443, 15.1226886505101], [120.86589602701443, 15.124844607191989], [120.86374007033257, 15.125922585532933], [120.86374007033257, 15.1226886505101], [120.86589602701443, 15.1226886505101]], [[120.836790611809, 15.12053269382821], [120.836790611809, 15.121610672169155], [120.83571263346803, 15.121610672169155], [120.83571263346803, 15.12053269382821], [120.836790611809, 15.12053269382821]], [[120.84757039521841, 15.11945471548728], [120.84757039521841, 15.121610672169155], [120.84649241687745, 15.121610672169155], [120.84649241687745, 15.1226886505101], [120.84972635190033, 15.1226886505101], [120.84972635190033, 15.124844607191989], [120.84757039521841, 15.125922585532933], [120.84757039521841, 15.124844607191989], [120.84541443853655, 15.124844607191989], [120.84541443853655, 15.125922585532933], [120.84325848185463, 15.127000563873878], [120.84325848185463, 15.129156520555767], [120.84433646019559, 15.129156520555767], [120.84433646019559, 15.131312477237657], [120.84325848185463, 15.131312477237657], [120.84218050351367, 15.129156520555767], [120.84110252517277, 15.129156520555767], [120.84110252517277, 15.127000563873878], [120.84433646019559, 15.124844607191989], [120.84433646019559, 15.123766628851044], [120.84541443853655, 15.123766628851044], [120.84433646019559, 15.11945471548728], [120.84757039521841, 15.11945471548728]], [[120.86589602701443, 15.11945471548728], [120.86589602701443, 15.12053269382821], [120.86481804867353, 15.12053269382821], [120.86481804867353, 15.11945471548728], [120.86589602701443, 15.11945471548728]], [[120.83247869844521, 15.118376737146335], [120.83247869844521, 15.11945471548728], [120.83140072010426, 15.11945471548728], [120.83140072010426, 15.118376737146335], [120.83247869844521, 15.118376737146335]], [[120.83355667678617, 15.11729875880539], [120.83355667678617, 15.118376737146335], [120.83247869844521, 15.118376737146335], [120.83247869844521, 15.11729875880539], [120.83355667678617, 15.11729875880539]], [[120.85296028692315, 15.116220780464445], [120.85296028692315, 15.11945471548728], [120.85403826526405, 15.11945471548728], [120.85403826526405, 15.121610672169155], [120.85619422194597, 15.121610672169155], [120.85619422194597, 15.123766628851044], [120.85188230858219, 15.121610672169155], [120.85188230858219, 15.11945471548728], [120.84864837355937, 15.121610672169155], [120.84864837355937, 15.11945471548728], [120.85080433024123, 15.118376737146335], [120.85080433024123, 15.116220780464445], [120.85296028692315, 15.116220780464445]], [[120.84110252517277, 15.1151428021235], [120.84218050351367, 15.11945471548728], [120.84002454683181, 15.118376737146335], [120.84002454683181, 15.116220780464445], [120.8378685901499, 15.116220780464445], [120.8378685901499, 15.11729875880539], [120.836790611809, 15.11729875880539], [120.836790611809, 15.1151428021235], [120.84110252517277, 15.1151428021235]], [[120.85403826526405, 15.1151428021235], [120.85403826526405, 15.116220780464445], [120.85296028692315, 15.116220780464445], [120.85296028692315, 15.1151428021235], [120.85403826526405, 15.1151428021235]], [[120.83571263346803, 15.114064823782556], [120.83571263346803, 15.1151428021235], [120.83463465512708, 15.1151428021235], [120.83463465512708, 15.114064823782556], [120.83571263346803, 15.114064823782556]], [[120.86374007033257, 15.114064823782556], [120.86374007033257, 15.1151428021235], [120.86589602701443, 15.1151428021235], [120.86589602701443, 15.116220780464445], [120.86697400535539, 15.116220780464445], [120.86697400535539, 15.11945471548728], [120.86481804867353, 15.118376737146335], [120.86481804867353, 15.116220780464445], [120.86266209199161, 15.116220780464445], [120.86266209199161, 15.11729875880539], [120.86050613530975, 15.116220780464445], [120.86158411365071, 15.114064823782556], [120.86374007033257, 15.114064823782556]], [[120.87020794037821, 15.112986845441611], [120.87020794037821, 15.114064823782556], [120.8691299620373, 15.114064823782556], [120.8691299620373, 15.112986845441611], [120.87020794037821, 15.112986845441611]], [[120.87128591871917, 15.111908867100666], [120.87128591871917, 15.112986845441611], [120.87020794037821, 15.112986845441611], [120.87020794037821, 15.111908867100666], [120.87128591871917, 15.111908867100666]], [[120.86589602701443, 15.109752910418777], [120.86589602701443, 15.111908867100666], [120.86374007033257, 15.111908867100666], [120.86481804867353, 15.109752910418777], [120.86589602701443, 15.109752910418777]], [[120.84541443853655, 15.108674932077832], [120.84649241687745, 15.110830888759722], [120.84972635190033, 15.110830888759722], [120.84972635190033, 15.111908867100666], [120.85080433024123, 15.111908867100666], [120.85080433024123, 15.114064823782556], [120.84433646019559, 15.112986845441611], [120.84325848185463, 15.108674932077832], [120.84541443853655, 15.108674932077832]], [[120.84325848185463, 15.107596953736902], [120.84325848185463, 15.108674932077832], [120.84218050351367, 15.108674932077832], [120.84218050351367, 15.107596953736902], [120.84325848185463, 15.107596953736902]], [[120.85296028692315, 15.107596953736902], [120.85296028692315, 15.108674932077832], [120.85511624360501, 15.108674932077832], [120.85511624360501, 15.110830888759722], [120.85619422194597, 15.110830888759722], [120.85619422194597, 15.111908867100666], [120.85942815696879, 15.111908867100666], [120.85942815696879, 15.114064823782556], [120.85511624360501, 15.112986845441611], [120.85511624360501, 15.1151428021235], [120.85403826526405, 15.1151428021235], [120.85403826526405, 15.110830888759722], [120.85188230858219, 15.109752910418777], [120.85188230858219, 15.107596953736902], [120.85296028692315, 15.107596953736902]], [[120.86805198369635, 15.105440997055013], [120.86805198369635, 15.107596953736902], [120.86697400535539, 15.107596953736902], [120.86697400535539, 15.105440997055013], [120.86805198369635, 15.105440997055013]], [[120.87128591871917, 15.102207062032178], [120.87128591871917, 15.105440997055013], [120.86805198369635, 15.105440997055013], [120.86805198369635, 15.102207062032178], [120.87128591871917, 15.102207062032178]], [[120.87344187540108, 15.102207062032178], [120.87344187540108, 15.103285040373123], [120.87236389706013, 15.103285040373123], [120.87236389706013, 15.102207062032178], [120.87344187540108, 15.102207062032178]], [[120.88745559383332, 15.101129083691234], [120.88745559383332, 15.102207062032178], [120.88637761549236, 15.102207062032178], [120.88637761549236, 15.101129083691234], [120.88745559383332, 15.101129083691234]], [[120.87236389706013, 15.0978951486684], [120.87236389706013, 15.098973127009344], [120.87128591871917, 15.098973127009344], [120.87128591871917, 15.0978951486684], [120.87236389706013, 15.0978951486684]], [[120.86805198369635, 15.095739191986524], [120.86805198369635, 15.098973127009344], [120.8691299620373, 15.098973127009344], [120.8691299620373, 15.100051105350289], [120.86697400535539, 15.100051105350289], [120.86697400535539, 15.095739191986524], [120.86805198369635, 15.095739191986524]], [[120.84864837355937, 15.09250525696369], [120.84864837355937, 15.093583235304635], [120.84972635190033, 15.093583235304635], [120.85080433024123, 15.101129083691234], [120.85188230858219, 15.101129083691234], [120.85188230858219, 15.104363018714068], [120.85296028692315, 15.104363018714068], [120.85296028692315, 15.105440997055013], [120.85188230858219, 15.105440997055013], [120.85188230858219, 15.107596953736902], [120.85080433024123, 15.107596953736902], [120.85080433024123, 15.103285040373123], [120.84972635190033, 15.103285040373123], [120.84972635190033, 15.102207062032178], [120.84757039521841, 15.102207062032178], [120.84757039521841, 15.101129083691234], [120.84864837355937, 15.101129083691234], [120.84864837355937, 15.09466121364558], [120.84757039521841, 15.09466121364558], [120.84757039521841, 15.09250525696369], [120.84864837355937, 15.09250525696369]], [[120.84757039521841, 15.091427278622746], [120.84757039521841, 15.09250525696369], [120.84649241687745, 15.09250525696369], [120.84649241687745, 15.091427278622746], [120.84757039521841, 15.091427278622746]], [[120.85296028692315, 15.090349300281801], [120.85296028692315, 15.091427278622746], [120.85511624360501, 15.091427278622746], [120.85511624360501, 15.09250525696369], [120.84972635190033, 15.09250525696369], [120.84972635190033, 15.091427278622746], [120.85188230858219, 15.091427278622746], [120.85188230858219, 15.090349300281801], [120.85296028692315, 15.090349300281801]], [[120.85727220028693, 15.090349300281801], [120.85727220028693, 15.091427278622746], [120.85511624360501, 15.091427278622746], [120.85511624360501, 15.090349300281801], [120.85727220028693, 15.090349300281801]], [[120.86481804867353, 15.090349300281801], [120.86589602701443, 15.09250525696369], [120.8691299620373, 15.09250525696369], [120.8691299620373, 15.093583235304635], [120.86374007033257, 15.093583235304635], [120.86266209199161, 15.091427278622746], [120.86481804867353, 15.090349300281801]], [[120.87020794037821, 15.090349300281801], [120.87020794037821, 15.091427278622746], [120.8691299620373, 15.091427278622746], [120.8691299620373, 15.090349300281801], [120.87020794037821, 15.090349300281801]], [[120.85942815696879, 15.089271321940856], [120.85942815696879, 15.090349300281801], [120.85727220028693, 15.090349300281801], [120.85727220028693, 15.089271321940856], [120.85942815696879, 15.089271321940856]], [[120.86158411365071, 15.089271321940856], [120.86266209199161, 15.091427278622746], [120.86050613530975, 15.091427278622746], [120.86050613530975, 15.089271321940856], [120.86158411365071, 15.089271321940856]], [[120.84757039521841, 15.084959408577078], [120.84757039521841, 15.086037386918022], [120.84649241687745, 15.086037386918022], [120.84649241687745, 15.091427278622746], [120.84541443853655, 15.091427278622746], [120.84541443853655, 15.089271321940856], [120.84433646019559, 15.089271321940856], [120.84433646019559, 15.088193343599912], [120.84541443853655, 15.088193343599912], [120.84541443853655, 15.086037386918022], [120.84433646019559, 15.086037386918022], [120.84433646019559, 15.084959408577078], [120.84757039521841, 15.084959408577078]], [[120.84433646019559, 15.083881430236133], [120.84433646019559, 15.084959408577078], [120.84325848185463, 15.084959408577078], [120.84325848185463, 15.083881430236133], [120.84433646019559, 15.083881430236133]], [[120.85942815696879, 15.077413560190479], [120.85942815696879, 15.078491538531424], [120.85727220028693, 15.079569516872368], [120.85727220028693, 15.077413560190479], [120.85942815696879, 15.077413560190479]], [[120.86158411365071, 15.077413560190479], [120.86158411365071, 15.078491538531424], [120.86050613530975, 15.078491538531424], [120.86050613530975, 15.077413560190479], [120.86158411365071, 15.077413560190479]], [[120.86050613530975, 15.0731016468267], [120.86050613530975, 15.07525760350859], [120.85835017862783, 15.07525760350859], [120.85835017862783, 15.0731016468267], [120.86050613530975, 15.0731016468267]], [[120.86374007033257, 15.0731016468267], [120.86374007033257, 15.074179625167645], [120.86266209199161, 15.074179625167645], [120.86266209199161, 15.0731016468267], [120.86374007033257, 15.0731016468267]], [[120.83355667678617, 15.070945690144825], [120.83355667678617, 15.072023668485755], [120.83140072010426, 15.072023668485755], [120.83140072010426, 15.070945690144825], [120.83355667678617, 15.070945690144825]], [[120.83894656849085, 15.068789733462935], [120.83894656849085, 15.070945690144825], [120.8378685901499, 15.070945690144825], [120.8378685901499, 15.068789733462935], [120.83894656849085, 15.068789733462935]], [[120.84002454683181, 15.066633776781046], [120.84002454683181, 15.068789733462935], [120.83894656849085, 15.068789733462935], [120.83894656849085, 15.066633776781046], [120.84002454683181, 15.066633776781046]], [[120.84433646019559, 15.062321863417267], [120.84433646019559, 15.063399841758212], [120.84649241687745, 15.063399841758212], [120.84649241687745, 15.066633776781046], [120.84541443853655, 15.066633776781046], [120.84541443853655, 15.065555798440101], [120.84110252517277, 15.065555798440101], [120.84110252517277, 15.064477820099157], [120.83894656849085, 15.064477820099157], [120.83894656849085, 15.066633776781046], [120.8378685901499, 15.066633776781046], [120.836790611809, 15.064477820099157], [120.83463465512708, 15.064477820099157], [120.83571263346803, 15.062321863417267], [120.8378685901499, 15.062321863417267], [120.8378685901499, 15.063399841758212], [120.84218050351367, 15.063399841758212], [120.84218050351367, 15.062321863417267], [120.84433646019559, 15.062321863417267]], [[120.83571263346803, 15.059087928394447], [120.83571263346803, 15.061243885076323], [120.83463465512708, 15.061243885076323], [120.83463465512708, 15.059087928394447], [120.83571263346803, 15.059087928394447]], [[120.84541443853655, 15.059087928394447], [120.84541443853655, 15.060165906735378], [120.84433646019559, 15.060165906735378], [120.84433646019559, 15.059087928394447], [120.84541443853655, 15.059087928394447]], [[120.84649241687745, 15.058009950053503], [120.84649241687745, 15.059087928394447], [120.84541443853655, 15.059087928394447], [120.84541443853655, 15.058009950053503], [120.84649241687745, 15.058009950053503]], [[120.84110252517277, 15.056931971712558], [120.84110252517277, 15.058009950053503], [120.84002454683181, 15.058009950053503], [120.84002454683181, 15.056931971712558], [120.84110252517277, 15.056931971712558]], [[120.84541443853655, 15.056931971712558], [120.84541443853655, 15.058009950053503], [120.84433646019559, 15.058009950053503], [120.84433646019559, 15.056931971712558], [120.84541443853655, 15.056931971712558]]]}, "properties": {"date": "2024-07-30", "event": "carina_2024"}}, {"type": "Feature", "geometry": {"geodesic": false, "type": "Polygon", "coordinates": [[[120.78396967310275, 15.225096592899732], [120.78612562978466, 15.225096592899732], [120.78612562978466, 15.226174571240676], [120.78828158646652, 15.227252549581621], [120.78828158646652, 15.230486484604441], [120.79043754314839, 15.230486484604441], [120.78935956480748, 15.226174571240676], [120.7925934998303, 15.226174571240676], [120.7925934998303, 15.228330527922566], [120.79367147817126, 15.228330527922566], [120.79474945651216, 15.230486484604441], [120.79690541319408, 15.230486484604441], [120.79690541319408, 15.23264244128633], [120.8001393482169, 15.23264244128633], [120.8001393482169, 15.235876376309164], [120.79798339153504, 15.235876376309164], [120.79798339153504, 15.239110311331999], [120.80229530489876, 15.239110311331999], [120.80229530489876, 15.23695435465011], [120.80552923992164, 15.23695435465011], [120.80552923992164, 15.23479839796822], [120.80660721826254, 15.23479839796822], [120.80660721826254, 15.233720419627275], [120.80876317494446, 15.233720419627275], [120.80876317494446, 15.23479839796822], [120.81091913162632, 15.233720419627275], [120.81091913162632, 15.23479839796822], [120.81199710996728, 15.23479839796822], [120.81307508830824, 15.245578181377653], [120.8076851966035, 15.245578181377653], [120.8076851966035, 15.246656159718597], [120.81091913162632, 15.246656159718597], [120.81091913162632, 15.247734138059542], [120.81307508830824, 15.247734138059542], [120.81307508830824, 15.248812116400487], [120.81091913162632, 15.249890094741431], [120.81091913162632, 15.253124029764251], [120.81415306664914, 15.253124029764251], [120.81415306664914, 15.25204605142332], [120.8152310449901, 15.25204605142332], [120.8152310449901, 15.253124029764251], [120.81630902333106, 15.253124029764251], [120.81630902333106, 15.25204605142332], [120.81846498001292, 15.25204605142332], [120.81846498001292, 15.253124029764251], [120.81954295835388, 15.253124029764251], [120.81954295835388, 15.254202008105196], [120.81846498001292, 15.254202008105196], [120.81846498001292, 15.25527998644614], [120.81954295835388, 15.25527998644614], [120.81954295835388, 15.256357964787085], [120.81846498001292, 15.256357964787085], [120.81846498001292, 15.258513921468975], [120.82062093669484, 15.25959189980992], [120.82062093669484, 15.261747856491809], [120.81954295835388, 15.261747856491809], [120.81954295835388, 15.262825834832753], [120.82062093669484, 15.262825834832753], [120.82062093669484, 15.263903813173698], [120.81954295835388, 15.263903813173698], [120.81954295835388, 15.266059769855573], [120.81738700167202, 15.264981791514629], [120.81738700167202, 15.261747856491809], [120.8152310449901, 15.261747856491809], [120.8152310449901, 15.263903813173698], [120.81307508830824, 15.264981791514629], [120.81307508830824, 15.263903813173698], [120.81091913162632, 15.263903813173698], [120.81091913162632, 15.261747856491809], [120.8076851966035, 15.261747856491809], [120.8076851966035, 15.260669878150864], [120.80984115328542, 15.260669878150864], [120.80984115328542, 15.25959189980992], [120.81091913162632, 15.25959189980992], [120.81091913162632, 15.25743594312803], [120.80876317494446, 15.25743594312803], [120.80876317494446, 15.25959189980992], [120.80445126158068, 15.25959189980992], [120.80445126158068, 15.256357964787085], [120.80660721826254, 15.256357964787085], [120.80660721826254, 15.25527998644614], [120.80229530489876, 15.25527998644614], [120.80229530489876, 15.256357964787085], [120.8001393482169, 15.25743594312803], [120.8001393482169, 15.25959189980992], [120.79582743485312, 15.25959189980992], [120.79474945651216, 15.25743594312803], [120.79367147817126, 15.25743594312803], [120.79474945651216, 15.25527998644614], [120.79582743485312, 15.25527998644614], [120.79582743485312, 15.25204605142332], [120.79690541319408, 15.25204605142332], [120.79690541319408, 15.250968073082376], [120.79798339153504, 15.250968073082376], [120.79798339153504, 15.25527998644614], [120.79906136987594, 15.25527998644614], [120.79906136987594, 15.254202008105196], [120.80121732655786, 15.254202008105196], [120.80121732655786, 15.249890094741431], [120.80229530489876, 15.249890094741431], [120.80229530489876, 15.246656159718597], [120.80337328323972, 15.246656159718597], [120.80337328323972, 15.245578181377653], [120.8001393482169, 15.245578181377653], [120.8001393482169, 15.247734138059542], [120.79906136987594, 15.247734138059542], [120.79906136987594, 15.248812116400487], [120.79582743485312, 15.248812116400487], [120.79582743485312, 15.249890094741431], [120.79367147817126, 15.250968073082376], [120.79367147817126, 15.253124029764251], [120.79151552148934, 15.253124029764251], [120.79151552148934, 15.25527998644614], [120.7925934998303, 15.25527998644614], [120.7925934998303, 15.260669878150864], [120.79043754314839, 15.260669878150864], [120.79043754314839, 15.261747856491809], [120.78612562978466, 15.261747856491809], [120.78612562978466, 15.258513921468975], [120.7850476514437, 15.258513921468975], [120.7850476514437, 15.261747856491809], [120.78396967310275, 15.261747856491809], [120.78396967310275, 15.262825834832753], [120.78612562978466, 15.263903813173698], [120.78612562978466, 15.267137748196518], [120.78396967310275, 15.267137748196518], [120.78396967310275, 15.268215726537463], [120.78289169476179, 15.268215726537463], [120.78289169476179, 15.266059769855573], [120.77965775973897, 15.266059769855573], [120.77965775973897, 15.264981791514629], [120.7775018030571, 15.264981791514629], [120.7775018030571, 15.266059769855573], [120.77534584637519, 15.267137748196518], [120.77642382471615, 15.264981791514629], [120.7775018030571, 15.264981791514629], [120.77642382471615, 15.262825834832753], [120.77857978139801, 15.261747856491809], [120.7775018030571, 15.256357964787085], [120.77965775973897, 15.256357964787085], [120.78073573807993, 15.254202008105196], [120.78396967310275, 15.256357964787085], [120.78396967310275, 15.253124029764251], [120.78181371642088, 15.253124029764251], [120.78181371642088, 15.25204605142332], [120.7775018030571, 15.25204605142332], [120.77534584637519, 15.248812116400487], [120.77857978139801, 15.248812116400487], [120.77857978139801, 15.249890094741431], [120.77965775973897, 15.249890094741431], [120.77965775973897, 15.248812116400487], [120.7850476514437, 15.248812116400487], [120.7850476514437, 15.247734138059542], [120.78289169476179, 15.247734138059542], [120.78289169476179, 15.246656159718597], [120.78073573807993, 15.246656159718597], [120.78181371642088, 15.244500203036708], [120.78289169476179, 15.244500203036708], [120.78289169476179, 15.242344246354818], [120.78396967310275, 15.242344246354818], [120.78396967310275, 15.240188289672943], [120.78073573807993, 15.238032332991054], [120.78073573807993, 15.23695435465011], [120.78181371642088, 15.23695435465011], [120.78181371642088, 15.23479839796822], [120.78935956480748, 15.23479839796822], [120.78935956480748, 15.23264244128633], [120.7850476514437, 15.23264244128633], [120.78289169476179, 15.229408506263496], [120.78073573807993, 15.229408506263496], [120.77965775973897, 15.227252549581621], [120.77857978139801, 15.227252549581621], [120.77857978139801, 15.225096592899732], [120.78073573807993, 15.225096592899732], [120.78181371642088, 15.227252549581621], [120.78396967310275, 15.227252549581621], [120.78396967310275, 15.228330527922566], [120.7850476514437, 15.228330527922566], [120.78612562978466, 15.226174571240676], [120.78396967310275, 15.226174571240676], [120.78396967310275, 15.225096592899732]], [[120.78720360812557, 15.25204605142332], [120.78720360812557, 15.254202008105196], [120.79043754314839, 15.254202008105196], [120.79043754314839, 15.25743594312803], [120.79151552148934, 15.25743594312803], [120.79151552148934, 15.258513921468975], [120.78828158646652, 15.258513921468975], [120.78828158646652, 15.25527998644614], [120.7850476514437, 15.25527998644614], [120.7850476514437, 15.25204605142332], [120.78720360812557, 15.25204605142332]], [[120.78612562978466, 15.249890094741431], [120.78612562978466, 15.250968073082376], [120.7850476514437, 15.250968073082376], [120.7850476514437, 15.249890094741431], [120.78612562978466, 15.249890094741431]], [[120.79151552148934, 15.246656159718597], [120.79151552148934, 15.250968073082376], [120.78935956480748, 15.250968073082376], [120.78935956480748, 15.25204605142332], [120.78828158646652, 15.25204605142332], [120.78935956480748, 15.247734138059542], [120.78828158646652, 15.247734138059542], [120.78828158646652, 15.246656159718597], [120.79151552148934, 15.246656159718597]], [[120.81307508830824, 15.260669878150864], [120.81307508830824, 15.261747856491809], [120.81199710996728, 15.261747856491809], [120.81199710996728, 15.260669878150864], [120.81307508830824, 15.260669878150864]], [[120.8152310449901, 15.258513921468975], [120.8152310449901, 15.25959189980992], [120.81415306664914, 15.25959189980992], [120.81415306664914, 15.258513921468975], [120.8152310449901, 15.258513921468975]], [[120.81415306664914, 15.25743594312803], [120.81415306664914, 15.258513921468975], [120.81307508830824, 15.258513921468975], [120.81307508830824, 15.25743594312803], [120.81415306664914, 15.25743594312803]], [[120.80876317494446, 15.254202008105196], [120.80876317494446, 15.25527998644614], [120.80660721826254, 15.25527998644614], [120.80660721826254, 15.254202008105196], [120.80876317494446, 15.254202008105196]], [[120.81630902333106, 15.254202008105196], [120.81630902333106, 15.25527998644614], [120.8152310449901, 15.25527998644614], [120.8152310449901, 15.254202008105196], [120.81630902333106, 15.254202008105196]], [[120.80445126158068, 15.25204605142332], [120.80445126158068, 15.253124029764251], [120.80337328323972, 15.253124029764251], [120.80337328323972, 15.25204605142332], [120.80445126158068, 15.25204605142332]], [[120.80552923992164, 15.250968073082376], [120.80552923992164, 15.25204605142332], [120.80445126158068, 15.25204605142332], [120.80445126158068, 15.250968073082376], [120.80552923992164, 15.250968073082376]], [[120.8076851966035, 15.250968073082376], [120.8076851966035, 15.25204605142332], [120.80660721826254, 15.25204605142332], [120.80660721826254, 15.250968073082376], [120.8076851966035, 15.250968073082376]], [[120.80660721826254, 15.249890094741431], [120.80660721826254, 15.250968073082376], [120.80552923992164, 15.250968073082376], [120.80552923992164, 15.249890094741431], [120.80660721826254, 15.249890094741431]], [[120.80660721826254, 15.245578181377653], [120.80660721826254, 15.246656159718597], [120.80552923992164, 15.246656159718597], [120.80552923992164, 15.245578181377653], [120.80660721826254, 15.245578181377653]], [[120.79474945651216, 15.244500203036708], [120.79474945651216, 15.245578181377653], [120.79367147817126, 15.245578181377653], [120.79367147817126, 15.244500203036708], [120.79474945651216, 15.244500203036708]], [[120.79474945651216, 15.242344246354818], [120.79474945651216, 15.243422224695763], [120.79367147817126, 15.243422224695763], [120.79367147817126, 15.242344246354818], [120.79474945651216, 15.242344246354818]], [[120.80876317494446, 15.238032332991054], [120.80876317494446, 15.240188289672943], [120.81091913162632, 15.240188289672943], [120.81091913162632, 15.243422224695763], [120.80660721826254, 15.244500203036708], [120.80660721826254, 15.243422224695763], [120.8076851966035, 15.243422224695763], [120.8076851966035, 15.239110311331999], [120.80660721826254, 15.239110311331999], [120.80660721826254, 15.238032332991054], [120.80876317494446, 15.238032332991054]], [[120.79367147817126, 15.23695435465011], [120.79474945651216, 15.241266268013874], [120.7925934998303, 15.242344246354818], [120.7925934998303, 15.245578181377653], [120.79043754314839, 15.245578181377653], [120.78828158646652, 15.242344246354818], [120.78612562978466, 15.242344246354818], [120.78612562978466, 15.245578181377653], [120.78396967310275, 15.245578181377653], [120.7850476514437, 15.241266268013874], [120.78935956480748, 15.241266268013874], [120.78935956480748, 15.242344246354818], [120.79151552148934, 15.242344246354818], [120.79151552148934, 15.240188289672943], [120.78935956480748, 15.240188289672943], [120.78935956480748, 15.238032332991054], [120.79043754314839, 15.238032332991054], [120.79043754314839, 15.23695435465011], [120.79367147817126, 15.23695435465011]], [[120.79690541319408, 15.23264244128633], [120.79690541319408, 15.23479839796822], [120.79474945651216, 15.23479839796822], [120.79474945651216, 15.23264244128633], [120.79690541319408, 15.23264244128633]]]}, "properties": {"date": "2024-07-30", "event": "carina_2024"}}, {"type": "Feature", "geometry": {"geodesic": false, "type": "Polygon", "coordinates": [[[120.85942815696879, 15.146404174010854], [120.86158411365071, 15.146404174010854], [120.86158411365071, 15.149638109033688], [120.86266209199161, 15.149638109033688], [120.86266209199161, 15.150716087374633], [120.86481804867353, 15.150716087374633], [120.86481804867353, 15.151794065715578], [120.86697400535539, 15.150716087374633], [120.86697400535539, 15.151794065715578], [120.8691299620373, 15.152872044056522], [120.87020794037821, 15.150716087374633], [120.87128591871917, 15.150716087374633], [120.87128591871917, 15.153950022397467], [120.8691299620373, 15.155028000738412], [120.8691299620373, 15.160417892443121], [120.87236389706013, 15.160417892443121], [120.87236389706013, 15.161495870784066], [120.87344187540108, 15.161495870784066], [120.87344187540108, 15.160417892443121], [120.8777537887648, 15.160417892443121], [120.87990974544672, 15.157183957420287], [120.88098772378768, 15.157183957420287], [120.87883176710577, 15.153950022397467], [120.88529963715146, 15.153950022397467], [120.8842216588105, 15.158261935761232], [120.87990974544672, 15.158261935761232], [120.87990974544672, 15.159339914102176], [120.88206570212859, 15.159339914102176], [120.88206570212859, 15.160417892443121], [120.88529963715146, 15.160417892443121], [120.88637761549236, 15.1647298058069], [120.8842216588105, 15.1647298058069], [120.8842216588105, 15.165807784147844], [120.88206570212859, 15.16688576248879], [120.88206570212859, 15.169041719170664], [120.88098772378768, 15.169041719170664], [120.88206570212859, 15.171197675852554], [120.87990974544672, 15.170119697511609], [120.87883176710577, 15.172275654193498], [120.87990974544672, 15.172275654193498], [120.87990974544672, 15.173353632534443], [120.88314368046954, 15.173353632534443], [120.8842216588105, 15.175509589216333], [120.88961155051518, 15.175509589216333], [120.89068952885614, 15.177665545898222], [120.88745559383332, 15.177665545898222], [120.88745559383332, 15.176587567557277], [120.88637761549236, 15.176587567557277], [120.88637761549236, 15.179821502580111], [120.88745559383332, 15.179821502580111], [120.88745559383332, 15.180899480921042], [120.88961155051518, 15.180899480921042], [120.88961155051518, 15.178743524239167], [120.89068952885614, 15.178743524239167], [120.8917675071971, 15.180899480921042], [120.89392346387896, 15.180899480921042], [120.89500144221992, 15.175509589216333], [120.89715739890184, 15.175509589216333], [120.89715739890184, 15.176587567557277], [120.8993133555837, 15.176587567557277], [120.8993133555837, 15.177665545898222], [120.90254729060652, 15.177665545898222], [120.90254729060652, 15.178743524239167], [120.90470324728844, 15.178743524239167], [120.90470324728844, 15.177665545898222], [120.90578122562934, 15.177665545898222], [120.90578122562934, 15.179821502580111], [120.90039133392466, 15.179821502580111], [120.90039133392466, 15.183055437602931], [120.89823537724274, 15.183055437602931], [120.8993133555837, 15.180899480921042], [120.89823537724274, 15.180899480921042], [120.89823537724274, 15.179821502580111], [120.89607942056088, 15.179821502580111], [120.89607942056088, 15.180899480921042], [120.89392346387896, 15.180899480921042], [120.89392346387896, 15.183055437602931], [120.89068952885614, 15.183055437602931], [120.88961155051518, 15.18521139428482], [120.88745559383332, 15.18521139428482], [120.88637761549236, 15.180899480921042], [120.88529963715146, 15.180899480921042], [120.88529963715146, 15.179821502580111], [120.88098772378768, 15.179821502580111], [120.88098772378768, 15.177665545898222], [120.87990974544672, 15.177665545898222], [120.87990974544672, 15.176587567557277], [120.8777537887648, 15.176587567557277], [120.8777537887648, 15.178743524239167], [120.87344187540108, 15.178743524239167], [120.87344187540108, 15.176587567557277], [120.87128591871917, 15.175509589216333], [120.87128591871917, 15.174431610875388], [120.86805198369635, 15.174431610875388], [120.86589602701443, 15.171197675852554], [120.87020794037821, 15.171197675852554], [120.87020794037821, 15.167963740829734], [120.8691299620373, 15.167963740829734], [120.8691299620373, 15.16688576248879], [120.86481804867353, 15.16688576248879], [120.86374007033257, 15.1647298058069], [120.86158411365071, 15.165807784147844], [120.86158411365071, 15.16688576248879], [120.86374007033257, 15.167963740829734], [120.86374007033257, 15.170119697511609], [120.86158411365071, 15.170119697511609], [120.85942815696879, 15.16688576248879], [120.85835017862783, 15.16688576248879], [120.85835017862783, 15.1647298058069], [120.85511624360501, 15.1647298058069], [120.85511624360501, 15.165807784147844], [120.85403826526405, 15.165807784147844], [120.85403826526405, 15.16688576248879], [120.85511624360501, 15.16688576248879], [120.85511624360501, 15.173353632534443], [120.85188230858219, 15.173353632534443], [120.85188230858219, 15.174431610875388], [120.84972635190033, 15.174431610875388], [120.84972635190033, 15.171197675852554], [120.85188230858219, 15.170119697511609], [120.85188230858219, 15.169041719170664], [120.85080433024123, 15.169041719170664], [120.85080433024123, 15.16688576248879], [120.84972635190033, 15.16688576248879], [120.84972635190033, 15.161495870784066], [120.85188230858219, 15.161495870784066], [120.85188230858219, 15.163651827465955], [120.85403826526405, 15.163651827465955], [120.85403826526405, 15.1647298058069], [120.85511624360501, 15.1647298058069], [120.85511624360501, 15.159339914102176], [120.85296028692315, 15.158261935761232], [120.85296028692315, 15.160417892443121], [120.85080433024123, 15.160417892443121], [120.85080433024123, 15.158261935761232], [120.85296028692315, 15.158261935761232], [120.85296028692315, 15.153950022397467], [120.85511624360501, 15.152872044056522], [120.85511624360501, 15.150716087374633], [120.85619422194597, 15.150716087374633], [120.85619422194597, 15.149638109033688], [120.85942815696879, 15.149638109033688], [120.85942815696879, 15.146404174010854]], [[120.87020794037821, 15.165807784147844], [120.87020794037821, 15.16688576248879], [120.8691299620373, 15.16688576248879], [120.8691299620373, 15.165807784147844], [120.87020794037821, 15.165807784147844]], [[120.87128591871917, 15.1647298058069], [120.87128591871917, 15.165807784147844], [120.87020794037821, 15.165807784147844], [120.87020794037821, 15.1647298058069], [120.87128591871917, 15.1647298058069]], [[120.86481804867353, 15.163651827465955], [120.86481804867353, 15.1647298058069], [120.86374007033257, 15.1647298058069], [120.86374007033257, 15.163651827465955], [120.86481804867353, 15.163651827465955]], [[120.86697400535539, 15.163651827465955], [120.86697400535539, 15.1647298058069], [120.86589602701443, 15.1647298058069], [120.86589602701443, 15.163651827465955], [120.86697400535539, 15.163651827465955]], [[120.87020794037821, 15.163651827465955], [120.87020794037821, 15.1647298058069], [120.8691299620373, 15.1647298058069], [120.8691299620373, 15.163651827465955], [120.87020794037821, 15.163651827465955]], [[120.8777537887648, 15.163651827465955], [120.8777537887648, 15.1647298058069], [120.87990974544672, 15.165807784147844], [120.87990974544672, 15.167963740829734], [120.88098772378768, 15.167963740829734], [120.87883176710577, 15.171197675852554], [120.8766758104239, 15.170119697511609], [120.8766758104239, 15.169041719170664], [120.8777537887648, 15.169041719170664], [120.8777537887648, 15.16688576248879], [120.8766758104239, 15.16688576248879], [120.8766758104239, 15.163651827465955], [120.8777537887648, 15.163651827465955]], [[120.86589602701443, 15.16257384912501], [120.86589602701443, 15.163651827465955], [120.86481804867353, 15.163651827465955], [120.86481804867353, 15.16257384912501], [120.86589602701443, 15.16257384912501]], [[120.87020794037821, 15.161495870784066], [120.87020794037821, 15.16257384912501], [120.8691299620373, 15.16257384912501], [120.8691299620373, 15.161495870784066], [120.87020794037821, 15.161495870784066]], [[120.86050613530975, 15.159339914102176], [120.86050613530975, 15.160417892443121], [120.85942815696879, 15.160417892443121], [120.85942815696879, 15.159339914102176], [120.86050613530975, 15.159339914102176]], [[120.86589602701443, 15.157183957420287], [120.86589602701443, 15.159339914102176], [120.86481804867353, 15.159339914102176], [120.86481804867353, 15.157183957420287], [120.86589602701443, 15.157183957420287]], [[120.85727220028693, 15.156105979079342], [120.85835017862783, 15.158261935761232], [120.85511624360501, 15.158261935761232], [120.85619422194597, 15.156105979079342], [120.85727220028693, 15.156105979079342]], [[120.86481804867353, 15.155028000738412], [120.86481804867353, 15.157183957420287], [120.86266209199161, 15.157183957420287], [120.86266209199161, 15.155028000738412], [120.86481804867353, 15.155028000738412]]]}, "properties": {"date": "2024-07-30", "event": "carina_2024"}}, {"type": "Feature", "geometry": {"geodesic": false, "type": "Polygon", "coordinates": [[[120.78828158646652, 14.993331249596892], [120.79151552148934, 14.995487206278781], [120.79151552148934, 14.996565184619726], [120.79043754314839, 14.996565184619726], [120.79043754314839, 14.998721141301615], [120.7925934998303, 14.998721141301615], [120.7925934998303, 15.00087709798349], [120.79582743485312, 15.00087709798349], [120.79582743485312, 14.999799119642546], [120.79798339153504, 14.999799119642546], [120.79798339153504, 15.001955076324435], [120.79582743485312, 15.001955076324435], [120.79582743485312, 15.00303305466538], [120.79151552148934, 15.00303305466538], [120.79151552148934, 15.004111033006325], [120.79043754314839, 15.004111033006325], [120.79043754314839, 15.00518901134727], [120.7925934998303, 15.006266989688214], [120.7925934998303, 15.008422946370104], [120.79043754314839, 15.008422946370104], [120.79043754314839, 15.006266989688214], [120.78720360812557, 15.006266989688214], [120.78720360812557, 15.007344968029159], [120.78828158646652, 15.007344968029159], [120.78828158646652, 15.010578903051993], [120.78935956480748, 15.010578903051993], [120.78935956480748, 15.012734859733868], [120.79043754314839, 15.012734859733868], [120.79043754314839, 15.014890816415758], [120.7925934998303, 15.014890816415758], [120.7925934998303, 15.012734859733868], [120.79582743485312, 15.012734859733868], [120.79582743485312, 15.014890816415758], [120.8001393482169, 15.015968794756702], [120.8001393482169, 15.012734859733868], [120.79906136987594, 15.012734859733868], [120.79906136987594, 15.011656881392923], [120.79690541319408, 15.011656881392923], [120.79690541319408, 15.009500924711048], [120.79798339153504, 15.009500924711048], [120.79798339153504, 15.008422946370104], [120.79367147817126, 15.008422946370104], [120.79367147817126, 15.006266989688214], [120.79582743485312, 15.006266989688214], [120.79474945651216, 15.004111033006325], [120.79798339153504, 15.004111033006325], [120.79798339153504, 15.00303305466538], [120.79906136987594, 15.00303305466538], [120.79906136987594, 14.998721141301615], [120.8001393482169, 14.998721141301615], [120.8001393482169, 15.00303305466538], [120.79906136987594, 15.00303305466538], [120.79906136987594, 15.004111033006325], [120.80121732655786, 15.004111033006325], [120.80121732655786, 15.00518901134727], [120.8001393482169, 15.00518901134727], [120.8001393482169, 15.008422946370104], [120.80229530489876, 15.009500924711048], [120.80229530489876, 15.007344968029159], [120.80445126158068, 15.007344968029159], [120.80445126158068, 15.010578903051993], [120.80229530489876, 15.011656881392923], [120.80337328323972, 15.015968794756702], [120.80445126158068, 15.015968794756702], [120.80445126158068, 15.013812838074813], [120.8076851966035, 15.013812838074813], [120.80660721826254, 15.019202729779536], [120.80121732655786, 15.019202729779536], [120.80121732655786, 15.02243666480237], [120.80229530489876, 15.02243666480237], [120.80229530489876, 15.0235146431433], [120.79906136987594, 15.0235146431433], [120.79906136987594, 15.028904534848024], [120.79798339153504, 15.028904534848024], [120.79690541319408, 15.031060491529914], [120.79582743485312, 15.031060491529914], [120.79690541319408, 15.028904534848024], [120.79582743485312, 15.028904534848024], [120.79582743485312, 15.02782655650708], [120.79474945651216, 15.02782655650708], [120.79367147817126, 15.029982513188969], [120.79151552148934, 15.029982513188969], [120.7925934998303, 15.024592621484246], [120.78828158646652, 15.024592621484246], [120.78828158646652, 15.02567059982519], [120.78720360812557, 15.02567059982519], [120.78720360812557, 15.02782655650708], [120.78289169476179, 15.028904534848024], [120.78289169476179, 15.0235146431433], [120.78396967310275, 15.0235146431433], [120.78396967310275, 15.02243666480237], [120.78612562978466, 15.02243666480237], [120.78612562978466, 15.019202729779536], [120.7850476514437, 15.019202729779536], [120.7850476514437, 15.013812838074813], [120.78289169476179, 15.012734859733868], [120.78289169476179, 15.008422946370104], [120.7850476514437, 15.008422946370104], [120.7850476514437, 15.007344968029159], [120.78073573807993, 15.007344968029159], [120.78073573807993, 15.00518901134727], [120.78289169476179, 15.00518901134727], [120.78289169476179, 15.004111033006325], [120.78720360812557, 15.004111033006325], [120.78720360812557, 15.00518901134727], [120.78828158646652, 15.00518901134727], [120.78828158646652, 15.001955076324435], [120.78612562978466, 15.001955076324435], [120.7850476514437, 14.999799119642546], [120.78396967310275, 14.999799119642546], [120.78396967310275, 14.99764316296067], [120.78828158646652, 14.99764316296067], [120.78828158646652, 14.993331249596892]], [[120.79906136987594, 15.018124751438592], [120.79906136987594, 15.020280708120481], [120.79798339153504, 15.020280708120481], [120.79798339153504, 15.018124751438592], [120.79906136987594, 15.018124751438592]], [[120.8001393482169, 15.008422946370104], [120.8001393482169, 15.009500924711048], [120.79906136987594, 15.009500924711048], [120.79906136987594, 15.008422946370104], [120.8001393482169, 15.008422946370104]]]}, "properties": {"date": "2024-07-30", "event": "carina_2024"}}, {"type": "Feature", "geometry": {"geodesic": false, "type": "Polygon", "coordinates": [[[120.83571263346803, 15.155028000738412], [120.8378685901499, 15.155028000738412], [120.8378685901499, 15.157183957420287], [120.84541443853655, 15.158261935761232], [120.84541443853655, 15.159339914102176], [120.84649241687745, 15.159339914102176], [120.84649241687745, 15.161495870784066], [120.84325848185463, 15.161495870784066], [120.84325848185463, 15.16257384912501], [120.84757039521841, 15.16257384912501], [120.84757039521841, 15.1647298058069], [120.84864837355937, 15.1647298058069], [120.84864837355937, 15.171197675852554], [120.84433646019559, 15.171197675852554], [120.84433646019559, 15.174431610875388], [120.84757039521841, 15.174431610875388], [120.84757039521841, 15.177665545898222], [120.84649241687745, 15.177665545898222], [120.84649241687745, 15.178743524239167], [120.84325848185463, 15.178743524239167], [120.84325848185463, 15.180899480921042], [120.84218050351367, 15.180899480921042], [120.84218050351367, 15.183055437602931], [120.84110252517277, 15.183055437602931], [120.84110252517277, 15.184133415943876], [120.83894656849085, 15.183055437602931], [120.83894656849085, 15.178743524239167], [120.84110252517277, 15.178743524239167], [120.84218050351367, 15.176587567557277], [120.8292447634224, 15.176587567557277], [120.8292447634224, 15.175509589216333], [120.82816678508144, 15.175509589216333], [120.82816678508144, 15.176587567557277], [120.82385487171766, 15.176587567557277], [120.82385487171766, 15.175509589216333], [120.8227768933767, 15.175509589216333], [120.8227768933767, 15.174431610875388], [120.82493285005862, 15.175509589216333], [120.82493285005862, 15.174431610875388], [120.82708880674048, 15.174431610875388], [120.82708880674048, 15.175509589216333], [120.82816678508144, 15.175509589216333], [120.82816678508144, 15.172275654193498], [120.8303227417633, 15.171197675852554], [120.8303227417633, 15.170119697511609], [120.83140072010426, 15.170119697511609], [120.83140072010426, 15.172275654193498], [120.83247869844521, 15.172275654193498], [120.83247869844521, 15.170119697511609], [120.83355667678617, 15.170119697511609], [120.83355667678617, 15.169041719170664], [120.83571263346803, 15.169041719170664], [120.83571263346803, 15.167963740829734], [120.83247869844521, 15.167963740829734], [120.83355667678617, 15.163651827465955], [120.8378685901499, 15.163651827465955], [120.836790611809, 15.161495870784066], [120.84218050351367, 15.161495870784066], [120.84110252517277, 15.159339914102176], [120.83571263346803, 15.159339914102176], [120.83571263346803, 15.161495870784066], [120.83355667678617, 15.161495870784066], [120.83355667678617, 15.159339914102176], [120.83571263346803, 15.159339914102176], [120.83571263346803, 15.155028000738412]], [[120.84110252517277, 15.172275654193498], [120.84110252517277, 15.173353632534443], [120.84218050351367, 15.173353632534443], [120.84218050351367, 15.175509589216333], [120.83894656849085, 15.173353632534443], [120.83894656849085, 15.172275654193498], [120.84110252517277, 15.172275654193498]], [[120.84433646019559, 15.1647298058069], [120.84433646019559, 15.165807784147844], [120.84541443853655, 15.165807784147844], [120.84541443853655, 15.167963740829734], [120.84325848185463, 15.167963740829734], [120.84325848185463, 15.1647298058069], [120.84433646019559, 15.1647298058069]], [[120.84002454683181, 15.163651827465955], [120.84002454683181, 15.167963740829734], [120.84110252517277, 15.167963740829734], [120.84110252517277, 15.170119697511609], [120.8378685901499, 15.170119697511609], [120.8378685901499, 15.167963740829734], [120.83894656849085, 15.167963740829734], [120.83894656849085, 15.16688576248879], [120.836790611809, 15.165807784147844], [120.836790611809, 15.1647298058069], [120.8378685901499, 15.1647298058069], [120.8378685901499, 15.163651827465955], [120.84002454683181, 15.163651827465955]]]}, "properties": {"date": "2024-07-30", "event": "carina_2024"}}, {"type": "Feature", "geometry": {"geodesic": false, "type": "Polygon", "coordinates": [[[120.8917675071971, 15.068789733462935], [120.89392346387896, 15.068789733462935], [120.89392346387896, 15.06986771180388], [120.89607942056088, 15.070945690144825], [120.89607942056088, 15.072023668485755], [120.89500144221992, 15.072023668485755], [120.89607942056088, 15.076335581849534], [120.89284548553806, 15.076335581849534], [120.89284548553806, 15.077413560190479], [120.89392346387896, 15.077413560190479], [120.89392346387896, 15.079569516872368], [120.8917675071971, 15.079569516872368], [120.8917675071971, 15.081725473554258], [120.88961155051518, 15.081725473554258], [120.88853357217428, 15.079569516872368], [120.88745559383332, 15.079569516872368], [120.88745559383332, 15.080647495213313], [120.8842216588105, 15.080647495213313], [120.8842216588105, 15.081725473554258], [120.88206570212859, 15.081725473554258], [120.88206570212859, 15.082803451895202], [120.8842216588105, 15.083881430236133], [120.8842216588105, 15.087115365258967], [120.88529963715146, 15.087115365258967], [120.88529963715146, 15.088193343599912], [120.88637761549236, 15.088193343599912], [120.88637761549236, 15.086037386918022], [120.88745559383332, 15.086037386918022], [120.88745559383332, 15.084959408577078], [120.88529963715146, 15.084959408577078], [120.88637761549236, 15.082803451895202], [120.89068952885614, 15.082803451895202], [120.89068952885614, 15.088193343599912], [120.8917675071971, 15.088193343599912], [120.8917675071971, 15.090349300281801], [120.88961155051518, 15.090349300281801], [120.88961155051518, 15.093583235304635], [120.88745559383332, 15.093583235304635], [120.88745559383332, 15.09466121364558], [120.88206570212859, 15.09466121364558], [120.88206570212859, 15.093583235304635], [120.88098772378768, 15.093583235304635], [120.88098772378768, 15.091427278622746], [120.88206570212859, 15.091427278622746], [120.88206570212859, 15.090349300281801], [120.87883176710577, 15.090349300281801], [120.87883176710577, 15.091427278622746], [120.8766758104239, 15.091427278622746], [120.8766758104239, 15.090349300281801], [120.87559783208295, 15.090349300281801], [120.8766758104239, 15.088193343599912], [120.87990974544672, 15.088193343599912], [120.87883176710577, 15.079569516872368], [120.87990974544672, 15.079569516872368], [120.87990974544672, 15.078491538531424], [120.87883176710577, 15.078491538531424], [120.87883176710577, 15.076335581849534], [120.88098772378768, 15.076335581849534], [120.88098772378768, 15.077413560190479], [120.88314368046954, 15.077413560190479], [120.88314368046954, 15.078491538531424], [120.88529963715146, 15.078491538531424], [120.88529963715146, 15.076335581849534], [120.89068952885614, 15.076335581849534], [120.89068952885614, 15.07525760350859], [120.8842216588105, 15.07525760350859], [120.8842216588105, 15.074179625167645], [120.88206570212859, 15.074179625167645], [120.88206570212859, 15.0731016468267], [120.8842216588105, 15.072023668485755], [120.8842216588105, 15.06986771180388], [120.88637761549236, 15.06986771180388], [120.88637761549236, 15.070945690144825], [120.89068952885614, 15.070945690144825], [120.8917675071971, 15.068789733462935]], [[120.8777537887648, 15.089271321940856], [120.8777537887648, 15.090349300281801], [120.8766758104239, 15.090349300281801], [120.8766758104239, 15.089271321940856], [120.8777537887648, 15.089271321940856]], [[120.89284548553806, 15.07525760350859], [120.89284548553806, 15.076335581849534], [120.8917675071971, 15.076335581849534], [120.8917675071971, 15.07525760350859], [120.89284548553806, 15.07525760350859]]]}, "properties": {"date": "2024-07-30", "event": "carina_2024"}}, {"type": "Feature", "geometry": {"geodesic": false, "type": "Polygon", "coordinates": [[[120.76241010628391, 15.27791753160595], [120.76456606296577, 15.27791753160595], [120.76564404130673, 15.28222944496973], [120.76456606296577, 15.28222944496973], [120.76456606296577, 15.284385401651619], [120.76133212794295, 15.284385401651619], [120.76133212794295, 15.286541358333508], [120.76456606296577, 15.286541358333508], [120.76456606296577, 15.285463379992564], [120.76672201964763, 15.285463379992564], [120.76672201964763, 15.283307423310674], [120.76779999798859, 15.283307423310674], [120.76779999798859, 15.28222944496973], [120.77426786803429, 15.283307423310674], [120.77642382471615, 15.286541358333508], [120.77318988969333, 15.284385401651619], [120.77211191135237, 15.286541358333508], [120.76995595467051, 15.286541358333508], [120.76995595467051, 15.289775293356328], [120.76887797632955, 15.289775293356328], [120.76887797632955, 15.288697315015384], [120.76348808462481, 15.288697315015384], [120.76348808462481, 15.293009228379162], [120.76025414960199, 15.293009228379162], [120.76025414960199, 15.295165185061052], [120.75917617126103, 15.295165185061052], [120.75917617126103, 15.296243163401996], [120.75702021457917, 15.296243163401996], [120.75702021457917, 15.297321141742941], [120.75378627955635, 15.297321141742941], [120.75270830121539, 15.293009228379162], [120.75055234453353, 15.291931250038218], [120.75055234453353, 15.288697315015384], [120.75270830121539, 15.289775293356328], [120.75486425789725, 15.286541358333508], [120.75378627955635, 15.286541358333508], [120.75378627955635, 15.285463379992564], [120.75163032287443, 15.285463379992564], [120.75163032287443, 15.284385401651619], [120.74731840951065, 15.284385401651619], [120.74731840951065, 15.281151466628785], [120.74947436619257, 15.281151466628785], [120.74947436619257, 15.28222944496973], [120.75594223623821, 15.28222944496973], [120.75702021457917, 15.28007348828784], [120.76025414960199, 15.28007348828784], [120.76025414960199, 15.278995509946895], [120.76241010628391, 15.278995509946895], [120.76241010628391, 15.27791753160595]], [[120.75917617126103, 15.290853271697273], [120.76025414960199, 15.293009228379162], [120.75809819292013, 15.293009228379162], [120.75809819292013, 15.290853271697273], [120.75917617126103, 15.290853271697273]]]}, "properties": {"date": "2024-07-30", "event": "carina_2024"}}, {"type": "Feature", "geometry": {"geodesic": false, "type": "Polygon", "coordinates": [[[120.87128591871917, 15.178743524239167], [120.87236389706013, 15.178743524239167], [120.87236389706013, 15.179821502580111], [120.8766758104239, 15.179821502580111], [120.8766758104239, 15.181977459261986], [120.87344187540108, 15.181977459261986], [120.87344187540108, 15.183055437602931], [120.87990974544672, 15.183055437602931], [120.87883176710577, 15.180899480921042], [120.87990974544672, 15.180899480921042], [120.87990974544672, 15.181977459261986], [120.88314368046954, 15.181977459261986], [120.88314368046954, 15.183055437602931], [120.88637761549236, 15.18521139428482], [120.88637761549236, 15.18736735096671], [120.88314368046954, 15.18736735096671], [120.88314368046954, 15.1895233076486], [120.88529963715146, 15.1895233076486], [120.88529963715146, 15.191679264330489], [120.88098772378768, 15.191679264330489], [120.88098772378768, 15.19275724267142], [120.87990974544672, 15.19275724267142], [120.88098772378768, 15.194913199353309], [120.8766758104239, 15.194913199353309], [120.8777537887648, 15.199225112717087], [120.87559783208295, 15.199225112717087], [120.87559783208295, 15.201381069398977], [120.87883176710577, 15.201381069398977], [120.87883176710577, 15.199225112717087], [120.88098772378768, 15.199225112717087], [120.87990974544672, 15.197069156035198], [120.88098772378768, 15.197069156035198], [120.88098772378768, 15.195991177694253], [120.8842216588105, 15.198147134376143], [120.88314368046954, 15.200303091058032], [120.88098772378768, 15.199225112717087], [120.88098772378768, 15.203537026080866], [120.87990974544672, 15.203537026080866], [120.87990974544672, 15.205692982762741], [120.8766758104239, 15.205692982762741], [120.8766758104239, 15.206770961103686], [120.87451985374199, 15.205692982762741], [120.87559783208295, 15.203537026080866], [120.87451985374199, 15.203537026080866], [120.87451985374199, 15.198147134376143], [120.87344187540108, 15.198147134376143], [120.87344187540108, 15.199225112717087], [120.87128591871917, 15.199225112717087], [120.87128591871917, 15.195991177694253], [120.87344187540108, 15.195991177694253], [120.87344187540108, 15.194913199353309], [120.87128591871917, 15.194913199353309], [120.87128591871917, 15.193835221012364], [120.87020794037821, 15.193835221012364], [120.87020794037821, 15.194913199353309], [120.86805198369635, 15.195991177694253], [120.86805198369635, 15.198147134376143], [120.86374007033257, 15.198147134376143], [120.86374007033257, 15.194913199353309], [120.86481804867353, 15.194913199353309], [120.86481804867353, 15.193835221012364], [120.86697400535539, 15.194913199353309], [120.8691299620373, 15.191679264330489], [120.87128591871917, 15.19275724267142], [120.87236389706013, 15.190601285989544], [120.87559783208295, 15.190601285989544], [120.87559783208295, 15.191679264330489], [120.8766758104239, 15.191679264330489], [120.8766758104239, 15.190601285989544], [120.87990974544672, 15.190601285989544], [120.87990974544672, 15.1895233076486], [120.88098772378768, 15.1895233076486], [120.88098772378768, 15.18736735096671], [120.87990974544672, 15.18736735096671], [120.87990974544672, 15.188445329307655], [120.8777537887648, 15.188445329307655], [120.8777537887648, 15.186289372625765], [120.8766758104239, 15.186289372625765], [120.8766758104239, 15.18521139428482], [120.87451985374199, 15.18521139428482], [120.87451985374199, 15.186289372625765], [120.87344187540108, 15.186289372625765], [120.87344187540108, 15.183055437602931], [120.87236389706013, 15.183055437602931], [120.87236389706013, 15.186289372625765], [120.87020794037821, 15.186289372625765], [120.87020794037821, 15.184133415943876], [120.87236389706013, 15.183055437602931], [120.87128591871917, 15.180899480921042], [120.87236389706013, 15.180899480921042], [120.87236389706013, 15.179821502580111], [120.87128591871917, 15.179821502580111], [120.87128591871917, 15.178743524239167]], [[120.88314368046954, 15.198147134376143], [120.88314368046954, 15.199225112717087], [120.88206570212859, 15.199225112717087], [120.88206570212859, 15.198147134376143], [120.88314368046954, 15.198147134376143]], [[120.88206570212859, 15.197069156035198], [120.88206570212859, 15.198147134376143], [120.88098772378768, 15.198147134376143], [120.88098772378768, 15.197069156035198], [120.88206570212859, 15.197069156035198]], [[120.87451985374199, 15.195991177694253], [120.87451985374199, 15.197069156035198], [120.87344187540108, 15.197069156035198], [120.87344187540108, 15.195991177694253], [120.87451985374199, 15.195991177694253]], [[120.87559783208295, 15.194913199353309], [120.87559783208295, 15.195991177694253], [120.87451985374199, 15.195991177694253], [120.87451985374199, 15.194913199353309], [120.87559783208295, 15.194913199353309]], [[120.8766758104239, 15.193835221012364], [120.8766758104239, 15.194913199353309], [120.87559783208295, 15.194913199353309], [120.87559783208295, 15.193835221012364], [120.8766758104239, 15.193835221012364]], [[120.87344187540108, 15.180899480921042], [120.87344187540108, 15.181977459261986], [120.87236389706013, 15.181977459261986], [120.87236389706013, 15.180899480921042], [120.87344187540108, 15.180899480921042]]]}, "properties": {"date": "2024-07-30", "event": "carina_2024"}}, {"type": "Feature", "geometry": {"geodesic": false, "type": "Polygon", "coordinates": [[[120.8227768933767, 15.18521139428482], [120.82601082839952, 15.18521139428482], [120.82493285005862, 15.190601285989544], [120.82708880674048, 15.190601285989544], [120.82708880674048, 15.191679264330489], [120.8303227417633, 15.191679264330489], [120.8303227417633, 15.193835221012364], [120.82385487171766, 15.193835221012364], [120.82385487171766, 15.195991177694253], [120.81846498001292, 15.195991177694253], [120.81846498001292, 15.19275724267142], [120.81199710996728, 15.191679264330489], [120.81199710996728, 15.190601285989544], [120.81091913162632, 15.190601285989544], [120.80984115328542, 15.19275724267142], [120.8076851966035, 15.19275724267142], [120.8076851966035, 15.191679264330489], [120.80552923992164, 15.191679264330489], [120.80552923992164, 15.188445329307655], [120.80445126158068, 15.188445329307655], [120.80445126158068, 15.186289372625765], [120.80984115328542, 15.186289372625765], [120.80984115328542, 15.188445329307655], [120.81091913162632, 15.188445329307655], [120.81091913162632, 15.18736735096671], [120.81954295835388, 15.18736735096671], [120.81954295835388, 15.186289372625765], [120.8227768933767, 15.186289372625765], [120.8227768933767, 15.18521139428482]]]}, "properties": {"date": "2024-07-30", "event": "carina_2024"}}, {"type": "Feature", "geometry": {"geodesic": false, "type": "Polygon", "coordinates": [[[120.86158411365071, 14.986863379551238], [120.86266209199161, 14.986863379551238], [120.86266209199161, 14.987941357892169], [120.86158411365071, 14.987941357892169], [120.86266209199161, 14.990097314574058], [120.86050613530975, 14.991175292915003], [120.86050613530975, 14.993331249596892], [120.85835017862783, 14.993331249596892], [120.85835017862783, 14.994409227937837], [120.86050613530975, 14.994409227937837], [120.86050613530975, 14.996565184619726], [120.85835017862783, 14.995487206278781], [120.85835017862783, 14.996565184619726], [120.85727220028693, 14.996565184619726], [120.85727220028693, 14.998721141301615], [120.85511624360501, 14.998721141301615], [120.85403826526405, 15.00087709798349], [120.86050613530975, 15.00087709798349], [120.86050613530975, 15.00303305466538], [120.86481804867353, 15.00303305466538], [120.86481804867353, 15.00518901134727], [120.86158411365071, 15.00518901134727], [120.86158411365071, 15.006266989688214], [120.85835017862783, 15.006266989688214], [120.85835017862783, 15.007344968029159], [120.85619422194597, 15.007344968029159], [120.85619422194597, 15.006266989688214], [120.85511624360501, 15.006266989688214], [120.85511624360501, 15.007344968029159], [120.85296028692315, 15.008422946370104], [120.85296028692315, 15.007344968029159], [120.85403826526405, 15.007344968029159], [120.85403826526405, 15.00518901134727], [120.85296028692315, 15.00518901134727], [120.85296028692315, 15.004111033006325], [120.85403826526405, 15.004111033006325], [120.85403826526405, 15.00303305466538], [120.85296028692315, 15.00303305466538], [120.85296028692315, 15.001955076324435], [120.85403826526405, 15.001955076324435], [120.85403826526405, 15.00087709798349], [120.85188230858219, 14.999799119642546], [120.85188230858219, 14.998721141301615], [120.85080433024123, 14.998721141301615], [120.85080433024123, 15.00303305466538], [120.84325848185463, 15.00303305466538], [120.84433646019559, 14.99764316296067], [120.84649241687745, 14.998721141301615], [120.84649241687745, 15.001955076324435], [120.84864837355937, 15.00087709798349], [120.84864837355937, 14.993331249596892], [120.85188230858219, 14.993331249596892], [120.85188230858219, 14.996565184619726], [120.85296028692315, 14.996565184619726], [120.85296028692315, 14.995487206278781], [120.85511624360501, 14.995487206278781], [120.85511624360501, 14.992253271255947], [120.85835017862783, 14.992253271255947], [120.85942815696879, 14.990097314574058], [120.86050613530975, 14.990097314574058], [120.86050613530975, 14.987941357892169], [120.86158411365071, 14.987941357892169], [120.86158411365071, 14.986863379551238]], [[120.85296028692315, 14.99764316296067], [120.85296028692315, 14.998721141301615], [120.85188230858219, 14.998721141301615], [120.85188230858219, 14.99764316296067], [120.85296028692315, 14.99764316296067]], [[120.85188230858219, 14.996565184619726], [120.85188230858219, 14.99764316296067], [120.85080433024123, 14.99764316296067], [120.85080433024123, 14.996565184619726], [120.85188230858219, 14.996565184619726]]]}, "properties": {"date": "2024-07-30", "event": "carina_2024"}}, {"type": "Feature", "geometry": {"geodesic": false, "type": "Polygon", "coordinates": [[[120.75486425789725, 14.876909588775007], [120.75594223623821, 14.876909588775007], [120.75594223623821, 14.879065545456882], [120.75378627955635, 14.879065545456882], [120.75378627955635, 14.881221502138771], [120.75486425789725, 14.881221502138771], [120.75594223623821, 14.88337745882066], [120.75809819292013, 14.88337745882066], [120.75809819292013, 14.884455437161606], [120.75702021457917, 14.884455437161606], [120.75702021457917, 14.88553341550255], [120.75809819292013, 14.88553341550255], [120.75702021457917, 14.88768937218444], [120.75809819292013, 14.88768937218444], [120.75809819292013, 14.888767350525384], [120.76133212794295, 14.89092330720726], [120.76025414960199, 14.893079263889149], [120.75917617126103, 14.893079263889149], [120.75917617126103, 14.892001285548204], [120.75809819292013, 14.892001285548204], [120.75809819292013, 14.893079263889149], [120.75702021457917, 14.893079263889149], [120.75702021457917, 14.892001285548204], [120.75270830121539, 14.892001285548204], [120.75270830121539, 14.893079263889149], [120.75055234453353, 14.893079263889149], [120.74947436619257, 14.89092330720726], [120.74839638785161, 14.89092330720726], [120.74839638785161, 14.888767350525384], [120.74731840951065, 14.888767350525384], [120.74731840951065, 14.88768937218444], [120.74947436619257, 14.88768937218444], [120.74947436619257, 14.889845328866329], [120.75055234453353, 14.889845328866329], [120.75055234453353, 14.89092330720726], [120.75270830121539, 14.889845328866329], [120.75270830121539, 14.88553341550255], [120.75055234453353, 14.884455437161606], [120.75055234453353, 14.881221502138771], [120.74947436619257, 14.881221502138771], [120.74947436619257, 14.88337745882066], [120.74839638785161, 14.88337745882066], [120.74839638785161, 14.881221502138771], [120.75055234453353, 14.880143523797827], [120.75055234453353, 14.877987567115952], [120.75270830121539, 14.877987567115952], [120.75270830121539, 14.876909588775007], [120.75378627955635, 14.876909588775007], [120.75378627955635, 14.877987567115952], [120.75486425789725, 14.877987567115952], [120.75486425789725, 14.876909588775007]], [[120.75809819292013, 14.89092330720726], [120.75809819292013, 14.892001285548204], [120.75702021457917, 14.892001285548204], [120.75702021457917, 14.89092330720726], [120.75809819292013, 14.89092330720726]], [[120.76025414960199, 14.89092330720726], [120.76025414960199, 14.892001285548204], [120.75917617126103, 14.892001285548204], [120.75917617126103, 14.89092330720726], [120.76025414960199, 14.89092330720726]], [[120.75702021457917, 14.889845328866329], [120.75702021457917, 14.89092330720726], [120.75594223623821, 14.89092330720726], [120.75594223623821, 14.889845328866329], [120.75702021457917, 14.889845328866329]], [[120.75917617126103, 14.889845328866329], [120.75917617126103, 14.89092330720726], [120.75809819292013, 14.89092330720726], [120.75809819292013, 14.889845328866329], [120.75917617126103, 14.889845328866329]], [[120.75809819292013, 14.888767350525384], [120.75809819292013, 14.889845328866329], [120.75702021457917, 14.889845328866329], [120.75702021457917, 14.888767350525384], [120.75809819292013, 14.888767350525384]], [[120.75702021457917, 14.88768937218444], [120.75702021457917, 14.888767350525384], [120.75594223623821, 14.888767350525384], [120.75594223623821, 14.88768937218444], [120.75702021457917, 14.88768937218444]], [[120.75702021457917, 14.88553341550255], [120.75702021457917, 14.886611393843495], [120.75594223623821, 14.886611393843495], [120.75594223623821, 14.88553341550255], [120.75702021457917, 14.88553341550255]], [[120.75378627955635, 14.877987567115952], [120.75378627955635, 14.879065545456882], [120.75270830121539, 14.879065545456882], [120.75270830121539, 14.877987567115952], [120.75378627955635, 14.877987567115952]]]}, "properties": {"date": "2024-07-30", "event": "carina_2024"}}, {"type": "Feature", "geometry": {"geodesic": false, "type": "Polygon", "coordinates": [[[120.78828158646652, 15.268215726537463], [120.79043754314839, 15.268215726537463], [120.79043754314839, 15.269293704878407], [120.79367147817126, 15.269293704878407], [120.79367147817126, 15.270371683219352], [120.79582743485312, 15.270371683219352], [120.79582743485312, 15.271449661560297], [120.79798339153504, 15.272527639901242], [120.79906136987594, 15.276839553265006], [120.79690541319408, 15.27791753160595], [120.79690541319408, 15.28007348828784], [120.79151552148934, 15.28007348828784], [120.79367147817126, 15.276839553265006], [120.78935956480748, 15.276839553265006], [120.78935956480748, 15.275761574924076], [120.78720360812557, 15.275761574924076], [120.78720360812557, 15.273605618242186], [120.78828158646652, 15.273605618242186], [120.78828158646652, 15.268215726537463]]]}, "properties": {"date": "2024-07-30", "event": "carina_2024"}}, {"type": "Feature", "geometry": {"geodesic": false, "type": "Polygon", "coordinates": [[[120.7850476514437, 14.95344605098198], [120.78720360812557, 14.95344605098198], [120.78720360812557, 14.956679986004815], [120.79151552148934, 14.95560200766387], [120.79151552148934, 14.958835942686704], [120.7925934998303, 14.958835942686704], [120.7925934998303, 14.95775796434576], [120.79474945651216, 14.958835942686704], [120.79474945651216, 14.95775796434576], [120.79582743485312, 14.95775796434576], [120.79690541319408, 14.959913921027649], [120.79474945651216, 14.960991899368594], [120.79474945651216, 14.963147856050483], [120.79043754314839, 14.964225834391414], [120.79043754314839, 14.963147856050483], [120.78935956480748, 14.963147856050483], [120.78935956480748, 14.960991899368594], [120.79043754314839, 14.960991899368594], [120.79043754314839, 14.959913921027649], [120.78828158646652, 14.959913921027649], [120.78828158646652, 14.962069877709538], [120.78612562978466, 14.962069877709538], [120.78612562978466, 14.960991899368594], [120.78181371642088, 14.960991899368594], [120.78181371642088, 14.959913921027649], [120.78073573807993, 14.959913921027649], [120.78073573807993, 14.95775796434576], [120.7850476514437, 14.956679986004815], [120.7850476514437, 14.95344605098198]]]}, "properties": {"date": "2024-07-30", "event": "carina_2024"}}, {"type": "Feature", "geometry": {"geodesic": false, "type": "Polygon", "coordinates": [[[120.90146931226556, 15.197069156035198], [120.90470324728844, 15.197069156035198], [120.90470324728844, 15.200303091058032], [120.90578122562934, 15.200303091058032], [120.90578122562934, 15.202459047739922], [120.9068592039703, 15.202459047739922], [120.9068592039703, 15.206770961103686], [120.90578122562934, 15.206770961103686], [120.90578122562934, 15.20784893944463], [120.90793718231126, 15.20784893944463], [120.90793718231126, 15.202459047739922], [120.91117111733408, 15.202459047739922], [120.91117111733408, 15.201381069398977], [120.91332707401594, 15.202459047739922], [120.91224909567504, 15.204615004421797], [120.91009313899312, 15.204615004421797], [120.91009313899312, 15.206770961103686], [120.91224909567504, 15.206770961103686], [120.91224909567504, 15.20784893944463], [120.91117111733408, 15.20784893944463], [120.91117111733408, 15.208926917785575], [120.90901516065222, 15.208926917785575], [120.90901516065222, 15.211082874467465], [120.90578122562934, 15.211082874467465], [120.90578122562934, 15.21216085280841], [120.90362526894748, 15.21216085280841], [120.90362526894748, 15.206770961103686], [120.90254729060652, 15.206770961103686], [120.90254729060652, 15.204615004421797], [120.90362526894748, 15.204615004421797], [120.90362526894748, 15.201381069398977], [120.90146931226556, 15.200303091058032], [120.90146931226556, 15.197069156035198]], [[120.91224909567504, 15.202459047739922], [120.91224909567504, 15.203537026080866], [120.91117111733408, 15.203537026080866], [120.91117111733408, 15.202459047739922], [120.91224909567504, 15.202459047739922]]]}, "properties": {"date": "2024-07-30", "event": "carina_2024"}}, {"type": "Feature", "geometry": {"geodesic": false, "type": "Polygon", "coordinates": [[[120.81415306664914, 15.04723016664407], [120.81846498001292, 15.04723016664407], [120.81846498001292, 15.048308144985], [120.81630902333106, 15.049386123325945], [120.81630902333106, 15.05262005834878], [120.81415306664914, 15.05262005834878], [120.81415306664914, 15.054776015030669], [120.81091913162632, 15.054776015030669], [120.81091913162632, 15.056931971712558], [120.81307508830824, 15.056931971712558], [120.81307508830824, 15.060165906735378], [120.80876317494446, 15.060165906735378], [120.8076851966035, 15.058009950053503], [120.80660721826254, 15.058009950053503], [120.80660721826254, 15.051542080007835], [120.80552923992164, 15.051542080007835], [120.80552923992164, 15.049386123325945], [120.80984115328542, 15.05046410166689], [120.80984115328542, 15.053698036689724], [120.81091913162632, 15.053698036689724], [120.81091913162632, 15.051542080007835], [120.81415306664914, 15.051542080007835], [120.81415306664914, 15.04723016664407]]]}, "properties": {"date": "2024-07-30", "event": "carina_2024"}}, {"type": "Feature", "geometry": {"geodesic": false, "type": "Polygon", "coordinates": [[[120.89823537724274, 15.152872044056522], [120.90039133392466, 15.152872044056522], [120.90039133392466, 15.155028000738412], [120.90254729060652, 15.155028000738412], [120.90470324728844, 15.158261935761232], [120.9068592039703, 15.158261935761232], [120.9068592039703, 15.156105979079342], [120.90470324728844, 15.156105979079342], [120.90470324728844, 15.153950022397467], [120.90578122562934, 15.153950022397467], [120.9068592039703, 15.156105979079342], [120.90901516065222, 15.155028000738412], [120.90901516065222, 15.156105979079342], [120.91009313899312, 15.156105979079342], [120.91009313899312, 15.158261935761232], [120.9068592039703, 15.158261935761232], [120.9068592039703, 15.159339914102176], [120.90578122562934, 15.159339914102176], [120.90578122562934, 15.161495870784066], [120.90362526894748, 15.161495870784066], [120.90362526894748, 15.16257384912501], [120.89715739890184, 15.163651827465955], [120.89715739890184, 15.161495870784066], [120.8993133555837, 15.160417892443121], [120.8993133555837, 15.155028000738412], [120.89823537724274, 15.155028000738412], [120.89823537724274, 15.152872044056522]]]}, "properties": {"date": "2024-07-30", "event": "carina_2024"}}, {"type": "Feature", "geometry": {"geodesic": false, "type": "Polygon", "coordinates": [[[120.86697400535539, 15.141014282306145], [120.87020794037821, 15.141014282306145], [120.87020794037821, 15.14209226064709], [120.87236389706013, 15.143170238988034], [120.87236389706013, 15.146404174010854], [120.87344187540108, 15.146404174010854], [120.87344187540108, 15.147482152351799], [120.87236389706013, 15.147482152351799], [120.87236389706013, 15.149638109033688], [120.86481804867353, 15.149638109033688], [120.86481804867353, 15.148560130692744], [120.86266209199161, 15.148560130692744], [120.86266209199161, 15.146404174010854], [120.86481804867353, 15.146404174010854], [120.86481804867353, 15.144248217328965], [120.86589602701443, 15.144248217328965], [120.86589602701443, 15.14209226064709], [120.86697400535539, 15.14209226064709], [120.86697400535539, 15.141014282306145]]]}, "properties": {"date": "2024-07-30", "event": "carina_2024"}}, {"type": "Feature", "geometry": {"geodesic": false, "type": "Polygon", "coordinates": [[[120.7925934998303, 15.288697315015384], [120.79582743485312, 15.288697315015384], [120.79582743485312, 15.289775293356328], [120.79690541319408, 15.289775293356328], [120.79690541319408, 15.291931250038218], [120.79367147817126, 15.291931250038218], [120.79582743485312, 15.297321141742941], [120.79474945651216, 15.297321141742941], [120.79367147817126, 15.29947709842483], [120.78935956480748, 15.29947709842483], [120.78935956480748, 15.293009228379162], [120.79151552148934, 15.291931250038218], [120.79151552148934, 15.290853271697273], [120.78612562978466, 15.290853271697273], [120.78612562978466, 15.289775293356328], [120.7925934998303, 15.289775293356328], [120.7925934998303, 15.288697315015384]]]}, "properties": {"date": "2024-07-30", "event": "carina_2024"}}, {"type": "Feature", "geometry": {"geodesic": false, "type": "Polygon", "coordinates": [[[120.76456606296577, 15.108674932077832], [120.76672201964763, 15.108674932077832], [120.76672201964763, 15.114064823782556], [120.76779999798859, 15.114064823782556], [120.76779999798859, 15.11729875880539], [120.76564404130673, 15.11729875880539], [120.76564404130673, 15.118376737146335], [120.76456606296577, 15.118376737146335], [120.76456606296577, 15.12053269382821], [120.76241010628391, 15.12053269382821], [120.76241010628391, 15.11729875880539], [120.76025414960199, 15.116220780464445], [120.76133212794295, 15.114064823782556], [120.76025414960199, 15.114064823782556], [120.76025414960199, 15.111908867100666], [120.76133212794295, 15.111908867100666], [120.76133212794295, 15.110830888759722], [120.76456606296577, 15.110830888759722], [120.76456606296577, 15.108674932077832]], [[120.76241010628391, 15.1151428021235], [120.76241010628391, 15.116220780464445], [120.76133212794295, 15.116220780464445], [120.76133212794295, 15.1151428021235], [120.76241010628391, 15.1151428021235]], [[120.76241010628391, 15.111908867100666], [120.76241010628391, 15.114064823782556], [120.76133212794295, 15.114064823782556], [120.76133212794295, 15.111908867100666], [120.76241010628391, 15.111908867100666]]]}, "properties": {"date": "2024-07-30", "event": "carina_2024"}}, {"type": "Feature", "geometry": {"geodesic": false, "type": "Polygon", "coordinates": [[[120.5543602864818, 14.651612115517821], [120.55651624316371, 14.651612115517821], [120.55651624316371, 14.652690093858766], [120.55543826482275, 14.652690093858766], [120.55543826482275, 14.654846050540655], [120.55651624316371, 14.654846050540655], [120.55651624316371, 14.65376807219971], [120.55867219984557, 14.65376807219971], [120.55759422150462, 14.659157963904434], [120.56082815652744, 14.659157963904434], [120.55975017818653, 14.661313920586323], [120.55651624316371, 14.661313920586323], [120.55651624316371, 14.657002007222545], [120.55220432979993, 14.657002007222545], [120.55220432979993, 14.65807998556349], [120.55328230814084, 14.65807998556349], [120.55328230814084, 14.660235942245379], [120.55112635145898, 14.660235942245379], [120.55112635145898, 14.659157963904434], [120.55004837311802, 14.659157963904434], [120.55112635145898, 14.657002007222545], [120.55004837311802, 14.657002007222545], [120.55004837311802, 14.65376807219971], [120.5543602864818, 14.652690093858766], [120.5543602864818, 14.651612115517821]], [[120.55220432979993, 14.6559240288816], [120.55220432979993, 14.657002007222545], [120.55112635145898, 14.657002007222545], [120.55112635145898, 14.6559240288816], [120.55220432979993, 14.6559240288816]]]}, "properties": {"date": "2024-07-30", "event": "carina_2024"}}, {"type": "Feature", "geometry": {"geodesic": false, "type": "Polygon", "coordinates": [[[120.81738700167202, 15.009500924711048], [120.81954295835388, 15.010578903051993], [120.81846498001292, 15.012734859733868], [120.82062093669484, 15.013812838074813], [120.82062093669484, 15.017046773097647], [120.82385487171766, 15.017046773097647], [120.82385487171766, 15.019202729779536], [120.82601082839952, 15.019202729779536], [120.82601082839952, 15.021358686461426], [120.82385487171766, 15.021358686461426], [120.82385487171766, 15.020280708120481], [120.81846498001292, 15.020280708120481], [120.81846498001292, 15.018124751438592], [120.81738700167202, 15.018124751438592], [120.81738700167202, 15.013812838074813], [120.81415306664914, 15.013812838074813], [120.81415306664914, 15.011656881392923], [120.81630902333106, 15.011656881392923], [120.81738700167202, 15.009500924711048]]]}, "properties": {"date": "2024-07-30", "event": "carina_2024"}}, {"type": "Feature", "geometry": {"geodesic": false, "type": "Polygon", "coordinates": [[[120.85942815696879, 15.183055437602931], [120.86050613530975, 15.183055437602931], [120.86050613530975, 15.184133415943876], [120.86481804867353, 15.184133415943876], [120.86481804867353, 15.186289372625765], [120.85942815696879, 15.186289372625765], [120.85942815696879, 15.19275724267142], [120.86050613530975, 15.19275724267142], [120.86050613530975, 15.193835221012364], [120.85942815696879, 15.193835221012364], [120.85942815696879, 15.195991177694253], [120.85835017862783, 15.195991177694253], [120.85835017862783, 15.197069156035198], [120.85403826526405, 15.197069156035198], [120.85403826526405, 15.194913199353309], [120.85296028692315, 15.194913199353309], [120.85296028692315, 15.193835221012364], [120.85403826526405, 15.193835221012364], [120.85403826526405, 15.19275724267142], [120.85727220028693, 15.19275724267142], [120.85727220028693, 15.193835221012364], [120.85835017862783, 15.193835221012364], [120.85727220028693, 15.18521139428482], [120.85942815696879, 15.18521139428482], [120.85942815696879, 15.183055437602931]]]}, "properties": {"date": "2024-07-30", "event": "carina_2024"}}, {"type": "Feature", "geometry": {"geodesic": false, "type": "Polygon", "coordinates": [[[120.80876317494446, 14.95775796434576], [120.81091913162632, 14.95775796434576], [120.81091913162632, 14.958835942686704], [120.81415306664914, 14.958835942686704], [120.81415306664914, 14.959913921027649], [120.8152310449901, 14.959913921027649], [120.8152310449901, 14.960991899368594], [120.81091913162632, 14.960991899368594], [120.81091913162632, 14.962069877709538], [120.81307508830824, 14.963147856050483], [120.81307508830824, 14.965303812732358], [120.81415306664914, 14.965303812732358], [120.81307508830824, 14.971771682778027], [120.81091913162632, 14.971771682778027], [120.80984115328542, 14.963147856050483], [120.80876317494446, 14.963147856050483], [120.80876317494446, 14.95775796434576]]]}, "properties": {"date": "2024-07-30", "event": "carina_2024"}}, {"type": "Feature", "geometry": {"geodesic": false, "type": "Polygon", "coordinates": [[[120.8842216588105, 15.146404174010854], [120.88853357217428, 15.147482152351799], [120.88961155051518, 15.149638109033688], [120.89284548553806, 15.149638109033688], [120.89284548553806, 15.150716087374633], [120.89392346387896, 15.150716087374633], [120.89284548553806, 15.152872044056522], [120.89500144221992, 15.152872044056522], [120.89500144221992, 15.155028000738412], [120.89392346387896, 15.155028000738412], [120.89392346387896, 15.156105979079342], [120.8917675071971, 15.156105979079342], [120.8917675071971, 15.155028000738412], [120.88853357217428, 15.155028000738412], [120.88853357217428, 15.150716087374633], [120.88529963715146, 15.150716087374633], [120.88529963715146, 15.149638109033688], [120.8842216588105, 15.149638109033688], [120.8842216588105, 15.146404174010854]]]}, "properties": {"date": "2024-07-30", "event": "carina_2024"}}, {"type": "Feature", "geometry": {"geodesic": false, "type": "Polygon", "coordinates": [[[120.90362526894748, 15.096817170327455], [120.90578122562934, 15.0978951486684], [120.90578122562934, 15.103285040373123], [120.9068592039703, 15.103285040373123], [120.9068592039703, 15.102207062032178], [120.91009313899312, 15.102207062032178], [120.91009313899312, 15.103285040373123], [120.90901516065222, 15.103285040373123], [120.91009313899312, 15.105440997055013], [120.90901516065222, 15.105440997055013], [120.90901516065222, 15.106518975395957], [120.9068592039703, 15.106518975395957], [120.9068592039703, 15.108674932077832], [120.90470324728844, 15.108674932077832], [120.90470324728844, 15.110830888759722], [120.90254729060652, 15.110830888759722], [120.90254729060652, 15.108674932077832], [120.90146931226556, 15.108674932077832], [120.90254729060652, 15.106518975395957], [120.90362526894748, 15.106518975395957], [120.90362526894748, 15.107596953736902], [120.90578122562934, 15.106518975395957], [120.90578122562934, 15.103285040373123], [120.90470324728844, 15.103285040373123], [120.90470324728844, 15.104363018714068], [120.90254729060652, 15.104363018714068], [120.90362526894748, 15.096817170327455]], [[120.90901516065222, 15.104363018714068], [120.90901516065222, 15.105440997055013], [120.90793718231126, 15.105440997055013], [120.90793718231126, 15.104363018714068], [120.90901516065222, 15.104363018714068]]]}, "properties": {"date": "2024-07-30", "event": "carina_2024"}}, {"type": "Feature", "geometry": {"geodesic": false, "type": "Polygon", "coordinates": [[[120.84972635190033, 15.18521139428482], [120.85296028692315, 15.18521139428482], [120.85296028692315, 15.186289372625765], [120.85188230858219, 15.186289372625765], [120.85188230858219, 15.190601285989544], [120.85296028692315, 15.190601285989544], [120.85296028692315, 15.191679264330489], [120.85188230858219, 15.191679264330489], [120.85080433024123, 15.198147134376143], [120.84864837355937, 15.198147134376143], [120.84864837355937, 15.188445329307655], [120.84757039521841, 15.188445329307655], [120.84757039521841, 15.186289372625765], [120.84972635190033, 15.186289372625765], [120.84972635190033, 15.18521139428482]]]}, "properties": {"date": "2024-07-30", "event": "carina_2024"}}, {"type": "Feature", "geometry": {"geodesic": false, "type": "Polygon", "coordinates": [[[120.73330469107842, 15.078491538531424], [120.73869458278315, 15.078491538531424], [120.73869458278315, 15.081725473554258], [120.7376166044422, 15.081725473554258], [120.7376166044422, 15.080647495213313], [120.73546064776028, 15.080647495213313], [120.73546064776028, 15.082803451895202], [120.73438266941938, 15.082803451895202], [120.73546064776028, 15.084959408577078], [120.7376166044422, 15.084959408577078], [120.7376166044422, 15.087115365258967], [120.73653862610124, 15.087115365258967], [120.73653862610124, 15.088193343599912], [120.73438266941938, 15.088193343599912], [120.73438266941938, 15.086037386918022], [120.7311487343965, 15.086037386918022], [120.7311487343965, 15.082803451895202], [120.73222671273746, 15.082803451895202], [120.73222671273746, 15.080647495213313], [120.73330469107842, 15.080647495213313], [120.73330469107842, 15.078491538531424]]]}, "properties": {"date": "2024-07-30", "event": "carina_2024"}}, {"type": "Feature", "geometry": {"geodesic": false, "type": "Polygon", "coordinates": [[[120.89823537724274, 15.199225112717087], [120.90039133392466, 15.199225112717087], [120.90039133392466, 15.200303091058032], [120.8993133555837, 15.200303091058032], [120.8993133555837, 15.202459047739922], [120.90146931226556, 15.202459047739922], [120.90146931226556, 15.21216085280841], [120.8993133555837, 15.21216085280841], [120.8993133555837, 15.204615004421797], [120.89607942056088, 15.204615004421797], [120.89607942056088, 15.203537026080866], [120.89500144221992, 15.203537026080866], [120.89500144221992, 15.201381069398977], [120.89607942056088, 15.201381069398977], [120.89607942056088, 15.200303091058032], [120.89823537724274, 15.200303091058032], [120.89823537724274, 15.199225112717087]]]}, "properties": {"date": "2024-07-30", "event": "carina_2024"}}, {"type": "Feature", "geometry": {"geodesic": false, "type": "Polygon", "coordinates": [[[120.79798339153504, 15.278995509946895], [120.80121732655786, 15.278995509946895], [120.80121732655786, 15.281151466628785], [120.80552923992164, 15.28222944496973], [120.80552923992164, 15.284385401651619], [120.80337328323972, 15.284385401651619], [120.80337328323972, 15.285463379992564], [120.79798339153504, 15.285463379992564], [120.79798339153504, 15.284385401651619], [120.79906136987594, 15.284385401651619], [120.79906136987594, 15.28222944496973], [120.79798339153504, 15.28222944496973], [120.79798339153504, 15.283307423310674], [120.79474945651216, 15.283307423310674], [120.79474945651216, 15.281151466628785], [120.79798339153504, 15.281151466628785], [120.79798339153504, 15.278995509946895]]]}, "properties": {"date": "2024-07-30", "event": "carina_2024"}}, {"type": "Feature", "geometry": {"geodesic": false, "type": "Polygon", "coordinates": [[[120.98662960120012, 15.263903813173698], [120.98878555788198, 15.264981791514629], [120.98878555788198, 15.268215726537463], [120.98986353622294, 15.268215726537463], [120.9909415145639, 15.270371683219352], [120.98662960120012, 15.269293704878407], [120.98662960120012, 15.270371683219352], [120.9844736445182, 15.271449661560297], [120.98555162285916, 15.269293704878407], [120.9844736445182, 15.269293704878407], [120.9844736445182, 15.268215726537463], [120.98231768783634, 15.268215726537463], [120.98231768783634, 15.266059769855573], [120.98123970949538, 15.266059769855573], [120.98123970949538, 15.264981791514629], [120.97908375281352, 15.264981791514629], [120.97908375281352, 15.263903813173698], [120.98555162285916, 15.263903813173698], [120.98555162285916, 15.264981791514629], [120.98662960120012, 15.264981791514629], [120.98662960120012, 15.263903813173698]], [[120.98662960120012, 15.268215726537463], [120.98662960120012, 15.269293704878407], [120.98555162285916, 15.269293704878407], [120.98555162285916, 15.268215726537463], [120.98662960120012, 15.268215726537463]], [[120.98662960120012, 15.266059769855573], [120.98662960120012, 15.267137748196518], [120.98555162285916, 15.267137748196518], [120.98555162285916, 15.266059769855573], [120.98662960120012, 15.266059769855573]]]}, "properties": {"date": "2024-07-30", "event": "carina_2024"}}, {"type": "Feature", "geometry": {"geodesic": false, "type": "Polygon", "coordinates": [[[120.97477183944974, 15.274683596583131], [120.9758498177907, 15.274683596583131], [120.97477183944974, 15.28222944496973], [120.9769277961316, 15.28222944496973], [120.9769277961316, 15.283307423310674], [120.97800577447256, 15.283307423310674], [120.97800577447256, 15.28222944496973], [120.97908375281352, 15.28222944496973], [120.97908375281352, 15.283307423310674], [120.98016173115448, 15.283307423310674], [120.98016173115448, 15.284385401651619], [120.97908375281352, 15.284385401651619], [120.97908375281352, 15.283307423310674], [120.97800577447256, 15.283307423310674], [120.97800577447256, 15.285463379992564], [120.97477183944974, 15.285463379992564], [120.97477183944974, 15.284385401651619], [120.97261588276783, 15.284385401651619], [120.97153790442692, 15.275761574924076], [120.97477183944974, 15.275761574924076], [120.97477183944974, 15.274683596583131]]]}, "properties": {"date": "2024-07-30", "event": "carina_2024"}}, {"type": "Feature", "geometry": {"geodesic": false, "type": "Polygon", "coordinates": [[[120.83894656849085, 14.979317531164625], [120.84002454683181, 14.979317531164625], [120.84002454683181, 14.98039550950557], [120.83894656849085, 14.98039550950557], [120.83894656849085, 14.984707422869349], [120.84002454683181, 14.984707422869349], [120.84002454683181, 14.983629444528404], [120.84325848185463, 14.983629444528404], [120.84325848185463, 14.987941357892169], [120.84433646019559, 14.987941357892169], [120.84433646019559, 14.989019336233113], [120.84002454683181, 14.989019336233113], [120.84002454683181, 14.990097314574058], [120.83894656849085, 14.990097314574058], [120.83894656849085, 14.986863379551238], [120.836790611809, 14.985785401210293], [120.836790611809, 14.981473487846515], [120.83894656849085, 14.98039550950557], [120.83894656849085, 14.979317531164625]]]}, "properties": {"date": "2024-07-30", "event": "carina_2024"}}, {"type": "Feature", "geometry": {"geodesic": false, "type": "Polygon", "coordinates": [[[120.81954295835388, 15.038606339916512], [120.8216989150358, 15.038606339916512], [120.8216989150358, 15.043996231621236], [120.82062093669484, 15.043996231621236], [120.82062093669484, 15.04507420996218], [120.8216989150358, 15.04507420996218], [120.8227768933767, 15.04723016664407], [120.82493285005862, 15.04723016664407], [120.82493285005862, 15.048308144985], [120.82601082839952, 15.048308144985], [120.82601082839952, 15.05046410166689], [120.81954295835388, 15.05046410166689], [120.81954295835388, 15.046152188303125], [120.82062093669484, 15.046152188303125], [120.82062093669484, 15.04507420996218], [120.81846498001292, 15.043996231621236], [120.81846498001292, 15.042918253280291], [120.81954295835388, 15.042918253280291], [120.81954295835388, 15.038606339916512]], [[120.8216989150358, 15.046152188303125], [120.8216989150358, 15.04723016664407], [120.82062093669484, 15.04723016664407], [120.82062093669484, 15.046152188303125], [120.8216989150358, 15.046152188303125]]]}, "properties": {"date": "2024-07-30", "event": "carina_2024"}}, {"type": "Feature", "geometry": {"geodesic": false, "type": "Polygon", "coordinates": [[[120.76887797632955, 14.876909588775007], [120.77211191135237, 14.876909588775007], [120.77318988969333, 14.879065545456882], [120.77534584637519, 14.877987567115952], [120.77534584637519, 14.879065545456882], [120.77642382471615, 14.879065545456882], [120.77642382471615, 14.882299480479716], [120.77534584637519, 14.882299480479716], [120.77642382471615, 14.884455437161606], [120.77318988969333, 14.882299480479716], [120.77318988969333, 14.881221502138771], [120.76995595467051, 14.881221502138771], [120.76995595467051, 14.88337745882066], [120.76779999798859, 14.88337745882066], [120.76779999798859, 14.877987567115952], [120.76887797632955, 14.877987567115952], [120.76887797632955, 14.876909588775007]], [[120.77534584637519, 14.881221502138771], [120.77534584637519, 14.882299480479716], [120.77426786803429, 14.882299480479716], [120.77426786803429, 14.881221502138771], [120.77534584637519, 14.881221502138771]], [[120.77426786803429, 14.880143523797827], [120.77426786803429, 14.881221502138771], [120.77318988969333, 14.881221502138771], [120.77318988969333, 14.880143523797827], [120.77426786803429, 14.880143523797827]], [[120.77318988969333, 14.879065545456882], [120.77318988969333, 14.880143523797827], [120.77211191135237, 14.880143523797827], [120.77211191135237, 14.879065545456882], [120.77318988969333, 14.879065545456882]]]}, "properties": {"date": "2024-07-30", "event": "carina_2024"}}, {"type": "Feature", "geometry": {"geodesic": false, "type": "Polygon", "coordinates": [[[120.84649241687745, 14.981473487846515], [120.85080433024123, 14.981473487846515], [120.85080433024123, 14.98255146618746], [120.85835017862783, 14.983629444528404], [120.85835017862783, 14.985785401210293], [120.85727220028693, 14.985785401210293], [120.85727220028693, 14.986863379551238], [120.85619422194597, 14.986863379551238], [120.85619422194597, 14.985785401210293], [120.84864837355937, 14.985785401210293], [120.84864837355937, 14.983629444528404], [120.84649241687745, 14.983629444528404], [120.84649241687745, 14.981473487846515]]]}, "properties": {"date": "2024-07-30", "event": "carina_2024"}}, {"type": "Feature", "geometry": {"geodesic": false, "type": "Polygon", "coordinates": [[[120.89715739890184, 15.0978951486684], [120.90146931226556, 15.0978951486684], [120.90146931226556, 15.098973127009344], [120.90039133392466, 15.098973127009344], [120.90039133392466, 15.100051105350289], [120.90146931226556, 15.100051105350289], [120.90039133392466, 15.102207062032178], [120.89068952885614, 15.102207062032178], [120.89068952885614, 15.098973127009344], [120.89715739890184, 15.098973127009344], [120.89715739890184, 15.0978951486684]], [[120.90039133392466, 15.100051105350289], [120.90039133392466, 15.101129083691234], [120.8993133555837, 15.101129083691234], [120.8993133555837, 15.100051105350289], [120.90039133392466, 15.100051105350289]]]}, "properties": {"date": "2024-07-30", "event": "carina_2024"}}, {"type": "Feature", "geometry": {"geodesic": false, "type": "Polygon", "coordinates": [[[120.8152310449901, 15.284385401651619], [120.81954295835388, 15.284385401651619], [120.81954295835388, 15.288697315015384], [120.8216989150358, 15.288697315015384], [120.8216989150358, 15.289775293356328], [120.81415306664914, 15.289775293356328], [120.81199710996728, 15.285463379992564], [120.80876317494446, 15.285463379992564], [120.80876317494446, 15.284385401651619], [120.81199710996728, 15.284385401651619], [120.81199710996728, 15.285463379992564], [120.81415306664914, 15.286541358333508], [120.8152310449901, 15.284385401651619]], [[120.81738700167202, 15.286541358333508], [120.81738700167202, 15.287619336674453], [120.81630902333106, 15.287619336674453], [120.81630902333106, 15.286541358333508], [120.81738700167202, 15.286541358333508]]]}, "properties": {"date": "2024-07-30", "event": "carina_2024"}}, {"type": "Feature", "geometry": {"geodesic": false, "type": "Polygon", "coordinates": [[[120.77426786803429, 14.936198397526894], [120.77534584637519, 14.936198397526894], [120.77534584637519, 14.939432332549714], [120.77642382471615, 14.939432332549714], [120.7775018030571, 14.941588289231603], [120.77318988969333, 14.941588289231603], [120.77318988969333, 14.942666267572548], [120.77211191135237, 14.942666267572548], [120.77211191135237, 14.944822224254438], [120.77103393301141, 14.944822224254438], [120.76995595467051, 14.946978180936327], [120.76779999798859, 14.946978180936327], [120.76779999798859, 14.944822224254438], [120.77103393301141, 14.944822224254438], [120.77103393301141, 14.936198397526894], [120.77211191135237, 14.936198397526894], [120.77211191135237, 14.937276375867839], [120.77426786803429, 14.937276375867839], [120.77426786803429, 14.936198397526894]]]}, "properties": {"date": "2024-07-30", "event": "carina_2024"}}, {"type": "Feature", "geometry": {"geodesic": false, "type": "Polygon", "coordinates": [[[120.86805198369635, 14.990097314574058], [120.87020794037821, 14.991175292915003], [120.8691299620373, 14.993331249596892], [120.87344187540108, 14.993331249596892], [120.87344187540108, 14.994409227937837], [120.87559783208295, 14.994409227937837], [120.87559783208295, 14.995487206278781], [120.86589602701443, 14.996565184619726], [120.86481804867353, 14.991175292915003], [120.86805198369635, 14.991175292915003], [120.86805198369635, 14.990097314574058]], [[120.8691299620373, 14.993331249596892], [120.8691299620373, 14.995487206278781], [120.86805198369635, 14.995487206278781], [120.86805198369635, 14.993331249596892], [120.8691299620373, 14.993331249596892]]]}, "properties": {"date": "2024-07-30", "event": "carina_2024"}}, {"type": "Feature", "geometry": {"geodesic": false, "type": "Polygon", "coordinates": [[[120.91009313899312, 14.84025832518293], [120.9144050523569, 14.84025832518293], [120.9144050523569, 14.841336303523875], [120.91548303069786, 14.841336303523875], [120.91548303069786, 14.84349226020575], [120.91763898737972, 14.84349226020575], [120.91763898737972, 14.84241428186482], [120.91871696572068, 14.84241428186482], [120.91763898737972, 14.847804173569529], [120.9144050523569, 14.847804173569529], [120.91332707401594, 14.84349226020575], [120.91117111733408, 14.84349226020575], [120.91117111733408, 14.84241428186482], [120.91009313899312, 14.84241428186482], [120.91009313899312, 14.84025832518293]]]}, "properties": {"date": "2024-07-30", "event": "carina_2024"}}, {"type": "Feature", "geometry": {"geodesic": false, "type": "Polygon", "coordinates": [[[120.88314368046954, 15.135624390601421], [120.8842216588105, 15.135624390601421], [120.8842216588105, 15.136702368942366], [120.88961155051518, 15.136702368942366], [120.88961155051518, 15.13778034728331], [120.89068952885614, 15.13778034728331], [120.89068952885614, 15.14209226064709], [120.88961155051518, 15.14209226064709], [120.88961155051518, 15.143170238988034], [120.88637761549236, 15.143170238988034], [120.88637761549236, 15.141014282306145], [120.88745559383332, 15.141014282306145], [120.88745559383332, 15.1399363039652], [120.88314368046954, 15.138858325624255], [120.88314368046954, 15.135624390601421]]]}, "properties": {"date": "2024-07-30", "event": "carina_2024"}}, {"type": "Feature", "geometry": {"geodesic": false, "type": "Polygon", "coordinates": [[[121.23025270625331, 14.505007061149527], [121.23240866293523, 14.505007061149527], [121.23240866293523, 14.507163017831402], [121.23456461961709, 14.506085039490458], [121.23456461961709, 14.507163017831402], [121.23240866293523, 14.508240996172347], [121.23240866293523, 14.509318974513292], [121.23456461961709, 14.509318974513292], [121.23456461961709, 14.511474931195181], [121.23348664127619, 14.511474931195181], [121.23240866293523, 14.51363088787707], [121.23025270625331, 14.51363088787707], [121.23025270625331, 14.508240996172347], [121.22809674957145, 14.508240996172347], [121.22809674957145, 14.506085039490458], [121.23025270625331, 14.506085039490458], [121.23025270625331, 14.505007061149527]]]}, "properties": {"date": "2024-07-30", "event": "carina_2024"}}, {"type": "Feature", "geometry": {"geodesic": false, "type": "Polygon", "coordinates": [[[120.87559783208295, 14.76803377633972], [120.8766758104239, 14.76803377633972], [120.8766758104239, 14.772345689703485], [120.87451985374199, 14.772345689703485], [120.87451985374199, 14.77342366804443], [120.87344187540108, 14.77342366804443], [120.87344187540108, 14.774501646385374], [120.87559783208295, 14.774501646385374], [120.87559783208295, 14.776657603067264], [120.87236389706013, 14.778813559749153], [120.87344187540108, 14.776657603067264], [120.87020794037821, 14.774501646385374], [120.87020794037821, 14.776657603067264], [120.86805198369635, 14.776657603067264], [120.8691299620373, 14.774501646385374], [120.86697400535539, 14.774501646385374], [120.86697400535539, 14.772345689703485], [120.86805198369635, 14.772345689703485], [120.86805198369635, 14.77342366804443], [120.87020794037821, 14.772345689703485], [120.87020794037821, 14.77342366804443], [120.87128591871917, 14.77342366804443], [120.87128591871917, 14.772345689703485], [120.87344187540108, 14.772345689703485], [120.87451985374199, 14.77018973302161], [120.87559783208295, 14.77018973302161], [120.87559783208295, 14.76803377633972]], [[120.87344187540108, 14.774501646385374], [120.87344187540108, 14.77557962472632], [120.87236389706013, 14.77557962472632], [120.87236389706013, 14.774501646385374], [120.87344187540108, 14.774501646385374]], [[120.87020794037821, 14.77342366804443], [120.87020794037821, 14.774501646385374], [120.8691299620373, 14.774501646385374], [120.8691299620373, 14.77342366804443], [120.87020794037821, 14.77342366804443]], [[120.87236389706013, 14.77342366804443], [120.87236389706013, 14.774501646385374], [120.87128591871917, 14.774501646385374], [120.87128591871917, 14.77342366804443], [120.87236389706013, 14.77342366804443]]]}, "properties": {"date": "2024-07-30", "event": "carina_2024"}}, {"type": "Feature", "geometry": {"geodesic": false, "type": "Polygon", "coordinates": [[[120.7300707560556, 14.929730527481226], [120.73438266941938, 14.929730527481226], [120.73438266941938, 14.931886484163115], [120.7376166044422, 14.931886484163115], [120.7376166044422, 14.93080850582217], [120.73977256112406, 14.93080850582217], [120.73977256112406, 14.93296446250406], [120.7376166044422, 14.93296446250406], [120.7376166044422, 14.93512041918595], [120.73653862610124, 14.93512041918595], [120.7376166044422, 14.937276375867839], [120.73438266941938, 14.93512041918595], [120.73438266941938, 14.93296446250406], [120.7300707560556, 14.93296446250406], [120.7300707560556, 14.929730527481226]]]}, "properties": {"date": "2024-07-30", "event": "carina_2024"}}, {"type": "Feature", "geometry": {"geodesic": false, "type": "Polygon", "coordinates": [[[120.76995595467051, 14.964225834391414], [120.77211191135237, 14.964225834391414], [120.77211191135237, 14.965303812732358], [120.77426786803429, 14.965303812732358], [120.77426786803429, 14.966381791073303], [120.7775018030571, 14.966381791073303], [120.7775018030571, 14.968537747755192], [120.77642382471615, 14.968537747755192], [120.77534584637519, 14.970693704437082], [120.77318988969333, 14.970693704437082], [120.77103393301141, 14.967459769414248], [120.76887797632955, 14.967459769414248], [120.76887797632955, 14.965303812732358], [120.76995595467051, 14.965303812732358], [120.76995595467051, 14.964225834391414]]]}, "properties": {"date": "2024-07-30", "event": "carina_2024"}}, {"type": "Feature", "geometry": {"geodesic": false, "type": "Polygon", "coordinates": [[[120.79474945651216, 15.146404174010854], [120.80229530489876, 15.146404174010854], [120.80337328323972, 15.148560130692744], [120.80552923992164, 15.148560130692744], [120.80552923992164, 15.151794065715578], [120.80121732655786, 15.150716087374633], [120.80121732655786, 15.148560130692744], [120.79798339153504, 15.148560130692744], [120.79798339153504, 15.149638109033688], [120.79582743485312, 15.149638109033688], [120.79582743485312, 15.148560130692744], [120.79474945651216, 15.148560130692744], [120.79474945651216, 15.146404174010854]]]}, "properties": {"date": "2024-07-30", "event": "carina_2024"}}, {"type": "Feature", "geometry": {"geodesic": false, "type": "Polygon", "coordinates": [[[120.81738700167202, 15.177665545898222], [120.81954295835388, 15.177665545898222], [120.81954295835388, 15.178743524239167], [120.8227768933767, 15.178743524239167], [120.8227768933767, 15.179821502580111], [120.82385487171766, 15.179821502580111], [120.82385487171766, 15.180899480921042], [120.8227768933767, 15.180899480921042], [120.8227768933767, 15.181977459261986], [120.82385487171766, 15.181977459261986], [120.82385487171766, 15.184133415943876], [120.8216989150358, 15.184133415943876], [120.8216989150358, 15.180899480921042], [120.82062093669484, 15.180899480921042], [120.82062093669484, 15.181977459261986], [120.81738700167202, 15.184133415943876], [120.81738700167202, 15.180899480921042], [120.8152310449901, 15.180899480921042], [120.8152310449901, 15.179821502580111], [120.81738700167202, 15.178743524239167], [120.81738700167202, 15.177665545898222]]]}, "properties": {"date": "2024-07-30", "event": "carina_2024"}}, {"type": "Feature", "geometry": {"geodesic": false, "type": "Polygon", "coordinates": [[[120.79906136987594, 15.035372404893693], [120.80121732655786, 15.035372404893693], [120.80121732655786, 15.037528361575568], [120.80552923992164, 15.038606339916512], [120.80552923992164, 15.041840274939347], [120.80445126158068, 15.041840274939347], [120.80445126158068, 15.042918253280291], [120.80121732655786, 15.042918253280291], [120.80121732655786, 15.041840274939347], [120.79906136987594, 15.041840274939347], [120.79906136987594, 15.040762296598402], [120.79798339153504, 15.040762296598402], [120.79798339153504, 15.039684318257457], [120.80121732655786, 15.039684318257457], [120.80121732655786, 15.037528361575568], [120.79906136987594, 15.037528361575568], [120.79906136987594, 15.035372404893693]]]}, "properties": {"date": "2024-07-30", "event": "carina_2024"}}, {"type": "Feature", "geometry": {"geodesic": false, "type": "Polygon", "coordinates": [[[120.80337328323972, 14.97823955282368], [120.80552923992164, 14.97823955282368], [120.80552923992164, 14.98039550950557], [120.8076851966035, 14.98039550950557], [120.8076851966035, 14.981473487846515], [120.80984115328542, 14.981473487846515], [120.80984115328542, 14.98255146618746], [120.81307508830824, 14.98255146618746], [120.81307508830824, 14.983629444528404], [120.80552923992164, 14.983629444528404], [120.80445126158068, 14.989019336233113], [120.80337328323972, 14.989019336233113], [120.80337328323972, 14.983629444528404], [120.80445126158068, 14.983629444528404], [120.80445126158068, 14.981473487846515], [120.80552923992164, 14.981473487846515], [120.80552923992164, 14.98039550950557], [120.80337328323972, 14.979317531164625], [120.80337328323972, 14.97823955282368]]]}, "properties": {"date": "2024-07-30", "event": "carina_2024"}}, {"type": "Feature", "geometry": {"geodesic": false, "type": "Polygon", "coordinates": [[[120.79582743485312, 15.266059769855573], [120.79798339153504, 15.266059769855573], [120.79906136987594, 15.268215726537463], [120.80337328323972, 15.268215726537463], [120.80337328323972, 15.267137748196518], [120.80552923992164, 15.267137748196518], [120.80552923992164, 15.268215726537463], [120.80445126158068, 15.268215726537463], [120.80337328323972, 15.270371683219352], [120.80121732655786, 15.270371683219352], [120.80121732655786, 15.271449661560297], [120.79798339153504, 15.271449661560297], [120.79690541319408, 15.269293704878407], [120.79582743485312, 15.269293704878407], [120.79582743485312, 15.266059769855573]]]}, "properties": {"date": "2024-07-30", "event": "carina_2024"}}, {"type": "Feature", "geometry": {"geodesic": false, "type": "Polygon", "coordinates": [[[120.90578122562934, 15.14532619566991], [120.90793718231126, 15.14532619566991], [120.90901516065222, 15.147482152351799], [120.91117111733408, 15.147482152351799], [120.91117111733408, 15.149638109033688], [120.91009313899312, 15.149638109033688], [120.91009313899312, 15.150716087374633], [120.91332707401594, 15.150716087374633], [120.91332707401594, 15.152872044056522], [120.91009313899312, 15.152872044056522], [120.91009313899312, 15.150716087374633], [120.90793718231126, 15.149638109033688], [120.90793718231126, 15.148560130692744], [120.90470324728844, 15.148560130692744], [120.90470324728844, 15.146404174010854], [120.90578122562934, 15.146404174010854], [120.90578122562934, 15.14532619566991]], [[120.91009313899312, 15.148560130692744], [120.91009313899312, 15.149638109033688], [120.90901516065222, 15.149638109033688], [120.90901516065222, 15.148560130692744], [120.91009313899312, 15.148560130692744]]]}, "properties": {"date": "2024-07-30", "event": "carina_2024"}}, {"type": "Feature", "geometry": {"geodesic": false, "type": "Polygon", "coordinates": [[[120.89284548553806, 15.214316809490299], [120.89392346387896, 15.214316809490299], [120.89392346387896, 15.216472766172174], [120.89500144221992, 15.216472766172174], [120.89500144221992, 15.219706701195008], [120.89715739890184, 15.219706701195008], [120.89715739890184, 15.220784679535953], [120.89823537724274, 15.220784679535953], [120.89823537724274, 15.217550744513119], [120.89715739890184, 15.217550744513119], [120.89715739890184, 15.215394787831244], [120.89823537724274, 15.215394787831244], [120.89823537724274, 15.216472766172174], [120.8993133555837, 15.216472766172174], [120.8993133555837, 15.218628722854064], [120.90039133392466, 15.218628722854064], [120.90039133392466, 15.220784679535953], [120.89823537724274, 15.220784679535953], [120.89823537724274, 15.221862657876898], [120.89392346387896, 15.221862657876898], [120.89284548553806, 15.214316809490299]]]}, "properties": {"date": "2024-07-30", "event": "carina_2024"}}, {"type": "Feature", "geometry": {"geodesic": false, "type": "Polygon", "coordinates": [[[120.80876317494446, 15.278995509946895], [120.8152310449901, 15.278995509946895], [120.8152310449901, 15.281151466628785], [120.81199710996728, 15.281151466628785], [120.81307508830824, 15.283307423310674], [120.81091913162632, 15.28222944496973], [120.81091913162632, 15.281151466628785], [120.80984115328542, 15.281151466628785], [120.80984115328542, 15.28222944496973], [120.80660721826254, 15.28222944496973], [120.80660721826254, 15.28007348828784], [120.80552923992164, 15.28007348828784], [120.80552923992164, 15.278995509946895], [120.8076851966035, 15.278995509946895], [120.8076851966035, 15.28007348828784], [120.80876317494446, 15.28007348828784], [120.80876317494446, 15.278995509946895]]]}, "properties": {"date": "2024-07-30", "event": "carina_2024"}}, {"type": "Feature", "geometry": {"geodesic": false, "type": "Polygon", "coordinates": [[[120.74947436619257, 14.899547133934817], [120.75055234453353, 14.899547133934817], [120.75163032287443, 14.901703090616707], [120.75378627955635, 14.901703090616707], [120.75378627955635, 14.907092982321416], [120.75270830121539, 14.907092982321416], [120.75378627955635, 14.909248939003305], [120.75163032287443, 14.90817096066236], [120.75270830121539, 14.906015003980471], [120.74947436619257, 14.906015003980471], [120.74947436619257, 14.907092982321416], [120.74731840951065, 14.906015003980471], [120.74731840951065, 14.904937025639526], [120.74947436619257, 14.906015003980471], [120.74947436619257, 14.904937025639526], [120.75055234453353, 14.904937025639526], [120.75055234453353, 14.900625112275762], [120.74947436619257, 14.900625112275762], [120.74947436619257, 14.899547133934817]]]}, "properties": {"date": "2024-07-30", "event": "carina_2024"}}, {"type": "Feature", "geometry": {"geodesic": false, "type": "Polygon", "coordinates": [[[120.90039133392466, 14.98039550950557], [120.90578122562934, 14.98039550950557], [120.90578122562934, 14.981473487846515], [120.90362526894748, 14.981473487846515], [120.90362526894748, 14.985785401210293], [120.90254729060652, 14.985785401210293], [120.90254729060652, 14.986863379551238], [120.90039133392466, 14.986863379551238], [120.90039133392466, 14.985785401210293], [120.8993133555837, 14.985785401210293], [120.8993133555837, 14.984707422869349], [120.90039133392466, 14.984707422869349], [120.90039133392466, 14.98039550950557]]]}, "properties": {"date": "2024-07-30", "event": "carina_2024"}}, {"type": "Feature", "geometry": {"geodesic": false, "type": "Polygon", "coordinates": [[[120.82062093669484, 15.161495870784066], [120.8216989150358, 15.161495870784066], [120.8216989150358, 15.16257384912501], [120.8227768933767, 15.16257384912501], [120.8227768933767, 15.163651827465955], [120.82385487171766, 15.163651827465955], [120.82601082839952, 15.16688576248879], [120.82708880674048, 15.16688576248879], [120.82708880674048, 15.165807784147844], [120.82816678508144, 15.165807784147844], [120.82816678508144, 15.16688576248879], [120.8292447634224, 15.16688576248879], [120.8292447634224, 15.165807784147844], [120.83140072010426, 15.165807784147844], [120.83140072010426, 15.167963740829734], [120.82816678508144, 15.167963740829734], [120.82816678508144, 15.16688576248879], [120.82708880674048, 15.16688576248879], [120.82708880674048, 15.167963740829734], [120.82601082839952, 15.167963740829734], [120.82601082839952, 15.16688576248879], [120.82493285005862, 15.16688576248879], [120.82493285005862, 15.167963740829734], [120.8227768933767, 15.167963740829734], [120.8216989150358, 15.163651827465955], [120.82062093669484, 15.163651827465955], [120.82062093669484, 15.161495870784066]]]}, "properties": {"date": "2024-07-30", "event": "carina_2024"}}, {"type": "Feature", "geometry": {"geodesic": false, "type": "Polygon", "coordinates": [[[120.8216989150358, 15.081725473554258], [120.82385487171766, 15.081725473554258], [120.82385487171766, 15.083881430236133], [120.8216989150358, 15.084959408577078], [120.8216989150358, 15.088193343599912], [120.81846498001292, 15.088193343599912], [120.81846498001292, 15.086037386918022], [120.81738700167202, 15.086037386918022], [120.81738700167202, 15.084959408577078], [120.81846498001292, 15.084959408577078], [120.81846498001292, 15.083881430236133], [120.81738700167202, 15.083881430236133], [120.81738700167202, 15.082803451895202], [120.81846498001292, 15.082803451895202], [120.81846498001292, 15.083881430236133], [120.8216989150358, 15.083881430236133], [120.8216989150358, 15.081725473554258]]]}, "properties": {"date": "2024-07-30", "event": "carina_2024"}}, {"type": "Feature", "geometry": {"geodesic": false, "type": "Polygon", "coordinates": [[[120.84433646019559, 15.151794065715578], [120.84864837355937, 15.151794065715578], [120.84864837355937, 15.153950022397467], [120.84972635190033, 15.153950022397467], [120.84972635190033, 15.155028000738412], [120.85188230858219, 15.153950022397467], [120.85188230858219, 15.155028000738412], [120.85080433024123, 15.155028000738412], [120.85080433024123, 15.156105979079342], [120.84864837355937, 15.155028000738412], [120.84864837355937, 15.156105979079342], [120.84433646019559, 15.156105979079342], [120.84433646019559, 15.151794065715578]]]}, "properties": {"date": "2024-07-30", "event": "carina_2024"}}, {"type": "Feature", "geometry": {"geodesic": false, "type": "Polygon", "coordinates": [[[120.84541443853655, 14.948056159277272], [120.84757039521841, 14.948056159277272], [120.84757039521841, 14.951290094300091], [120.84972635190033, 14.951290094300091], [120.84972635190033, 14.95344605098198], [120.85188230858219, 14.95344605098198], [120.85080433024123, 14.95560200766387], [120.84757039521841, 14.95560200766387], [120.84757039521841, 14.954524029322926], [120.84649241687745, 14.954524029322926], [120.84649241687745, 14.95344605098198], [120.84757039521841, 14.95344605098198], [120.84757039521841, 14.951290094300091], [120.84541443853655, 14.951290094300091], [120.84541443853655, 14.948056159277272]]]}, "properties": {"date": "2024-07-30", "event": "carina_2024"}}, {"type": "Feature", "geometry": {"geodesic": false, "type": "Polygon", "coordinates": [[[120.79151552148934, 14.972849661118971], [120.7925934998303, 14.972849661118971], [120.79474945651216, 14.976083596141791], [120.79151552148934, 14.976083596141791], [120.79151552148934, 14.97823955282368], [120.79043754314839, 14.97823955282368], [120.79043754314839, 14.979317531164625], [120.78720360812557, 14.979317531164625], [120.78720360812557, 14.977161574482736], [120.78828158646652, 14.977161574482736], [120.78828158646652, 14.976083596141791], [120.79043754314839, 14.976083596141791], [120.79043754314839, 14.973927639459916], [120.79151552148934, 14.973927639459916], [120.79151552148934, 14.972849661118971]]]}, "properties": {"date": "2024-07-30", "event": "carina_2024"}}, {"type": "Feature", "geometry": {"geodesic": false, "type": "Polygon", "coordinates": [[[120.81738700167202, 15.153950022397467], [120.82601082839952, 15.153950022397467], [120.82601082839952, 15.158261935761232], [120.82385487171766, 15.157183957420287], [120.82493285005862, 15.155028000738412], [120.8227768933767, 15.155028000738412], [120.8227768933767, 15.156105979079342], [120.82062093669484, 15.157183957420287], [120.82062093669484, 15.156105979079342], [120.81738700167202, 15.156105979079342], [120.81738700167202, 15.153950022397467]]]}, "properties": {"date": "2024-07-30", "event": "carina_2024"}}, {"type": "Feature", "geometry": {"geodesic": false, "type": "Polygon", "coordinates": [[[120.75594223623821, 14.920028722412738], [120.75917617126103, 14.920028722412738], [120.75917617126103, 14.923262657435572], [120.76133212794295, 14.924340635776517], [120.76133212794295, 14.926496592458406], [120.75702021457917, 14.925418614117461], [120.75594223623821, 14.920028722412738]]]}, "properties": {"date": "2024-07-30", "event": "carina_2024"}}, {"type": "Feature", "geometry": {"geodesic": false, "type": "Polygon", "coordinates": [[[120.8227768933767, 14.943744245913493], [120.82493285005862, 14.944822224254438], [120.82493285005862, 14.945900202595382], [120.8227768933767, 14.946978180936327], [120.8227768933767, 14.949134137618216], [120.8216989150358, 14.949134137618216], [120.8216989150358, 14.948056159277272], [120.81846498001292, 14.948056159277272], [120.81846498001292, 14.943744245913493], [120.8216989150358, 14.945900202595382], [120.8227768933767, 14.943744245913493]]]}, "properties": {"date": "2024-07-30", "event": "carina_2024"}}, {"type": "Feature", "geometry": {"geodesic": false, "type": "Polygon", "coordinates": [[[120.81307508830824, 15.158261935761232], [120.8152310449901, 15.158261935761232], [120.8152310449901, 15.160417892443121], [120.81630902333106, 15.160417892443121], [120.81630902333106, 15.161495870784066], [120.8152310449901, 15.161495870784066], [120.81415306664914, 15.167963740829734], [120.81199710996728, 15.169041719170664], [120.81091913162632, 15.16688576248879], [120.81307508830824, 15.16688576248879], [120.81307508830824, 15.1647298058069], [120.81199710996728, 15.1647298058069], [120.81199710996728, 15.163651827465955], [120.81415306664914, 15.16257384912501], [120.81415306664914, 15.159339914102176], [120.81307508830824, 15.159339914102176], [120.81307508830824, 15.158261935761232]]]}, "properties": {"date": "2024-07-30", "event": "carina_2024"}}, {"type": "Feature", "geometry": {"geodesic": false, "type": "Polygon", "coordinates": [[[120.9683039694041, 15.272527639901242], [120.969381947745, 15.272527639901242], [120.97045992608597, 15.274683596583131], [120.969381947745, 15.274683596583131], [120.969381947745, 15.276839553265006], [120.9683039694041, 15.276839553265006], [120.9683039694041, 15.27791753160595], [120.96614801272219, 15.27791753160595], [120.96614801272219, 15.278995509946895], [120.96507003438123, 15.278995509946895], [120.96507003438123, 15.274683596583131], [120.96614801272219, 15.274683596583131], [120.96614801272219, 15.273605618242186], [120.9683039694041, 15.273605618242186], [120.9683039694041, 15.272527639901242]]]}, "properties": {"date": "2024-07-30", "event": "carina_2024"}}, {"type": "Feature", "geometry": {"geodesic": false, "type": "Polygon", "coordinates": [[[120.85080433024123, 15.048308144985], [120.85296028692315, 15.049386123325945], [120.85296028692315, 15.05262005834878], [120.85188230858219, 15.05262005834878], [120.85188230858219, 15.053698036689724], [120.84972635190033, 15.053698036689724], [120.84972635190033, 15.05262005834878], [120.84864837355937, 15.05262005834878], [120.84864837355937, 15.048308144985], [120.84972635190033, 15.048308144985], [120.84972635190033, 15.049386123325945], [120.85080433024123, 15.049386123325945], [120.85080433024123, 15.048308144985]]]}, "properties": {"date": "2024-07-30", "event": "carina_2024"}}, {"type": "Feature", "geometry": {"geodesic": false, "type": "Polygon", "coordinates": [[[120.89284548553806, 15.18521139428482], [120.8993133555837, 15.18521139428482], [120.8993133555837, 15.18736735096671], [120.89715739890184, 15.18736735096671], [120.89715739890184, 15.186289372625765], [120.89607942056088, 15.186289372625765], [120.89607942056088, 15.1895233076486], [120.89392346387896, 15.1895233076486], [120.89392346387896, 15.188445329307655], [120.89284548553806, 15.188445329307655], [120.89284548553806, 15.18521139428482]]]}, "properties": {"date": "2024-07-30", "event": "carina_2024"}}, {"type": "Feature", "geometry": {"geodesic": false, "type": "Polygon", "coordinates": [[[120.5619061348684, 14.644066267131223], [120.56514006989121, 14.646222223813112], [120.56514006989121, 14.650534137176876], [120.5619061348684, 14.650534137176876], [120.5619061348684, 14.644066267131223]]]}, "properties": {"date": "2024-07-30", "event": "carina_2024"}}, {"type": "Feature", "geometry": {"geodesic": false, "type": "Polygon", "coordinates": [[[120.88314368046954, 14.77018973302161], [120.8842216588105, 14.77018973302161], [120.8842216588105, 14.774501646385374], [120.8766758104239, 14.774501646385374], [120.8777537887648, 14.772345689703485], [120.87990974544672, 14.77342366804443], [120.88098772378768, 14.77126771136254], [120.88314368046954, 14.772345689703485], [120.88314368046954, 14.77018973302161]]]}, "properties": {"date": "2024-07-30", "event": "carina_2024"}}, {"type": "Feature", "geometry": {"geodesic": false, "type": "Polygon", "coordinates": [[[120.85296028692315, 14.914638830708029], [120.85619422194597, 14.916794787389904], [120.85619422194597, 14.918950744071793], [120.85835017862783, 14.918950744071793], [120.85727220028693, 14.921106700753683], [120.85511624360501, 14.920028722412738], [120.85511624360501, 14.918950744071793], [120.85188230858219, 14.918950744071793], [120.85296028692315, 14.914638830708029]]]}, "properties": {"date": "2024-07-30", "event": "carina_2024"}}, {"type": "Feature", "geometry": {"geodesic": false, "type": "Polygon", "coordinates": [[[120.75163032287443, 14.952368072641036], [120.75378627955635, 14.952368072641036], [120.75378627955635, 14.95344605098198], [120.75270830121539, 14.95344605098198], [120.75270830121539, 14.95560200766387], [120.75163032287443, 14.95560200766387], [120.75163032287443, 14.954524029322926], [120.74947436619257, 14.954524029322926], [120.74947436619257, 14.95560200766387], [120.74839638785161, 14.95560200766387], [120.74839638785161, 14.95775796434576], [120.74624043116975, 14.95775796434576], [120.74624043116975, 14.954524029322926], [120.7451624528288, 14.954524029322926], [120.7451624528288, 14.95344605098198], [120.74624043116975, 14.95344605098198], [120.74624043116975, 14.952368072641036], [120.74947436619257, 14.954524029322926], [120.74947436619257, 14.95344605098198], [120.75163032287443, 14.95344605098198], [120.75163032287443, 14.952368072641036]], [[120.74839638785161, 14.954524029322926], [120.74839638785161, 14.95560200766387], [120.74731840951065, 14.95560200766387], [120.74731840951065, 14.954524029322926], [120.74839638785161, 14.954524029322926]], [[120.74731840951065, 14.95344605098198], [120.74731840951065, 14.954524029322926], [120.74624043116975, 14.954524029322926], [120.74624043116975, 14.95344605098198], [120.74731840951065, 14.95344605098198]]]}, "properties": {"date": "2024-07-30", "event": "carina_2024"}}, {"type": "Feature", "geometry": {"geodesic": false, "type": "Polygon", "coordinates": [[[120.83140072010426, 14.99764316296067], [120.83355667678617, 14.99764316296067], [120.83355667678617, 15.00303305466538], [120.83463465512708, 15.00303305466538], [120.83463465512708, 15.004111033006325], [120.83140072010426, 15.004111033006325], [120.83140072010426, 15.001955076324435], [120.8303227417633, 15.001955076324435], [120.83140072010426, 14.99764316296067]]]}, "properties": {"date": "2024-07-30", "event": "carina_2024"}}, {"type": "Feature", "geometry": {"geodesic": false, "type": "Polygon", "coordinates": [[[120.73546064776028, 15.0731016468267], [120.7376166044422, 15.0731016468267], [120.7376166044422, 15.077413560190479], [120.73546064776028, 15.077413560190479], [120.73546064776028, 15.07525760350859], [120.73438266941938, 15.07525760350859], [120.73438266941938, 15.076335581849534], [120.73222671273746, 15.07525760350859], [120.73222671273746, 15.076335581849534], [120.7300707560556, 15.076335581849534], [120.7300707560556, 15.074179625167645], [120.73330469107842, 15.074179625167645], [120.73330469107842, 15.07525760350859], [120.73438266941938, 15.07525760350859], [120.73546064776028, 15.0731016468267]]]}, "properties": {"date": "2024-07-30", "event": "carina_2024"}}, {"type": "Feature", "geometry": {"geodesic": false, "type": "Polygon", "coordinates": [[[120.89068952885614, 15.091427278622746], [120.89284548553806, 15.091427278622746], [120.89284548553806, 15.09250525696369], [120.89500144221992, 15.093583235304635], [120.89500144221992, 15.095739191986524], [120.89392346387896, 15.095739191986524], [120.89392346387896, 15.096817170327455], [120.8917675071971, 15.096817170327455], [120.8917675071971, 15.095739191986524], [120.89068952885614, 15.095739191986524], [120.89068952885614, 15.091427278622746]]]}, "properties": {"date": "2024-07-30", "event": "carina_2024"}}, {"type": "Feature", "geometry": {"geodesic": false, "type": "Polygon", "coordinates": [[[120.86158411365071, 15.174431610875388], [120.86374007033257, 15.174431610875388], [120.86374007033257, 15.176587567557277], [120.86589602701443, 15.177665545898222], [120.86589602701443, 15.181977459261986], [120.86266209199161, 15.179821502580111], [120.86158411365071, 15.174431610875388]]]}, "properties": {"date": "2024-07-30", "event": "carina_2024"}}, {"type": "Feature", "geometry": {"geodesic": false, "type": "Polygon", "coordinates": [[[120.66108014223519, 14.972849661118971], [120.66431407725801, 14.972849661118971], [120.66431407725801, 14.97500561780086], [120.66108014223519, 14.977161574482736], [120.66108014223519, 14.979317531164625], [120.65892418555333, 14.979317531164625], [120.65892418555333, 14.97823955282368], [120.66000216389423, 14.97823955282368], [120.66000216389423, 14.97500561780086], [120.66108014223519, 14.97500561780086], [120.66108014223519, 14.972849661118971]]]}, "properties": {"date": "2024-07-30", "event": "carina_2024"}}, {"type": "Feature", "geometry": {"geodesic": false, "type": "Polygon", "coordinates": [[[120.80660721826254, 15.0235146431433], [120.8076851966035, 15.0235146431433], [120.8076851966035, 15.026748578166135], [120.80552923992164, 15.026748578166135], [120.80445126158068, 15.028904534848024], [120.80229530489876, 15.028904534848024], [120.80229530489876, 15.02567059982519], [120.80660721826254, 15.024592621484246], [120.80660721826254, 15.0235146431433]]]}, "properties": {"date": "2024-07-30", "event": "carina_2024"}}, {"type": "Feature", "geometry": {"geodesic": false, "type": "Polygon", "coordinates": [[[120.91548303069786, 15.193835221012364], [120.91656100903882, 15.193835221012364], [120.91656100903882, 15.197069156035198], [120.91871696572068, 15.197069156035198], [120.91871696572068, 15.198147134376143], [120.91979494406164, 15.198147134376143], [120.91979494406164, 15.199225112717087], [120.91871696572068, 15.199225112717087], [120.91871696572068, 15.201381069398977], [120.91656100903882, 15.201381069398977], [120.91656100903882, 15.197069156035198], [120.91548303069786, 15.197069156035198], [120.91548303069786, 15.195991177694253], [120.91332707401594, 15.197069156035198], [120.91548303069786, 15.193835221012364]]]}, "properties": {"date": "2024-07-30", "event": "carina_2024"}}, {"type": "Feature", "geometry": {"geodesic": false, "type": "Polygon", "coordinates": [[[120.86374007033257, 15.201381069398977], [120.86697400535539, 15.201381069398977], [120.86589602701443, 15.205692982762741], [120.86266209199161, 15.205692982762741], [120.86266209199161, 15.204615004421797], [120.86158411365071, 15.204615004421797], [120.86374007033257, 15.201381069398977]]]}, "properties": {"date": "2024-07-30", "event": "carina_2024"}}, {"type": "Feature", "geometry": {"geodesic": false, "type": "Polygon", "coordinates": [[[121.24534440302656, 14.503929082808583], [121.24965631639029, 14.503929082808583], [121.24965631639029, 14.507163017831402], [121.24750035970843, 14.507163017831402], [121.24750035970843, 14.508240996172347], [121.24642238136747, 14.508240996172347], [121.24642238136747, 14.507163017831402], [121.24534440302656, 14.507163017831402], [121.24534440302656, 14.503929082808583]]]}, "properties": {"date": "2024-07-30", "event": "carina_2024"}}, {"type": "Feature", "geometry": {"geodesic": false, "type": "Polygon", "coordinates": [[[120.8001393482169, 14.916794787389904], [120.80337328323972, 14.916794787389904], [120.80337328323972, 14.918950744071793], [120.80229530489876, 14.918950744071793], [120.80121732655786, 14.923262657435572], [120.79906136987594, 14.922184679094627], [120.79906136987594, 14.921106700753683], [120.8001393482169, 14.921106700753683], [120.8001393482169, 14.918950744071793], [120.79906136987594, 14.918950744071793], [120.79906136987594, 14.917872765730849], [120.8001393482169, 14.917872765730849], [120.8001393482169, 14.916794787389904]], [[120.80121732655786, 14.917872765730849], [120.80121732655786, 14.918950744071793], [120.8001393482169, 14.918950744071793], [120.8001393482169, 14.917872765730849], [120.80121732655786, 14.917872765730849]]]}, "properties": {"date": "2024-07-30", "event": "carina_2024"}}, {"type": "Feature", "geometry": {"geodesic": false, "type": "Polygon", "coordinates": [[[120.79798339153504, 14.979317531164625], [120.80121732655786, 14.979317531164625], [120.80229530489876, 14.983629444528404], [120.79798339153504, 14.983629444528404], [120.79906136987594, 14.981473487846515], [120.79798339153504, 14.981473487846515], [120.79798339153504, 14.979317531164625]]]}, "properties": {"date": "2024-07-30", "event": "carina_2024"}}, {"type": "Feature", "geometry": {"geodesic": false, "type": "Polygon", "coordinates": [[[120.8303227417633, 15.009500924711048], [120.83247869844521, 15.009500924711048], [120.83247869844521, 15.010578903051993], [120.83355667678617, 15.010578903051993], [120.83355667678617, 15.013812838074813], [120.8303227417633, 15.013812838074813], [120.8303227417633, 15.012734859733868], [120.8292447634224, 15.012734859733868], [120.8292447634224, 15.010578903051993], [120.8303227417633, 15.010578903051993], [120.8303227417633, 15.009500924711048]]]}, "properties": {"date": "2024-07-30", "event": "carina_2024"}}, {"type": "Feature", "geometry": {"geodesic": false, "type": "Polygon", "coordinates": [[[120.80445126158068, 15.155028000738412], [120.80660721826254, 15.155028000738412], [120.80660721826254, 15.157183957420287], [120.80552923992164, 15.157183957420287], [120.80552923992164, 15.159339914102176], [120.80660721826254, 15.159339914102176], [120.80660721826254, 15.160417892443121], [120.80337328323972, 15.160417892443121], [120.80337328323972, 15.158261935761232], [120.80229530489876, 15.158261935761232], [120.80445126158068, 15.155028000738412]]]}, "properties": {"date": "2024-07-30", "event": "carina_2024"}}, {"type": "Feature", "geometry": {"geodesic": false, "type": "Polygon", "coordinates": [[[120.85727220028693, 15.21000489612652], [120.85942815696879, 15.211082874467465], [120.85942815696879, 15.21216085280841], [120.85835017862783, 15.21216085280841], [120.85835017862783, 15.213238831149354], [120.85942815696879, 15.213238831149354], [120.85942815696879, 15.216472766172174], [120.85727220028693, 15.216472766172174], [120.85727220028693, 15.214316809490299], [120.85619422194597, 15.214316809490299], [120.85619422194597, 15.211082874467465], [120.85727220028693, 15.211082874467465], [120.85727220028693, 15.21000489612652]]]}, "properties": {"date": "2024-07-30", "event": "carina_2024"}}, {"type": "Feature", "geometry": {"geodesic": false, "type": "Polygon", "coordinates": [[[120.85188230858219, 15.228330527922566], [120.85403826526405, 15.228330527922566], [120.85403826526405, 15.229408506263496], [120.85296028692315, 15.229408506263496], [120.85296028692315, 15.23264244128633], [120.85188230858219, 15.23264244128633], [120.85188230858219, 15.233720419627275], [120.84972635190033, 15.233720419627275], [120.84972635190033, 15.229408506263496], [120.85188230858219, 15.229408506263496], [120.85188230858219, 15.228330527922566]]]}, "properties": {"date": "2024-07-30", "event": "carina_2024"}}, {"type": "Feature", "geometry": {"geodesic": false, "type": "Polygon", "coordinates": [[[120.80337328323972, 15.286541358333508], [120.80660721826254, 15.286541358333508], [120.80660721826254, 15.289775293356328], [120.80121732655786, 15.289775293356328], [120.80121732655786, 15.287619336674453], [120.80337328323972, 15.287619336674453], [120.80337328323972, 15.286541358333508]]]}, "properties": {"date": "2024-07-30", "event": "carina_2024"}}, {"type": "Feature", "geometry": {"geodesic": false, "type": "Polygon", "coordinates": [[[120.73330469107842, 14.983629444528404], [120.73438266941938, 14.983629444528404], [120.73546064776028, 14.985785401210293], [120.73438266941938, 14.985785401210293], [120.73438266941938, 14.986863379551238], [120.7300707560556, 14.986863379551238], [120.7300707560556, 14.983629444528404], [120.73222671273746, 14.983629444528404], [120.73222671273746, 14.984707422869349], [120.73330469107842, 14.984707422869349], [120.73330469107842, 14.983629444528404]]]}, "properties": {"date": "2024-07-30", "event": "carina_2024"}}, {"type": "Feature", "geometry": {"geodesic": false, "type": "Polygon", "coordinates": [[[120.82062093669484, 15.074179625167645], [120.8216989150358, 15.074179625167645], [120.82385487171766, 15.077413560190479], [120.8216989150358, 15.076335581849534], [120.8216989150358, 15.079569516872368], [120.81954295835388, 15.080647495213313], [120.81954295835388, 15.07525760350859], [120.82062093669484, 15.07525760350859], [120.82062093669484, 15.074179625167645]]]}, "properties": {"date": "2024-07-30", "event": "carina_2024"}}, {"type": "Feature", "geometry": {"geodesic": false, "type": "Polygon", "coordinates": [[[120.82601082839952, 15.053698036689724], [120.82816678508144, 15.053698036689724], [120.82816678508144, 15.056931971712558], [120.83355667678617, 15.056931971712558], [120.83355667678617, 15.058009950053503], [120.83463465512708, 15.058009950053503], [120.83463465512708, 15.061243885076323], [120.83571263346803, 15.061243885076323], [120.83571263346803, 15.058009950053503], [120.8378685901499, 15.058009950053503], [120.8378685901499, 15.059087928394447], [120.84110252517277, 15.059087928394447], [120.84110252517277, 15.060165906735378], [120.84218050351367, 15.060165906735378], [120.84218050351367, 15.062321863417267], [120.84110252517277, 15.062321863417267], [120.84110252517277, 15.063399841758212], [120.8378685901499, 15.063399841758212], [120.8378685901499, 15.062321863417267], [120.83571263346803, 15.062321863417267], [120.83571263346803, 15.063399841758212], [120.83463465512708, 15.063399841758212], [120.83463465512708, 15.064477820099157], [120.836790611809, 15.064477820099157], [120.8378685901499, 15.066633776781046], [120.83894656849085, 15.066633776781046], [120.83894656849085, 15.064477820099157], [120.84110252517277, 15.064477820099157], [120.84110252517277, 15.065555798440101], [120.84218050351367, 15.065555798440101], [120.84218050351367, 15.064477820099157], [120.84325848185463, 15.064477820099157], [120.84325848185463, 15.065555798440101], [120.84541443853655, 15.064477820099157], [120.84541443853655, 15.065555798440101], [120.84649241687745, 15.065555798440101], [120.84649241687745, 15.061243885076323], [120.84972635190033, 15.061243885076323], [120.84972635190033, 15.062321863417267], [120.85080433024123, 15.062321863417267], [120.85296028692315, 15.059087928394447], [120.85511624360501, 15.059087928394447], [120.85511624360501, 15.062321863417267], [120.85835017862783, 15.060165906735378], [120.85835017862783, 15.059087928394447], [120.86050613530975, 15.060165906735378], [120.85942815696879, 15.062321863417267], [120.85727220028693, 15.062321863417267], [120.85727220028693, 15.066633776781046], [120.85403826526405, 15.066633776781046], [120.85403826526405, 15.063399841758212], [120.85511624360501, 15.063399841758212], [120.85511624360501, 15.062321863417267], [120.85296028692315, 15.062321863417267], [120.85188230858219, 15.064477820099157], [120.84972635190033, 15.064477820099157], [120.85080433024123, 15.066633776781046], [120.85296028692315, 15.066633776781046], [120.85080433024123, 15.06986771180388], [120.84649241687745, 15.06986771180388], [120.84757039521841, 15.06771175512199], [120.84864837355937, 15.06771175512199], [120.84757039521841, 15.065555798440101], [120.84541443853655, 15.066633776781046], [120.84541443853655, 15.068789733462935], [120.84110252517277, 15.068789733462935], [120.84002454683181, 15.066633776781046], [120.83894656849085, 15.066633776781046], [120.8378685901499, 15.070945690144825], [120.84002454683181, 15.06986771180388], [120.84002454683181, 15.07525760350859], [120.84218050351367, 15.07525760350859], [120.84218050351367, 15.074179625167645], [120.84325848185463, 15.074179625167645], [120.84325848185463, 15.07525760350859], [120.84433646019559, 15.07525760350859], [120.84433646019559, 15.079569516872368], [120.84218050351367, 15.079569516872368], [120.84218050351367, 15.081725473554258], [120.84002454683181, 15.081725473554258], [120.84002454683181, 15.083881430236133], [120.84325848185463, 15.083881430236133], [120.84433646019559, 15.081725473554258], [120.84541443853655, 15.081725473554258], [120.84541443853655, 15.079569516872368], [120.84649241687745, 15.079569516872368], [120.84649241687745, 15.078491538531424], [120.84972635190033, 15.080647495213313], [120.84972635190033, 15.082803451895202], [120.85296028692315, 15.082803451895202], [120.85296028692315, 15.081725473554258], [120.85403826526405, 15.081725473554258], [120.85403826526405, 15.080647495213313], [120.85188230858219, 15.080647495213313], [120.85188230858219, 15.078491538531424], [120.85080433024123, 15.078491538531424], [120.85080433024123, 15.077413560190479], [120.84864837355937, 15.077413560190479], [120.84864837355937, 15.076335581849534], [120.84972635190033, 15.076335581849534], [120.84972635190033, 15.074179625167645], [120.84757039521841, 15.074179625167645], [120.84864837355937, 15.072023668485755], [120.85188230858219, 15.072023668485755], [120.85188230858219, 15.074179625167645], [120.85296028692315, 15.074179625167645], [120.85296028692315, 15.0731016468267], [120.85511624360501, 15.0731016468267], [120.85511624360501, 15.07525760350859], [120.85619422194597, 15.07525760350859], [120.85619422194597, 15.082803451895202], [120.86266209199161, 15.082803451895202], [120.86266209199161, 15.083881430236133], [120.86374007033257, 15.083881430236133], [120.86266209199161, 15.086037386918022], [120.86589602701443, 15.086037386918022], [120.86589602701443, 15.084959408577078], [120.86805198369635, 15.084959408577078], [120.86805198369635, 15.086037386918022], [120.87128591871917, 15.086037386918022], [120.87128591871917, 15.087115365258967], [120.87344187540108, 15.088193343599912], [120.87344187540108, 15.089271321940856], [120.87128591871917, 15.088193343599912], [120.87128591871917, 15.089271321940856], [120.86697400535539, 15.089271321940856], [120.86589602701443, 15.091427278622746], [120.86158411365071, 15.090349300281801], [120.86158411365071, 15.089271321940856], [120.85619422194597, 15.089271321940856], [120.85619422194597, 15.090349300281801], [120.85511624360501, 15.090349300281801], [120.85511624360501, 15.091427278622746], [120.86050613530975, 15.091427278622746], [120.86050613530975, 15.093583235304635], [120.86589602701443, 15.093583235304635], [120.86589602701443, 15.101129083691234], [120.86805198369635, 15.101129083691234], [120.86805198369635, 15.104363018714068], [120.86697400535539, 15.104363018714068], [120.86805198369635, 15.106518975395957], [120.8691299620373, 15.106518975395957], [120.8691299620373, 15.105440997055013], [120.87128591871917, 15.105440997055013], [120.87128591871917, 15.104363018714068], [120.87020794037821, 15.104363018714068], [120.87020794037821, 15.102207062032178], [120.87128591871917, 15.102207062032178], [120.87128591871917, 15.103285040373123], [120.87451985374199, 15.103285040373123], [120.87451985374199, 15.105440997055013], [120.87236389706013, 15.105440997055013], [120.87236389706013, 15.106518975395957], [120.87128591871917, 15.106518975395957], [120.87128591871917, 15.107596953736902], [120.87344187540108, 15.108674932077832], [120.87344187540108, 15.109752910418777], [120.87236389706013, 15.109752910418777], [120.87236389706013, 15.110830888759722], [120.87344187540108, 15.110830888759722], [120.87344187540108, 15.114064823782556], [120.87128591871917, 15.114064823782556], [120.87128591871917, 15.116220780464445], [120.8691299620373, 15.116220780464445], [120.8691299620373, 15.11729875880539], [120.86805198369635, 15.11729875880539], [120.86805198369635, 15.114064823782556], [120.87020794037821, 15.114064823782556], [120.87020794037821, 15.112986845441611], [120.86805198369635, 15.111908867100666], [120.86805198369635, 15.110830888759722], [120.87020794037821, 15.110830888759722], [120.87020794037821, 15.109752910418777], [120.8691299620373, 15.109752910418777], [120.8691299620373, 15.108674932077832], [120.86697400535539, 15.108674932077832], [120.86697400535539, 15.114064823782556], [120.86481804867353, 15.114064823782556], [120.86481804867353, 15.112986845441611], [120.86374007033257, 15.112986845441611], [120.86374007033257, 15.114064823782556], [120.86050613530975, 15.114064823782556], [120.85942815696879, 15.111908867100666], [120.85619422194597, 15.111908867100666], [120.85619422194597, 15.110830888759722], [120.85511624360501, 15.110830888759722], [120.85511624360501, 15.108674932077832], [120.85296028692315, 15.108674932077832], [120.85296028692315, 15.107596953736902], [120.85188230858219, 15.107596953736902], [120.85188230858219, 15.105440997055013], [120.85296028692315, 15.105440997055013], [120.85296028692315, 15.104363018714068], [120.85188230858219, 15.104363018714068], [120.85188230858219, 15.101129083691234], [120.85080433024123, 15.101129083691234], [120.85080433024123, 15.0978951486684], [120.84972635190033, 15.0978951486684], [120.84972635190033, 15.09250525696369], [120.85511624360501, 15.09250525696369], [120.85511624360501, 15.091427278622746], [120.85296028692315, 15.091427278622746], [120.85296028692315, 15.090349300281801], [120.85188230858219, 15.090349300281801], [120.85188230858219, 15.091427278622746], [120.84649241687745, 15.091427278622746], [120.84649241687745, 15.09250525696369], [120.84757039521841, 15.09250525696369], [120.84757039521841, 15.09466121364558], [120.84864837355937, 15.09466121364558], [120.84864837355937, 15.100051105350289], [120.84757039521841, 15.100051105350289], [120.84757039521841, 15.102207062032178], [120.84972635190033, 15.102207062032178], [120.84972635190033, 15.103285040373123], [120.85080433024123, 15.103285040373123], [120.85080433024123, 15.109752910418777], [120.84972635190033, 15.109752910418777], [120.84972635190033, 15.111908867100666], [120.84864837355937, 15.111908867100666], [120.84864837355937, 15.112986845441611], [120.85080433024123, 15.112986845441611], [120.85080433024123, 15.111908867100666], [120.85403826526405, 15.111908867100666], [120.85403826526405, 15.112986845441611], [120.85296028692315, 15.112986845441611], [120.85296028692315, 15.116220780464445], [120.85080433024123, 15.116220780464445], [120.85080433024123, 15.118376737146335], [120.84972635190033, 15.118376737146335], [120.84972635190033, 15.11945471548728], [120.84649241687745, 15.11945471548728], [120.84649241687745, 15.12053269382821], [120.84541443853655, 15.12053269382821], [120.84649241687745, 15.1226886505101], [120.84541443853655, 15.1226886505101], [120.84541443853655, 15.123766628851044], [120.84433646019559, 15.123766628851044], [120.84433646019559, 15.124844607191989], [120.84325848185463, 15.124844607191989], [120.84110252517277, 15.128078542214823], [120.84325848185463, 15.129156520555767], [120.84325848185463, 15.127000563873878], [120.84541443853655, 15.125922585532933], [120.84541443853655, 15.124844607191989], [120.84757039521841, 15.124844607191989], [120.84757039521841, 15.125922585532933], [120.84972635190033, 15.127000563873878], [120.84972635190033, 15.130234498896712], [120.85080433024123, 15.130234498896712], [120.85080433024123, 15.131312477237657], [120.85296028692315, 15.131312477237657], [120.85296028692315, 15.132390455578587], [120.85511624360501, 15.133468433919532], [120.85403826526405, 15.144248217328965], [120.85511624360501, 15.144248217328965], [120.85619422194597, 15.148560130692744], [120.85403826526405, 15.148560130692744], [120.85403826526405, 15.149638109033688], [120.85296028692315, 15.149638109033688], [120.85296028692315, 15.148560130692744], [120.84972635190033, 15.148560130692744], [120.84972635190033, 15.14532619566991], [120.84757039521841, 15.144248217328965], [120.84757039521841, 15.14209226064709], [120.84541443853655, 15.14209226064709], [120.84541443853655, 15.141014282306145], [120.84433646019559, 15.141014282306145], [120.84541443853655, 15.131312477237657], [120.84757039521841, 15.131312477237657], [120.84757039521841, 15.130234498896712], [120.84325848185463, 15.130234498896712], [120.84325848185463, 15.132390455578587], [120.84433646019559, 15.132390455578587], [120.84433646019559, 15.134546412260477], [120.84325848185463, 15.134546412260477], [120.84325848185463, 15.135624390601421], [120.83571263346803, 15.135624390601421], [120.83571263346803, 15.133468433919532], [120.83247869844521, 15.133468433919532], [120.83247869844521, 15.134546412260477], [120.83140072010426, 15.134546412260477], [120.83140072010426, 15.133468433919532], [120.8303227417633, 15.133468433919532], [120.8303227417633, 15.131312477237657], [120.82816678508144, 15.131312477237657], [120.82816678508144, 15.128078542214823], [120.8303227417633, 15.129156520555767], [120.8303227417633, 15.123766628851044], [120.83247869844521, 15.123766628851044], [120.83247869844521, 15.118376737146335], [120.83140072010426, 15.118376737146335], [120.83140072010426, 15.12053269382821], [120.8303227417633, 15.12053269382821], [120.8303227417633, 15.121610672169155], [120.82601082839952, 15.121610672169155], [120.82601082839952, 15.118376737146335], [120.83140072010426, 15.118376737146335], [120.83140072010426, 15.110830888759722], [120.83355667678617, 15.111908867100666], [120.83355667678617, 15.109752910418777], [120.83463465512708, 15.109752910418777], [120.83463465512708, 15.111908867100666], [120.83571263346803, 15.111908867100666], [120.83571263346803, 15.114064823782556], [120.83463465512708, 15.114064823782556], [120.83463465512708, 15.1151428021235], [120.836790611809, 15.1151428021235], [120.836790611809, 15.109752910418777], [120.83571263346803, 15.109752910418777], [120.83571263346803, 15.108674932077832], [120.84110252517277, 15.108674932077832], [120.84110252517277, 15.109752910418777], [120.84218050351367, 15.109752910418777], [120.84218050351367, 15.110830888759722], [120.84325848185463, 15.110830888759722], [120.84325848185463, 15.111908867100666], [120.84433646019559, 15.111908867100666], [120.84433646019559, 15.112986845441611], [120.84541443853655, 15.112986845441611], [120.84757039521841, 15.116220780464445], [120.84972635190033, 15.116220780464445], [120.84972635190033, 15.114064823782556], [120.84649241687745, 15.111908867100666], [120.84757039521841, 15.109752910418777], [120.84649241687745, 15.109752910418777], [120.84649241687745, 15.108674932077832], [120.84325848185463, 15.108674932077832], [120.84218050351367, 15.106518975395957], [120.84110252517277, 15.106518975395957], [120.84110252517277, 15.103285040373123], [120.83894656849085, 15.104363018714068], [120.83894656849085, 15.103285040373123], [120.8378685901499, 15.103285040373123], [120.8378685901499, 15.100051105350289], [120.83140072010426, 15.100051105350289], [120.83140072010426, 15.096817170327455], [120.83355667678617, 15.096817170327455], [120.83463465512708, 15.09466121364558], [120.83571263346803, 15.09466121364558], [120.83463465512708, 15.090349300281801], [120.83247869844521, 15.090349300281801], [120.83247869844521, 15.088193343599912], [120.8378685901499, 15.088193343599912], [120.8378685901499, 15.089271321940856], [120.83894656849085, 15.089271321940856], [120.83894656849085, 15.088193343599912], [120.84110252517277, 15.088193343599912], [120.84110252517277, 15.089271321940856], [120.84325848185463, 15.089271321940856], [120.84325848185463, 15.086037386918022], [120.84110252517277, 15.086037386918022], [120.84110252517277, 15.087115365258967], [120.8378685901499, 15.087115365258967], [120.8378685901499, 15.084959408577078], [120.836790611809, 15.084959408577078], [120.836790611809, 15.083881430236133], [120.83571263346803, 15.083881430236133], [120.83571263346803, 15.084959408577078], [120.8303227417633, 15.084959408577078], [120.8303227417633, 15.083881430236133], [120.82816678508144, 15.083881430236133], [120.82816678508144, 15.082803451895202], [120.82708880674048, 15.082803451895202], [120.82708880674048, 15.081725473554258], [120.82493285005862, 15.081725473554258], [120.82493285005862, 15.078491538531424], [120.82601082839952, 15.078491538531424], [120.82601082839952, 15.076335581849534], [120.82708880674048, 15.076335581849534], [120.82708880674048, 15.07525760350859], [120.82601082839952, 15.07525760350859], [120.82601082839952, 15.0731016468267], [120.82816678508144, 15.0731016468267], [120.82816678508144, 15.070945690144825], [120.8303227417633, 15.070945690144825], [120.8303227417633, 15.0731016468267], [120.83571263346803, 15.0731016468267], [120.83571263346803, 15.06986771180388], [120.83247869844521, 15.06986771180388], [120.83247869844521, 15.068789733462935], [120.83140072010426, 15.068789733462935], [120.83140072010426, 15.065555798440101], [120.82708880674048, 15.065555798440101], [120.82708880674048, 15.061243885076323], [120.82601082839952, 15.061243885076323], [120.82601082839952, 15.059087928394447], [120.8216989150358, 15.059087928394447], [120.8216989150358, 15.060165906735378], [120.81954295835388, 15.060165906735378], [120.81954295835388, 15.059087928394447], [120.82062093669484, 15.059087928394447], [120.82062093669484, 15.056931971712558], [120.8216989150358, 15.056931971712558], [120.8216989150358, 15.054776015030669], [120.82601082839952, 15.054776015030669], [120.82601082839952, 15.053698036689724]], [[120.83463465512708, 15.131312477237657], [120.83463465512708, 15.132390455578587], [120.83355667678617, 15.132390455578587], [120.83355667678617, 15.131312477237657], [120.83463465512708, 15.131312477237657]], [[120.83571263346803, 15.123766628851044], [120.83571263346803, 15.127000563873878], [120.83463465512708, 15.127000563873878], [120.83463465512708, 15.130234498896712], [120.83355667678617, 15.130234498896712], [120.83355667678617, 15.125922585532933], [120.83463465512708, 15.125922585532933], [120.83463465512708, 15.123766628851044], [120.83571263346803, 15.123766628851044]], [[120.84541443853655, 15.11945471548728], [120.84541443853655, 15.12053269382821], [120.84433646019559, 15.12053269382821], [120.84433646019559, 15.11945471548728], [120.84541443853655, 15.11945471548728]], [[120.83355667678617, 15.11729875880539], [120.83355667678617, 15.118376737146335], [120.83247869844521, 15.118376737146335], [120.83247869844521, 15.11729875880539], [120.83355667678617, 15.11729875880539]], [[120.84110252517277, 15.1151428021235], [120.84218050351367, 15.11945471548728], [120.84002454683181, 15.118376737146335], [120.84002454683181, 15.11729875880539], [120.8378685901499, 15.11729875880539], [120.8378685901499, 15.11945471548728], [120.83571263346803, 15.12053269382821], [120.836790611809, 15.1151428021235], [120.84110252517277, 15.1151428021235]], [[120.84541443853655, 15.102207062032178], [120.84541443853655, 15.103285040373123], [120.84433646019559, 15.103285040373123], [120.84433646019559, 15.102207062032178], [120.84541443853655, 15.102207062032178]], [[120.84002454683181, 15.096817170327455], [120.84002454683181, 15.0978951486684], [120.83894656849085, 15.0978951486684], [120.83894656849085, 15.096817170327455], [120.84002454683181, 15.096817170327455]], [[120.86805198369635, 15.106518975395957], [120.86697400535539, 15.108674932077832], [120.86481804867353, 15.108674932077832], [120.86481804867353, 15.106518975395957], [120.86805198369635, 15.106518975395957]], [[120.85511624360501, 15.086037386918022], [120.85511624360501, 15.087115365258967], [120.85403826526405, 15.087115365258967], [120.85403826526405, 15.086037386918022], [120.85511624360501, 15.086037386918022]], [[120.86266209199161, 15.086037386918022], [120.86266209199161, 15.087115365258967], [120.86158411365071, 15.087115365258967], [120.86158411365071, 15.086037386918022], [120.86266209199161, 15.086037386918022]], [[120.84433646019559, 15.083881430236133], [120.84433646019559, 15.084959408577078], [120.84757039521841, 15.084959408577078], [120.84757039521841, 15.086037386918022], [120.84649241687745, 15.086037386918022], [120.84649241687745, 15.091427278622746], [120.84541443853655, 15.091427278622746], [120.84541443853655, 15.089271321940856], [120.84433646019559, 15.089271321940856], [120.84433646019559, 15.088193343599912], [120.84541443853655, 15.088193343599912], [120.84541443853655, 15.086037386918022], [120.84325848185463, 15.086037386918022], [120.84325848185463, 15.083881430236133], [120.84433646019559, 15.083881430236133]], [[120.83247869844521, 15.064477820099157], [120.83247869844521, 15.065555798440101], [120.83140072010426, 15.065555798440101], [120.83140072010426, 15.064477820099157], [120.83247869844521, 15.064477820099157]]]}, "properties": {"date": "2024-08-03", "event": "carina_2024"}}, {"type": "Feature", "geometry": {"geodesic": false, "type": "Polygon", "coordinates": [[[120.85511624360501, 14.992253271255947], [120.85835017862783, 14.992253271255947], [120.85835017862783, 14.993331249596892], [120.86050613530975, 14.994409227937837], [120.86050613530975, 14.996565184619726], [120.85727220028693, 14.996565184619726], [120.85727220028693, 14.998721141301615], [120.85188230858219, 14.998721141301615], [120.85188230858219, 14.99764316296067], [120.85080433024123, 14.99764316296067], [120.85080433024123, 14.999799119642546], [120.85403826526405, 14.999799119642546], [120.85403826526405, 15.00087709798349], [120.85942815696879, 15.00087709798349], [120.85942815696879, 15.001955076324435], [120.86589602701443, 15.001955076324435], [120.86589602701443, 15.004111033006325], [120.86481804867353, 15.004111033006325], [120.86481804867353, 15.00518901134727], [120.86158411365071, 15.00518901134727], [120.86158411365071, 15.006266989688214], [120.86050613530975, 15.006266989688214], [120.86050613530975, 15.008422946370104], [120.85727220028693, 15.008422946370104], [120.85727220028693, 15.010578903051993], [120.85403826526405, 15.010578903051993], [120.85403826526405, 15.009500924711048], [120.84864837355937, 15.009500924711048], [120.84864837355937, 15.011656881392923], [120.84433646019559, 15.011656881392923], [120.84433646019559, 15.007344968029159], [120.84325848185463, 15.007344968029159], [120.84325848185463, 15.006266989688214], [120.84110252517277, 15.006266989688214], [120.84110252517277, 15.00303305466538], [120.84218050351367, 15.00303305466538], [120.84218050351367, 15.001955076324435], [120.8378685901499, 14.999799119642546], [120.8378685901499, 14.99764316296067], [120.836790611809, 14.99764316296067], [120.836790611809, 14.996565184619726], [120.83355667678617, 14.996565184619726], [120.83355667678617, 14.998721141301615], [120.836790611809, 14.998721141301615], [120.83571263346803, 15.00303305466538], [120.8378685901499, 15.00303305466538], [120.8378685901499, 15.004111033006325], [120.83894656849085, 15.004111033006325], [120.8378685901499, 15.010578903051993], [120.836790611809, 15.010578903051993], [120.836790611809, 15.009500924711048], [120.83463465512708, 15.009500924711048], [120.83463465512708, 15.010578903051993], [120.83355667678617, 15.010578903051993], [120.83355667678617, 15.012734859733868], [120.83140072010426, 15.012734859733868], [120.83140072010426, 15.013812838074813], [120.8303227417633, 15.013812838074813], [120.8303227417633, 15.015968794756702], [120.82601082839952, 15.015968794756702], [120.82601082839952, 15.018124751438592], [120.82385487171766, 15.018124751438592], [120.82601082839952, 15.021358686461426], [120.82493285005862, 15.021358686461426], [120.82493285005862, 15.020280708120481], [120.8227768933767, 15.021358686461426], [120.8227768933767, 15.020280708120481], [120.81846498001292, 15.020280708120481], [120.81846498001292, 15.019202729779536], [120.81738700167202, 15.019202729779536], [120.81738700167202, 15.013812838074813], [120.8152310449901, 15.013812838074813], [120.8152310449901, 15.011656881392923], [120.81307508830824, 15.011656881392923], [120.81307508830824, 15.009500924711048], [120.81415306664914, 15.009500924711048], [120.81415306664914, 15.010578903051993], [120.8152310449901, 15.010578903051993], [120.8152310449901, 15.009500924711048], [120.81630902333106, 15.009500924711048], [120.81630902333106, 15.010578903051993], [120.81846498001292, 15.009500924711048], [120.81846498001292, 15.010578903051993], [120.81954295835388, 15.010578903051993], [120.81954295835388, 15.013812838074813], [120.82062093669484, 15.013812838074813], [120.82062093669484, 15.018124751438592], [120.8216989150358, 15.018124751438592], [120.8216989150358, 15.019202729779536], [120.82385487171766, 15.018124751438592], [120.8227768933767, 15.015968794756702], [120.82385487171766, 15.015968794756702], [120.82385487171766, 15.014890816415758], [120.82816678508144, 15.013812838074813], [120.82816678508144, 15.011656881392923], [120.8303227417633, 15.011656881392923], [120.83140072010426, 15.009500924711048], [120.83247869844521, 15.009500924711048], [120.83247869844521, 15.00518901134727], [120.83355667678617, 15.00518901134727], [120.83355667678617, 15.004111033006325], [120.8303227417633, 15.004111033006325], [120.8303227417633, 14.99764316296067], [120.82816678508144, 14.99764316296067], [120.82816678508144, 14.995487206278781], [120.8303227417633, 14.995487206278781], [120.8303227417633, 14.996565184619726], [120.83140072010426, 14.996565184619726], [120.83140072010426, 14.994409227937837], [120.8378685901499, 14.995487206278781], [120.8378685901499, 14.994409227937837], [120.83894656849085, 14.994409227937837], [120.83894656849085, 14.996565184619726], [120.84002454683181, 14.996565184619726], [120.84002454683181, 14.99764316296067], [120.84110252517277, 14.99764316296067], [120.84110252517277, 14.996565184619726], [120.84325848185463, 14.996565184619726], [120.84325848185463, 14.998721141301615], [120.84541443853655, 14.998721141301615], [120.84541443853655, 14.99764316296067], [120.84649241687745, 14.99764316296067], [120.84649241687745, 15.00087709798349], [120.84864837355937, 15.00087709798349], [120.84864837355937, 14.996565184619726], [120.84757039521841, 14.996565184619726], [120.84757039521841, 14.994409227937837], [120.85188230858219, 14.993331249596892], [120.85188230858219, 14.995487206278781], [120.85511624360501, 14.995487206278781], [120.85511624360501, 14.992253271255947]], [[120.82385487171766, 15.019202729779536], [120.82385487171766, 15.020280708120481], [120.8227768933767, 15.020280708120481], [120.8227768933767, 15.019202729779536], [120.82385487171766, 15.019202729779536]], [[120.84972635190033, 15.004111033006325], [120.84972635190033, 15.00518901134727], [120.84864837355937, 15.00518901134727], [120.84864837355937, 15.004111033006325], [120.84972635190033, 15.004111033006325]], [[120.84649241687745, 15.00303305466538], [120.84649241687745, 15.00518901134727], [120.84433646019559, 15.00518901134727], [120.84433646019559, 15.00303305466538], [120.84649241687745, 15.00303305466538]]]}, "properties": {"date": "2024-08-03", "event": "carina_2024"}}, {"type": "Feature", "geometry": {"geodesic": false, "type": "Polygon", "coordinates": [[[120.85511624360501, 15.112986845441611], [120.85727220028693, 15.112986845441611], [120.85727220028693, 15.1151428021235], [120.85835017862783, 15.1151428021235], [120.85942815696879, 15.11729875880539], [120.86050613530975, 15.11729875880539], [120.86050613530975, 15.116220780464445], [120.86374007033257, 15.116220780464445], [120.86374007033257, 15.11729875880539], [120.86266209199161, 15.11729875880539], [120.86266209199161, 15.121610672169155], [120.86589602701443, 15.121610672169155], [120.86589602701443, 15.1226886505101], [120.86374007033257, 15.123766628851044], [120.86374007033257, 15.125922585532933], [120.86589602701443, 15.127000563873878], [120.86697400535539, 15.132390455578587], [120.86589602701443, 15.132390455578587], [120.86589602701443, 15.133468433919532], [120.86266209199161, 15.133468433919532], [120.86158411365071, 15.131312477237657], [120.85942815696879, 15.131312477237657], [120.85942815696879, 15.132390455578587], [120.86158411365071, 15.133468433919532], [120.86158411365071, 15.135624390601421], [120.85835017862783, 15.135624390601421], [120.85835017862783, 15.133468433919532], [120.85619422194597, 15.133468433919532], [120.85619422194597, 15.130234498896712], [120.85188230858219, 15.130234498896712], [120.85080433024123, 15.125922585532933], [120.84972635190033, 15.125922585532933], [120.84972635190033, 15.12053269382821], [120.85080433024123, 15.12053269382821], [120.85080433024123, 15.11945471548728], [120.85188230858219, 15.11945471548728], [120.85080433024123, 15.121610672169155], [120.85511624360501, 15.1226886505101], [120.85296028692315, 15.11729875880539], [120.85403826526405, 15.11729875880539], [120.85403826526405, 15.1151428021235], [120.85511624360501, 15.1151428021235], [120.85511624360501, 15.112986845441611]], [[120.85727220028693, 15.129156520555767], [120.85727220028693, 15.130234498896712], [120.85619422194597, 15.130234498896712], [120.85619422194597, 15.129156520555767], [120.85727220028693, 15.129156520555767]], [[120.86374007033257, 15.125922585532933], [120.86374007033257, 15.127000563873878], [120.86266209199161, 15.127000563873878], [120.86266209199161, 15.125922585532933], [120.86374007033257, 15.125922585532933]], [[120.85619422194597, 15.124844607191989], [120.85619422194597, 15.125922585532933], [120.85511624360501, 15.125922585532933], [120.85511624360501, 15.124844607191989], [120.85619422194597, 15.124844607191989]], [[120.85835017862783, 15.124844607191989], [120.85942815696879, 15.130234498896712], [120.85727220028693, 15.129156520555767], [120.85727220028693, 15.127000563873878], [120.85619422194597, 15.127000563873878], [120.85727220028693, 15.124844607191989], [120.85835017862783, 15.124844607191989]], [[120.86374007033257, 15.1226886505101], [120.86374007033257, 15.123766628851044], [120.86266209199161, 15.123766628851044], [120.86266209199161, 15.1226886505101], [120.86374007033257, 15.1226886505101]], [[120.86266209199161, 15.121610672169155], [120.86266209199161, 15.1226886505101], [120.86158411365071, 15.1226886505101], [120.86158411365071, 15.121610672169155], [120.86266209199161, 15.121610672169155]], [[120.85727220028693, 15.118376737146335], [120.85727220028693, 15.12053269382821], [120.85511624360501, 15.12053269382821], [120.85511624360501, 15.118376737146335], [120.85727220028693, 15.118376737146335]]]}, "properties": {"date": "2024-08-03", "event": "carina_2024"}}, {"type": "Feature", "geometry": {"geodesic": false, "type": "Polygon", "coordinates": [[[120.78289169476179, 15.008422946370104], [120.78612562978466, 15.008422946370104], [120.78612562978466, 15.010578903051993], [120.78828158646652, 15.011656881392923], [120.78828158646652, 15.013812838074813], [120.78935956480748, 15.013812838074813], [120.78935956480748, 15.014890816415758], [120.79151552148934, 15.014890816415758], [120.79151552148934, 15.012734859733868], [120.79474945651216, 15.012734859733868], [120.79474945651216, 15.014890816415758], [120.8001393482169, 15.014890816415758], [120.8001393482169, 15.013812838074813], [120.80121732655786, 15.013812838074813], [120.80121732655786, 15.015968794756702], [120.79906136987594, 15.017046773097647], [120.79906136987594, 15.020280708120481], [120.8001393482169, 15.020280708120481], [120.8001393482169, 15.021358686461426], [120.79798339153504, 15.021358686461426], [120.79798339153504, 15.020280708120481], [120.79690541319408, 15.020280708120481], [120.79690541319408, 15.0235146431433], [120.79474945651216, 15.0235146431433], [120.79474945651216, 15.02567059982519], [120.79582743485312, 15.02567059982519], [120.79582743485312, 15.026748578166135], [120.79367147817126, 15.026748578166135], [120.79367147817126, 15.0235146431433], [120.78720360812557, 15.0235146431433], [120.78612562978466, 15.02567059982519], [120.78396967310275, 15.02567059982519], [120.78612562978466, 15.02243666480237], [120.78720360812557, 15.02243666480237], [120.78720360812557, 15.019202729779536], [120.7850476514437, 15.019202729779536], [120.78612562978466, 15.013812838074813], [120.78396967310275, 15.012734859733868], [120.78289169476179, 15.008422946370104]]]}, "properties": {"date": "2024-08-03", "event": "carina_2024"}}, {"type": "Feature", "geometry": {"geodesic": false, "type": "Polygon", "coordinates": [[[120.80660721826254, 15.246656159718597], [120.81091913162632, 15.246656159718597], [120.81091913162632, 15.248812116400487], [120.81199710996728, 15.248812116400487], [120.81199710996728, 15.249890094741431], [120.81091913162632, 15.249890094741431], [120.81091913162632, 15.253124029764251], [120.8152310449901, 15.25204605142332], [120.8152310449901, 15.25527998644614], [120.81738700167202, 15.254202008105196], [120.81630902333106, 15.256357964787085], [120.81738700167202, 15.256357964787085], [120.81738700167202, 15.25959189980992], [120.81846498001292, 15.25959189980992], [120.81954295835388, 15.261747856491809], [120.81846498001292, 15.261747856491809], [120.81846498001292, 15.262825834832753], [120.81738700167202, 15.262825834832753], [120.81738700167202, 15.261747856491809], [120.8152310449901, 15.261747856491809], [120.81307508830824, 15.266059769855573], [120.81199710996728, 15.266059769855573], [120.81199710996728, 15.264981791514629], [120.80984115328542, 15.266059769855573], [120.80984115328542, 15.264981791514629], [120.81091913162632, 15.264981791514629], [120.81091913162632, 15.262825834832753], [120.81199710996728, 15.262825834832753], [120.81199710996728, 15.261747856491809], [120.80984115328542, 15.261747856491809], [120.80984115328542, 15.25959189980992], [120.81091913162632, 15.25959189980992], [120.81091913162632, 15.258513921468975], [120.80876317494446, 15.258513921468975], [120.80876317494446, 15.25959189980992], [120.80445126158068, 15.25959189980992], [120.80445126158068, 15.256357964787085], [120.80984115328542, 15.256357964787085], [120.80984115328542, 15.254202008105196], [120.80337328323972, 15.254202008105196], [120.80337328323972, 15.248812116400487], [120.80445126158068, 15.248812116400487], [120.80445126158068, 15.247734138059542], [120.80660721826254, 15.247734138059542], [120.80660721826254, 15.246656159718597]], [[120.81307508830824, 15.260669878150864], [120.81307508830824, 15.261747856491809], [120.81199710996728, 15.261747856491809], [120.81199710996728, 15.260669878150864], [120.81307508830824, 15.260669878150864]], [[120.8152310449901, 15.260669878150864], [120.8152310449901, 15.261747856491809], [120.81415306664914, 15.261747856491809], [120.81415306664914, 15.260669878150864], [120.8152310449901, 15.260669878150864]], [[120.81415306664914, 15.25959189980992], [120.81415306664914, 15.260669878150864], [120.81307508830824, 15.260669878150864], [120.81307508830824, 15.25959189980992], [120.81415306664914, 15.25959189980992]], [[120.81630902333106, 15.258513921468975], [120.81630902333106, 15.260669878150864], [120.8152310449901, 15.260669878150864], [120.81415306664914, 15.258513921468975], [120.81630902333106, 15.258513921468975]], [[120.80876317494446, 15.250968073082376], [120.80876317494446, 15.25204605142332], [120.80660721826254, 15.25204605142332], [120.80660721826254, 15.250968073082376], [120.80876317494446, 15.250968073082376]]]}, "properties": {"date": "2024-08-03", "event": "carina_2024"}}, {"type": "Feature", "geometry": {"geodesic": false, "type": "Polygon", "coordinates": [[[120.76133212794295, 15.28007348828784], [120.76348808462481, 15.28007348828784], [120.76348808462481, 15.283307423310674], [120.76456606296577, 15.283307423310674], [120.76456606296577, 15.284385401651619], [120.76133212794295, 15.284385401651619], [120.76133212794295, 15.285463379992564], [120.76241010628391, 15.285463379992564], [120.76241010628391, 15.286541358333508], [120.76779999798859, 15.286541358333508], [120.76779999798859, 15.288697315015384], [120.76348808462481, 15.288697315015384], [120.76348808462481, 15.293009228379162], [120.76025414960199, 15.293009228379162], [120.76025414960199, 15.295165185061052], [120.75270830121539, 15.295165185061052], [120.75270830121539, 15.289775293356328], [120.75163032287443, 15.289775293356328], [120.75163032287443, 15.293009228379162], [120.74947436619257, 15.293009228379162], [120.74947436619257, 15.291931250038218], [120.75055234453353, 15.291931250038218], [120.75055234453353, 15.288697315015384], [120.75270830121539, 15.288697315015384], [120.75486425789725, 15.285463379992564], [120.75594223623821, 15.285463379992564], [120.75702021457917, 15.281151466628785], [120.76133212794295, 15.281151466628785], [120.76133212794295, 15.28007348828784]], [[120.76025414960199, 15.290853271697273], [120.76025414960199, 15.293009228379162], [120.75702021457917, 15.293009228379162], [120.75702021457917, 15.290853271697273], [120.76025414960199, 15.290853271697273]]]}, "properties": {"date": "2024-08-03", "event": "carina_2024"}}, {"type": "Feature", "geometry": {"geodesic": false, "type": "Polygon", "coordinates": [[[120.80660721826254, 15.23479839796822], [120.8076851966035, 15.23479839796822], [120.8076851966035, 15.23695435465011], [120.80876317494446, 15.23695435465011], [120.80876317494446, 15.238032332991054], [120.81091913162632, 15.238032332991054], [120.80984115328542, 15.240188289672943], [120.80876317494446, 15.240188289672943], [120.80876317494446, 15.238032332991054], [120.8076851966035, 15.238032332991054], [120.8076851966035, 15.243422224695763], [120.81091913162632, 15.243422224695763], [120.81091913162632, 15.242344246354818], [120.81199710996728, 15.242344246354818], [120.81307508830824, 15.244500203036708], [120.81199710996728, 15.244500203036708], [120.81199710996728, 15.245578181377653], [120.8076851966035, 15.245578181377653], [120.8076851966035, 15.243422224695763], [120.80660721826254, 15.243422224695763], [120.80552923992164, 15.245578181377653], [120.80337328323972, 15.245578181377653], [120.80337328323972, 15.244500203036708], [120.8001393482169, 15.244500203036708], [120.8001393482169, 15.246656159718597], [120.79906136987594, 15.246656159718597], [120.79690541319408, 15.249890094741431], [120.7925934998303, 15.250968073082376], [120.7925934998303, 15.246656159718597], [120.79151552148934, 15.246656159718597], [120.79151552148934, 15.245578181377653], [120.79367147817126, 15.246656159718597], [120.79367147817126, 15.244500203036708], [120.79474945651216, 15.244500203036708], [120.79474945651216, 15.242344246354818], [120.79367147817126, 15.242344246354818], [120.79367147817126, 15.241266268013874], [120.79690541319408, 15.241266268013874], [120.79798339153504, 15.239110311331999], [120.80337328323972, 15.239110311331999], [120.80337328323972, 15.238032332991054], [120.80445126158068, 15.238032332991054], [120.80445126158068, 15.239110311331999], [120.80660721826254, 15.239110311331999], [120.8076851966035, 15.23695435465011], [120.80660721826254, 15.23695435465011], [120.80660721826254, 15.23479839796822]], [[120.79798339153504, 15.246656159718597], [120.79798339153504, 15.247734138059542], [120.79690541319408, 15.247734138059542], [120.79690541319408, 15.246656159718597], [120.79798339153504, 15.246656159718597]]]}, "properties": {"date": "2024-08-03", "event": "carina_2024"}}, {"type": "Feature", "geometry": {"geodesic": false, "type": "Polygon", "coordinates": [[[120.87451985374199, 15.147482152351799], [120.8766758104239, 15.147482152351799], [120.8766758104239, 15.148560130692744], [120.88314368046954, 15.148560130692744], [120.88314368046954, 15.152872044056522], [120.88098772378768, 15.152872044056522], [120.87990974544672, 15.150716087374633], [120.8777537887648, 15.150716087374633], [120.8777537887648, 15.151794065715578], [120.8766758104239, 15.151794065715578], [120.8766758104239, 15.150716087374633], [120.87451985374199, 15.150716087374633], [120.87451985374199, 15.152872044056522], [120.87559783208295, 15.152872044056522], [120.87559783208295, 15.155028000738412], [120.87883176710577, 15.155028000738412], [120.87883176710577, 15.153950022397467], [120.88529963715146, 15.153950022397467], [120.8842216588105, 15.158261935761232], [120.87990974544672, 15.158261935761232], [120.87990974544672, 15.155028000738412], [120.87883176710577, 15.155028000738412], [120.8766758104239, 15.158261935761232], [120.87128591871917, 15.158261935761232], [120.87128591871917, 15.155028000738412], [120.8691299620373, 15.155028000738412], [120.8691299620373, 15.156105979079342], [120.86481804867353, 15.156105979079342], [120.86589602701443, 15.150716087374633], [120.87128591871917, 15.150716087374633], [120.87128591871917, 15.153950022397467], [120.87236389706013, 15.153950022397467], [120.87236389706013, 15.150716087374633], [120.87451985374199, 15.150716087374633], [120.87451985374199, 15.147482152351799]]]}, "properties": {"date": "2024-08-03", "event": "carina_2024"}}, {"type": "Feature", "geometry": {"geodesic": false, "type": "Polygon", "coordinates": [[[120.8378685901499, 15.040762296598402], [120.84110252517277, 15.040762296598402], [120.84110252517277, 15.041840274939347], [120.84325848185463, 15.042918253280291], [120.84325848185463, 15.04507420996218], [120.84218050351367, 15.04507420996218], [120.84218050351367, 15.049386123325945], [120.84110252517277, 15.049386123325945], [120.84110252517277, 15.051542080007835], [120.84325848185463, 15.051542080007835], [120.84325848185463, 15.053698036689724], [120.83247869844521, 15.053698036689724], [120.83247869844521, 15.051542080007835], [120.83355667678617, 15.051542080007835], [120.83355667678617, 15.042918253280291], [120.83463465512708, 15.042918253280291], [120.83463465512708, 15.046152188303125], [120.83571263346803, 15.046152188303125], [120.836790611809, 15.043996231621236], [120.83571263346803, 15.043996231621236], [120.83571263346803, 15.042918253280291], [120.836790611809, 15.042918253280291], [120.836790611809, 15.041840274939347], [120.83571263346803, 15.041840274939347], [120.83571263346803, 15.040762296598402], [120.8378685901499, 15.041840274939347], [120.8378685901499, 15.040762296598402]], [[120.8378685901499, 15.048308144985], [120.8378685901499, 15.049386123325945], [120.836790611809, 15.049386123325945], [120.836790611809, 15.048308144985], [120.8378685901499, 15.048308144985]], [[120.84110252517277, 15.04507420996218], [120.84110252517277, 15.04723016664407], [120.83894656849085, 15.04723016664407], [120.84002454683181, 15.04507420996218], [120.84110252517277, 15.04507420996218]], [[120.84110252517277, 15.041840274939347], [120.84110252517277, 15.042918253280291], [120.84002454683181, 15.042918253280291], [120.84002454683181, 15.041840274939347], [120.84110252517277, 15.041840274939347]]]}, "properties": {"date": "2024-08-03", "event": "carina_2024"}}, {"type": "Feature", "geometry": {"geodesic": false, "type": "Polygon", "coordinates": [[[120.79582743485312, 15.266059769855573], [120.79798339153504, 15.266059769855573], [120.79906136987594, 15.268215726537463], [120.80121732655786, 15.268215726537463], [120.80121732655786, 15.270371683219352], [120.8001393482169, 15.270371683219352], [120.8001393482169, 15.271449661560297], [120.79798339153504, 15.271449661560297], [120.79690541319408, 15.269293704878407], [120.79582743485312, 15.269293704878407], [120.79582743485312, 15.271449661560297], [120.79690541319408, 15.271449661560297], [120.79690541319408, 15.273605618242186], [120.79798339153504, 15.273605618242186], [120.79798339153504, 15.275761574924076], [120.79582743485312, 15.275761574924076], [120.79690541319408, 15.28007348828784], [120.7925934998303, 15.28007348828784], [120.7925934998303, 15.276839553265006], [120.78935956480748, 15.276839553265006], [120.78828158646652, 15.274683596583131], [120.78720360812557, 15.274683596583131], [120.78720360812557, 15.271449661560297], [120.79043754314839, 15.271449661560297], [120.78828158646652, 15.268215726537463], [120.78935956480748, 15.268215726537463], [120.78935956480748, 15.269293704878407], [120.79582743485312, 15.269293704878407], [120.79582743485312, 15.266059769855573]]]}, "properties": {"date": "2024-08-03", "event": "carina_2024"}}, {"type": "Feature", "geometry": {"geodesic": false, "type": "Polygon", "coordinates": [[[120.86158411365071, 15.065555798440101], [120.86589602701443, 15.065555798440101], [120.86589602701443, 15.066633776781046], [120.86805198369635, 15.06771175512199], [120.86805198369635, 15.0731016468267], [120.86697400535539, 15.0731016468267], [120.86697400535539, 15.074179625167645], [120.86805198369635, 15.074179625167645], [120.86805198369635, 15.076335581849534], [120.86481804867353, 15.076335581849534], [120.86481804867353, 15.078491538531424], [120.86266209199161, 15.078491538531424], [120.86050613530975, 15.07525760350859], [120.85942815696879, 15.07525760350859], [120.85942815696879, 15.070945690144825], [120.85835017862783, 15.070945690144825], [120.85835017862783, 15.06986771180388], [120.85942815696879, 15.06986771180388], [120.85942815696879, 15.06771175512199], [120.86158411365071, 15.066633776781046], [120.86158411365071, 15.065555798440101]]]}, "properties": {"date": "2024-08-03", "event": "carina_2024"}}, {"type": "Feature", "geometry": {"geodesic": false, "type": "Polygon", "coordinates": [[[120.78935956480748, 15.225096592899732], [120.79151552148934, 15.225096592899732], [120.79151552148934, 15.227252549581621], [120.79367147817126, 15.228330527922566], [120.79367147817126, 15.233720419627275], [120.79690541319408, 15.235876376309164], [120.79690541319408, 15.239110311331999], [120.79367147817126, 15.239110311331999], [120.7925934998303, 15.23479839796822], [120.79151552148934, 15.23479839796822], [120.79151552148934, 15.235876376309164], [120.78935956480748, 15.23695435465011], [120.79043754314839, 15.239110311331999], [120.78612562978466, 15.238032332991054], [120.78612562978466, 15.240188289672943], [120.78289169476179, 15.240188289672943], [120.78289169476179, 15.239110311331999], [120.78181371642088, 15.239110311331999], [120.78181371642088, 15.233720419627275], [120.78396967310275, 15.233720419627275], [120.78396967310275, 15.23479839796822], [120.7850476514437, 15.23479839796822], [120.7850476514437, 15.233720419627275], [120.78612562978466, 15.233720419627275], [120.78612562978466, 15.23479839796822], [120.78935956480748, 15.23479839796822], [120.78935956480748, 15.23264244128633], [120.79151552148934, 15.23264244128633], [120.79151552148934, 15.231564462945386], [120.79043754314839, 15.231564462945386], [120.79043754314839, 15.228330527922566], [120.78935956480748, 15.228330527922566], [120.78935956480748, 15.225096592899732]]]}, "properties": {"date": "2024-08-03", "event": "carina_2024"}}, {"type": "Feature", "geometry": {"geodesic": false, "type": "Polygon", "coordinates": [[[120.86589602701443, 15.157183957420287], [120.8691299620373, 15.157183957420287], [120.8691299620373, 15.160417892443121], [120.87020794037821, 15.160417892443121], [120.87020794037821, 15.159339914102176], [120.87236389706013, 15.160417892443121], [120.87236389706013, 15.159339914102176], [120.87451985374199, 15.159339914102176], [120.87451985374199, 15.160417892443121], [120.8766758104239, 15.160417892443121], [120.8766758104239, 15.161495870784066], [120.8777537887648, 15.161495870784066], [120.8777537887648, 15.160417892443121], [120.87883176710577, 15.160417892443121], [120.87883176710577, 15.161495870784066], [120.88098772378768, 15.160417892443121], [120.88098772378768, 15.161495870784066], [120.87990974544672, 15.161495870784066], [120.87990974544672, 15.16257384912501], [120.88098772378768, 15.16257384912501], [120.88098772378768, 15.1647298058069], [120.8777537887648, 15.1647298058069], [120.8777537887648, 15.16257384912501], [120.8766758104239, 15.16257384912501], [120.8766758104239, 15.163651827465955], [120.87559783208295, 15.163651827465955], [120.87559783208295, 15.167963740829734], [120.87451985374199, 15.167963740829734], [120.87344187540108, 15.165807784147844], [120.87236389706013, 15.165807784147844], [120.87236389706013, 15.163651827465955], [120.8691299620373, 15.163651827465955], [120.8691299620373, 15.1647298058069], [120.86374007033257, 15.1647298058069], [120.86481804867353, 15.16257384912501], [120.86374007033257, 15.16257384912501], [120.86374007033257, 15.161495870784066], [120.86481804867353, 15.161495870784066], [120.86481804867353, 15.159339914102176], [120.86589602701443, 15.159339914102176], [120.86589602701443, 15.157183957420287]], [[120.87883176710577, 15.161495870784066], [120.87883176710577, 15.16257384912501], [120.8777537887648, 15.16257384912501], [120.8777537887648, 15.161495870784066], [120.87883176710577, 15.161495870784066]], [[120.8691299620373, 15.160417892443121], [120.8691299620373, 15.161495870784066], [120.86697400535539, 15.161495870784066], [120.86697400535539, 15.160417892443121], [120.8691299620373, 15.160417892443121]]]}, "properties": {"date": "2024-08-03", "event": "carina_2024"}}, {"type": "Feature", "geometry": {"geodesic": false, "type": "Polygon", "coordinates": [[[120.84002454683181, 14.98039550950557], [120.84218050351367, 14.98039550950557], [120.84218050351367, 14.98255146618746], [120.84325848185463, 14.98255146618746], [120.84325848185463, 14.981473487846515], [120.84864837355937, 14.981473487846515], [120.84864837355937, 14.98255146618746], [120.85188230858219, 14.98255146618746], [120.85188230858219, 14.984707422869349], [120.85296028692315, 14.984707422869349], [120.85296028692315, 14.983629444528404], [120.85511624360501, 14.983629444528404], [120.85511624360501, 14.984707422869349], [120.85619422194597, 14.984707422869349], [120.85619422194597, 14.983629444528404], [120.85727220028693, 14.983629444528404], [120.85835017862783, 14.985785401210293], [120.85188230858219, 14.985785401210293], [120.85188230858219, 14.984707422869349], [120.85080433024123, 14.984707422869349], [120.85080433024123, 14.985785401210293], [120.84864837355937, 14.985785401210293], [120.84864837355937, 14.984707422869349], [120.84541443853655, 14.984707422869349], [120.84433646019559, 14.98255146618746], [120.84325848185463, 14.98255146618746], [120.84325848185463, 14.987941357892169], [120.84541443853655, 14.987941357892169], [120.84541443853655, 14.989019336233113], [120.84433646019559, 14.989019336233113], [120.84433646019559, 14.990097314574058], [120.84541443853655, 14.990097314574058], [120.84541443853655, 14.992253271255947], [120.84325848185463, 14.992253271255947], [120.84325848185463, 14.991175292915003], [120.84110252517277, 14.991175292915003], [120.84110252517277, 14.990097314574058], [120.83894656849085, 14.990097314574058], [120.83894656849085, 14.989019336233113], [120.8378685901499, 14.989019336233113], [120.8378685901499, 14.985785401210293], [120.84002454683181, 14.985785401210293], [120.84002454683181, 14.983629444528404], [120.84218050351367, 14.983629444528404], [120.84218050351367, 14.98255146618746], [120.84002454683181, 14.98255146618746], [120.84002454683181, 14.98039550950557]]]}, "properties": {"date": "2024-08-03", "event": "carina_2024"}}, {"type": "Feature", "geometry": {"geodesic": false, "type": "Polygon", "coordinates": [[[120.84433646019559, 15.16257384912501], [120.84649241687745, 15.16257384912501], [120.84649241687745, 15.163651827465955], [120.84757039521841, 15.163651827465955], [120.84757039521841, 15.165807784147844], [120.84864837355937, 15.165807784147844], [120.84864837355937, 15.171197675852554], [120.84541443853655, 15.171197675852554], [120.84325848185463, 15.181977459261986], [120.84110252517277, 15.181977459261986], [120.84002454683181, 15.179821502580111], [120.84218050351367, 15.178743524239167], [120.84218050351367, 15.176587567557277], [120.84002454683181, 15.176587567557277], [120.84002454683181, 15.174431610875388], [120.84218050351367, 15.173353632534443], [120.84218050351367, 15.172275654193498], [120.84110252517277, 15.172275654193498], [120.84110252517277, 15.167963740829734], [120.84325848185463, 15.167963740829734], [120.84325848185463, 15.16688576248879], [120.84433646019559, 15.16688576248879], [120.84433646019559, 15.16257384912501]], [[120.84325848185463, 15.173353632534443], [120.84325848185463, 15.174431610875388], [120.84218050351367, 15.174431610875388], [120.84218050351367, 15.173353632534443], [120.84325848185463, 15.173353632534443]]]}, "properties": {"date": "2024-08-03", "event": "carina_2024"}}, {"type": "Feature", "geometry": {"geodesic": false, "type": "Polygon", "coordinates": [[[120.87020794037821, 15.091427278622746], [120.87344187540108, 15.091427278622746], [120.87344187540108, 15.09250525696369], [120.8777537887648, 15.093583235304635], [120.8777537887648, 15.09466121364558], [120.87883176710577, 15.09466121364558], [120.87883176710577, 15.098973127009344], [120.87451985374199, 15.098973127009344], [120.87451985374199, 15.100051105350289], [120.87236389706013, 15.100051105350289], [120.87236389706013, 15.098973127009344], [120.86805198369635, 15.098973127009344], [120.86805198369635, 15.093583235304635], [120.87020794037821, 15.093583235304635], [120.87020794037821, 15.091427278622746]]]}, "properties": {"date": "2024-08-03", "event": "carina_2024"}}, {"type": "Feature", "geometry": {"geodesic": false, "type": "Polygon", "coordinates": [[[120.86805198369635, 15.132390455578587], [120.87451985374199, 15.133468433919532], [120.87451985374199, 15.134546412260477], [120.8766758104239, 15.135624390601421], [120.8766758104239, 15.13778034728331], [120.8777537887648, 15.13778034728331], [120.8777537887648, 15.138858325624255], [120.87883176710577, 15.138858325624255], [120.87883176710577, 15.13778034728331], [120.88098772378768, 15.13778034728331], [120.88206570212859, 15.1399363039652], [120.8777537887648, 15.1399363039652], [120.8777537887648, 15.141014282306145], [120.87559783208295, 15.141014282306145], [120.87559783208295, 15.143170238988034], [120.87344187540108, 15.143170238988034], [120.87236389706013, 15.141014282306145], [120.87128591871917, 15.141014282306145], [120.87128591871917, 15.136702368942366], [120.8691299620373, 15.135624390601421], [120.8691299620373, 15.134546412260477], [120.86697400535539, 15.135624390601421], [120.86697400535539, 15.134546412260477], [120.86805198369635, 15.134546412260477], [120.86805198369635, 15.132390455578587]]]}, "properties": {"date": "2024-08-03", "event": "carina_2024"}}, {"type": "Feature", "geometry": {"geodesic": false, "type": "Polygon", "coordinates": [[[120.8691299620373, 14.991175292915003], [120.87020794037821, 14.991175292915003], [120.87128591871917, 14.993331249596892], [120.87559783208295, 14.994409227937837], [120.87559783208295, 14.996565184619726], [120.87128591871917, 14.996565184619726], [120.87128591871917, 14.99764316296067], [120.87344187540108, 14.998721141301615], [120.87344187540108, 15.001955076324435], [120.87020794037821, 15.001955076324435], [120.87020794037821, 14.999799119642546], [120.86697400535539, 14.999799119642546], [120.86697400535539, 14.998721141301615], [120.86481804867353, 14.999799119642546], [120.86589602701443, 14.99764316296067], [120.86374007033257, 14.996565184619726], [120.86374007033257, 14.994409227937837], [120.86589602701443, 14.994409227937837], [120.86589602701443, 14.992253271255947], [120.8691299620373, 14.992253271255947], [120.8691299620373, 14.991175292915003]], [[120.8691299620373, 14.995487206278781], [120.87020794037821, 14.99764316296067], [120.86805198369635, 14.99764316296067], [120.86805198369635, 14.998721141301615], [120.86697400535539, 14.998721141301615], [120.86589602701443, 14.996565184619726], [120.86805198369635, 14.996565184619726], [120.86805198369635, 14.995487206278781], [120.8691299620373, 14.995487206278781]], [[120.87020794037821, 14.992253271255947], [120.87020794037821, 14.993331249596892], [120.8691299620373, 14.993331249596892], [120.8691299620373, 14.992253271255947], [120.87020794037821, 14.992253271255947]]]}, "properties": {"date": "2024-08-03", "event": "carina_2024"}}, {"type": "Feature", "geometry": {"geodesic": false, "type": "Polygon", "coordinates": [[[120.85403826526405, 15.02243666480237], [120.85619422194597, 15.0235146431433], [120.85619422194597, 15.024592621484246], [120.85511624360501, 15.024592621484246], [120.85619422194597, 15.034294426552748], [120.85296028692315, 15.034294426552748], [120.85296028692315, 15.026748578166135], [120.85188230858219, 15.026748578166135], [120.85188230858219, 15.02782655650708], [120.84864837355937, 15.02782655650708], [120.84864837355937, 15.028904534848024], [120.84757039521841, 15.028904534848024], [120.84757039521841, 15.031060491529914], [120.84649241687745, 15.031060491529914], [120.84649241687745, 15.02782655650708], [120.84541443853655, 15.02782655650708], [120.84541443853655, 15.02567059982519], [120.84972635190033, 15.02567059982519], [120.84972635190033, 15.024592621484246], [120.85188230858219, 15.024592621484246], [120.85188230858219, 15.02243666480237], [120.85296028692315, 15.02243666480237], [120.85296028692315, 15.0235146431433], [120.85403826526405, 15.0235146431433], [120.85403826526405, 15.02243666480237]]]}, "properties": {"date": "2024-08-03", "event": "carina_2024"}}, {"type": "Feature", "geometry": {"geodesic": false, "type": "Polygon", "coordinates": [[[120.86697400535539, 15.141014282306145], [120.86805198369635, 15.141014282306145], [120.86805198369635, 15.14209226064709], [120.87128591871917, 15.14209226064709], [120.87128591871917, 15.14532619566991], [120.87344187540108, 15.146404174010854], [120.87344187540108, 15.149638109033688], [120.86697400535539, 15.149638109033688], [120.86697400535539, 15.148560130692744], [120.86374007033257, 15.148560130692744], [120.86374007033257, 15.147482152351799], [120.86266209199161, 15.147482152351799], [120.86266209199161, 15.146404174010854], [120.86481804867353, 15.146404174010854], [120.86481804867353, 15.14532619566991], [120.86589602701443, 15.14532619566991], [120.86589602701443, 15.14209226064709], [120.86697400535539, 15.14209226064709], [120.86697400535539, 15.141014282306145]], [[120.87128591871917, 15.147482152351799], [120.87128591871917, 15.148560130692744], [120.87020794037821, 15.148560130692744], [120.87020794037821, 15.147482152351799], [120.87128591871917, 15.147482152351799]]]}, "properties": {"date": "2024-08-03", "event": "carina_2024"}}, {"type": "Feature", "geometry": {"geodesic": false, "type": "Polygon", "coordinates": [[[120.87020794037821, 15.018124751438592], [120.87344187540108, 15.018124751438592], [120.87344187540108, 15.019202729779536], [120.87451985374199, 15.019202729779536], [120.87451985374199, 15.02243666480237], [120.87236389706013, 15.02243666480237], [120.87236389706013, 15.0235146431433], [120.87128591871917, 15.0235146431433], [120.87128591871917, 15.028904534848024], [120.87344187540108, 15.029982513188969], [120.87236389706013, 15.032138469870858], [120.86805198369635, 15.032138469870858], [120.86805198369635, 15.02782655650708], [120.8691299620373, 15.02782655650708], [120.8691299620373, 15.02567059982519], [120.86805198369635, 15.02567059982519], [120.86805198369635, 15.0235146431433], [120.87020794037821, 15.0235146431433], [120.87020794037821, 15.018124751438592]]]}, "properties": {"date": "2024-08-03", "event": "carina_2024"}}, {"type": "Feature", "geometry": {"geodesic": false, "type": "Polygon", "coordinates": [[[120.7311487343965, 15.078491538531424], [120.73653862610124, 15.078491538531424], [120.73653862610124, 15.079569516872368], [120.73869458278315, 15.079569516872368], [120.73869458278315, 15.080647495213313], [120.73653862610124, 15.080647495213313], [120.73653862610124, 15.081725473554258], [120.73438266941938, 15.082803451895202], [120.73438266941938, 15.084959408577078], [120.73653862610124, 15.084959408577078], [120.73653862610124, 15.088193343599912], [120.73438266941938, 15.088193343599912], [120.73438266941938, 15.084959408577078], [120.7311487343965, 15.084959408577078], [120.7311487343965, 15.081725473554258], [120.73330469107842, 15.081725473554258], [120.73330469107842, 15.080647495213313], [120.7300707560556, 15.080647495213313], [120.7311487343965, 15.078491538531424]], [[120.73546064776028, 15.080647495213313], [120.73546064776028, 15.081725473554258], [120.73438266941938, 15.081725473554258], [120.73438266941938, 15.080647495213313], [120.73546064776028, 15.080647495213313]]]}, "properties": {"date": "2024-08-03", "event": "carina_2024"}}, {"type": "Feature", "geometry": {"geodesic": false, "type": "Polygon", "coordinates": [[[120.85727220028693, 15.136702368942366], [120.85942815696879, 15.136702368942366], [120.85942815696879, 15.13778034728331], [120.86374007033257, 15.13778034728331], [120.86374007033257, 15.141014282306145], [120.86158411365071, 15.14209226064709], [120.86158411365071, 15.141014282306145], [120.86050613530975, 15.141014282306145], [120.86050613530975, 15.143170238988034], [120.85942815696879, 15.143170238988034], [120.85942815696879, 15.144248217328965], [120.85727220028693, 15.144248217328965], [120.85727220028693, 15.136702368942366]]]}, "properties": {"date": "2024-08-03", "event": "carina_2024"}}, {"type": "Feature", "geometry": {"geodesic": false, "type": "Polygon", "coordinates": [[[120.75809819292013, 14.900625112275762], [120.75917617126103, 14.900625112275762], [120.75917617126103, 14.903859047298582], [120.76241010628391, 14.903859047298582], [120.76241010628391, 14.906015003980471], [120.76025414960199, 14.906015003980471], [120.76133212794295, 14.911404895685195], [120.75917617126103, 14.91032691734425], [120.75917617126103, 14.911404895685195], [120.75702021457917, 14.911404895685195], [120.75702021457917, 14.909248939003305], [120.75809819292013, 14.909248939003305], [120.75809819292013, 14.90817096066236], [120.75702021457917, 14.90817096066236], [120.75702021457917, 14.904937025639526], [120.75809819292013, 14.904937025639526], [120.75809819292013, 14.902781068957651], [120.75702021457917, 14.902781068957651], [120.75702021457917, 14.901703090616707], [120.75809819292013, 14.901703090616707], [120.75809819292013, 14.900625112275762]], [[120.75917617126103, 14.909248939003305], [120.75917617126103, 14.91032691734425], [120.75809819292013, 14.91032691734425], [120.75809819292013, 14.909248939003305], [120.75917617126103, 14.909248939003305]]]}, "properties": {"date": "2024-08-03", "event": "carina_2024"}}, {"type": "Feature", "geometry": {"geodesic": false, "type": "Polygon", "coordinates": [[[120.75163032287443, 14.882299480479716], [120.75378627955635, 14.882299480479716], [120.75486425789725, 14.884455437161606], [120.75702021457917, 14.884455437161606], [120.75702021457917, 14.88553341550255], [120.75594223623821, 14.88553341550255], [120.75594223623821, 14.886611393843495], [120.75378627955635, 14.886611393843495], [120.75378627955635, 14.88768937218444], [120.75594223623821, 14.88768937218444], [120.75594223623821, 14.89092330720726], [120.75702021457917, 14.89092330720726], [120.75809819292013, 14.893079263889149], [120.75702021457917, 14.893079263889149], [120.75702021457917, 14.892001285548204], [120.75486425789725, 14.893079263889149], [120.75486425789725, 14.892001285548204], [120.75378627955635, 14.892001285548204], [120.75486425789725, 14.889845328866329], [120.75163032287443, 14.88768937218444], [120.75163032287443, 14.88553341550255], [120.75055234453353, 14.88553341550255], [120.75055234453353, 14.88337745882066], [120.75163032287443, 14.88337745882066], [120.75163032287443, 14.882299480479716]], [[120.75378627955635, 14.88553341550255], [120.75378627955635, 14.886611393843495], [120.75270830121539, 14.886611393843495], [120.75270830121539, 14.88553341550255], [120.75378627955635, 14.88553341550255]], [[120.75486425789725, 14.884455437161606], [120.75486425789725, 14.88553341550255], [120.75378627955635, 14.88553341550255], [120.75378627955635, 14.884455437161606], [120.75486425789725, 14.884455437161606]]]}, "properties": {"date": "2024-08-03", "event": "carina_2024"}}, {"type": "Feature", "geometry": {"geodesic": false, "type": "Polygon", "coordinates": [[[120.75378627955635, 14.916794787389904], [120.75594223623821, 14.916794787389904], [120.75594223623821, 14.920028722412738], [120.75809819292013, 14.918950744071793], [120.75917617126103, 14.924340635776517], [120.76133212794295, 14.924340635776517], [120.76133212794295, 14.926496592458406], [120.75917617126103, 14.926496592458406], [120.75917617126103, 14.925418614117461], [120.75594223623821, 14.925418614117461], [120.75594223623821, 14.924340635776517], [120.75702021457917, 14.924340635776517], [120.75702021457917, 14.922184679094627], [120.75378627955635, 14.922184679094627], [120.75378627955635, 14.916794787389904]]]}, "properties": {"date": "2024-08-03", "event": "carina_2024"}}, {"type": "Feature", "geometry": {"geodesic": false, "type": "Polygon", "coordinates": [[[120.86158411365071, 15.026748578166135], [120.86266209199161, 15.026748578166135], [120.86266209199161, 15.02782655650708], [120.86589602701443, 15.02782655650708], [120.86589602701443, 15.032138469870858], [120.86266209199161, 15.032138469870858], [120.86266209199161, 15.034294426552748], [120.85942815696879, 15.034294426552748], [120.85942815696879, 15.031060491529914], [120.86158411365071, 15.031060491529914], [120.86158411365071, 15.029982513188969], [120.86050613530975, 15.029982513188969], [120.86050613530975, 15.02782655650708], [120.86158411365071, 15.02782655650708], [120.86158411365071, 15.026748578166135]]]}, "properties": {"date": "2024-08-03", "event": "carina_2024"}}, {"type": "Feature", "geometry": {"geodesic": false, "type": "Polygon", "coordinates": [[[120.86050613530975, 15.147482152351799], [120.86158411365071, 15.147482152351799], [120.86158411365071, 15.150716087374633], [120.86266209199161, 15.150716087374633], [120.86266209199161, 15.157183957420287], [120.86374007033257, 15.157183957420287], [120.86374007033257, 15.159339914102176], [120.86158411365071, 15.159339914102176], [120.86158411365071, 15.158261935761232], [120.85942815696879, 15.158261935761232], [120.85942815696879, 15.157183957420287], [120.85835017862783, 15.157183957420287], [120.85942815696879, 15.155028000738412], [120.86050613530975, 15.155028000738412], [120.86050613530975, 15.152872044056522], [120.85942815696879, 15.152872044056522], [120.85942815696879, 15.151794065715578], [120.86050613530975, 15.151794065715578], [120.86050613530975, 15.149638109033688], [120.85942815696879, 15.149638109033688], [120.85942815696879, 15.148560130692744], [120.86050613530975, 15.148560130692744], [120.86050613530975, 15.147482152351799]]]}, "properties": {"date": "2024-08-03", "event": "carina_2024"}}, {"type": "Feature", "geometry": {"geodesic": false, "type": "Polygon", "coordinates": [[[120.83247869844521, 15.186289372625765], [120.83571263346803, 15.186289372625765], [120.83571263346803, 15.188445329307655], [120.8378685901499, 15.188445329307655], [120.836790611809, 15.194913199353309], [120.83463465512708, 15.193835221012364], [120.83355667678617, 15.1895233076486], [120.83247869844521, 15.1895233076486], [120.83247869844521, 15.186289372625765]]]}, "properties": {"date": "2024-08-03", "event": "carina_2024"}}, {"type": "Feature", "geometry": {"geodesic": false, "type": "Polygon", "coordinates": [[[120.76887797632955, 14.964225834391414], [120.77534584637519, 14.967459769414248], [120.77534584637519, 14.968537747755192], [120.77426786803429, 14.968537747755192], [120.77426786803429, 14.970693704437082], [120.77318988969333, 14.970693704437082], [120.77211191135237, 14.972849661118971], [120.77103393301141, 14.972849661118971], [120.77211191135237, 14.970693704437082], [120.77103393301141, 14.970693704437082], [120.77103393301141, 14.969615726096137], [120.77211191135237, 14.969615726096137], [120.77211191135237, 14.968537747755192], [120.77103393301141, 14.968537747755192], [120.77103393301141, 14.967459769414248], [120.76672201964763, 14.967459769414248], [120.76672201964763, 14.965303812732358], [120.76887797632955, 14.965303812732358], [120.76887797632955, 14.964225834391414]], [[120.77318988969333, 14.967459769414248], [120.77318988969333, 14.968537747755192], [120.77211191135237, 14.968537747755192], [120.77211191135237, 14.967459769414248], [120.77318988969333, 14.967459769414248]]]}, "properties": {"date": "2024-08-03", "event": "carina_2024"}}, {"type": "Feature", "geometry": {"geodesic": false, "type": "Polygon", "coordinates": [[[120.76456606296577, 15.110830888759722], [120.76672201964763, 15.110830888759722], [120.76672201964763, 15.11729875880539], [120.76456606296577, 15.11729875880539], [120.76456606296577, 15.118376737146335], [120.76133212794295, 15.118376737146335], [120.76241010628391, 15.114064823782556], [120.76456606296577, 15.112986845441611], [120.76456606296577, 15.110830888759722]]]}, "properties": {"date": "2024-08-03", "event": "carina_2024"}}, {"type": "Feature", "geometry": {"geodesic": false, "type": "Polygon", "coordinates": [[[120.75055234453353, 14.901703090616707], [120.75270830121539, 14.901703090616707], [120.75270830121539, 14.906015003980471], [120.75378627955635, 14.906015003980471], [120.75378627955635, 14.907092982321416], [120.75270830121539, 14.907092982321416], [120.75270830121539, 14.90817096066236], [120.75163032287443, 14.90817096066236], [120.75163032287443, 14.907092982321416], [120.75055234453353, 14.907092982321416], [120.75055234453353, 14.90817096066236], [120.74731840951065, 14.90817096066236], [120.74731840951065, 14.904937025639526], [120.74839638785161, 14.904937025639526], [120.74839638785161, 14.903859047298582], [120.75055234453353, 14.903859047298582], [120.75055234453353, 14.901703090616707]], [[120.75270830121539, 14.906015003980471], [120.75270830121539, 14.907092982321416], [120.75163032287443, 14.907092982321416], [120.75163032287443, 14.906015003980471], [120.75270830121539, 14.906015003980471]]]}, "properties": {"date": "2024-08-03", "event": "carina_2024"}}, {"type": "Feature", "geometry": {"geodesic": false, "type": "Polygon", "coordinates": [[[120.8216989150358, 15.18521139428482], [120.82385487171766, 15.18521139428482], [120.82385487171766, 15.18736735096671], [120.8227768933767, 15.18736735096671], [120.8227768933767, 15.188445329307655], [120.82385487171766, 15.188445329307655], [120.82385487171766, 15.190601285989544], [120.81954295835388, 15.190601285989544], [120.81846498001292, 15.188445329307655], [120.81738700167202, 15.188445329307655], [120.81738700167202, 15.186289372625765], [120.8216989150358, 15.186289372625765], [120.8216989150358, 15.18521139428482]]]}, "properties": {"date": "2024-08-03", "event": "carina_2024"}}, {"type": "Feature", "geometry": {"geodesic": false, "type": "Polygon", "coordinates": [[[120.90039133392466, 15.195991177694253], [120.90254729060652, 15.195991177694253], [120.90254729060652, 15.197069156035198], [120.90578122562934, 15.197069156035198], [120.90578122562934, 15.204615004421797], [120.90470324728844, 15.204615004421797], [120.90470324728844, 15.205692982762741], [120.90362526894748, 15.205692982762741], [120.90470324728844, 15.203537026080866], [120.90362526894748, 15.203537026080866], [120.90362526894748, 15.201381069398977], [120.90254729060652, 15.201381069398977], [120.90254729060652, 15.198147134376143], [120.90039133392466, 15.198147134376143], [120.90039133392466, 15.195991177694253]]]}, "properties": {"date": "2024-08-03", "event": "carina_2024"}}, {"type": "Feature", "geometry": {"geodesic": false, "type": "Polygon", "coordinates": [[[120.77965775973897, 15.25743594312803], [120.78396967310275, 15.25743594312803], [120.78289169476179, 15.261747856491809], [120.78073573807993, 15.261747856491809], [120.78073573807993, 15.264981791514629], [120.77857978139801, 15.264981791514629], [120.77857978139801, 15.25959189980992], [120.77965775973897, 15.25959189980992], [120.77965775973897, 15.25743594312803]]]}, "properties": {"date": "2024-08-03", "event": "carina_2024"}}, {"type": "Feature", "geometry": {"geodesic": false, "type": "Polygon", "coordinates": [[[120.83463465512708, 15.013812838074813], [120.836790611809, 15.014890816415758], [120.836790611809, 15.015968794756702], [120.83571263346803, 15.015968794756702], [120.836790611809, 15.020280708120481], [120.83463465512708, 15.020280708120481], [120.83463465512708, 15.019202729779536], [120.83140072010426, 15.019202729779536], [120.83140072010426, 15.017046773097647], [120.83247869844521, 15.017046773097647], [120.83247869844521, 15.015968794756702], [120.83140072010426, 15.015968794756702], [120.83140072010426, 15.014890816415758], [120.83463465512708, 15.014890816415758], [120.83463465512708, 15.013812838074813]]]}, "properties": {"date": "2024-08-03", "event": "carina_2024"}}, {"type": "Feature", "geometry": {"geodesic": false, "type": "Polygon", "coordinates": [[[120.87883176710577, 15.076335581849534], [120.88098772378768, 15.076335581849534], [120.88098772378768, 15.077413560190479], [120.88529963715146, 15.078491538531424], [120.88529963715146, 15.081725473554258], [120.88314368046954, 15.081725473554258], [120.88314368046954, 15.080647495213313], [120.87883176710577, 15.080647495213313], [120.87883176710577, 15.076335581849534]]]}, "properties": {"date": "2024-08-03", "event": "carina_2024"}}, {"type": "Feature", "geometry": {"geodesic": false, "type": "Polygon", "coordinates": [[[120.78935956480748, 15.293009228379162], [120.79367147817126, 15.293009228379162], [120.79582743485312, 15.297321141742941], [120.79474945651216, 15.297321141742941], [120.79474945651216, 15.298399120083886], [120.7925934998303, 15.298399120083886], [120.7925934998303, 15.29947709842483], [120.79043754314839, 15.29947709842483], [120.79043754314839, 15.298399120083886], [120.79151552148934, 15.298399120083886], [120.79151552148934, 15.295165185061052], [120.78935956480748, 15.294087206720107], [120.78935956480748, 15.293009228379162]]]}, "properties": {"date": "2024-08-03", "event": "carina_2024"}}, {"type": "Feature", "geometry": {"geodesic": false, "type": "Polygon", "coordinates": [[[120.88314368046954, 15.090349300281801], [120.88745559383332, 15.090349300281801], [120.88745559383332, 15.093583235304635], [120.88637761549236, 15.093583235304635], [120.88637761549236, 15.09466121364558], [120.88206570212859, 15.09466121364558], [120.88206570212859, 15.091427278622746], [120.88314368046954, 15.091427278622746], [120.88314368046954, 15.090349300281801]]]}, "properties": {"date": "2024-08-03", "event": "carina_2024"}}, {"type": "Feature", "geometry": {"geodesic": false, "type": "Polygon", "coordinates": [[[120.8378685901499, 15.157183957420287], [120.84433646019559, 15.158261935761232], [120.84433646019559, 15.159339914102176], [120.84649241687745, 15.159339914102176], [120.84649241687745, 15.161495870784066], [120.84218050351367, 15.161495870784066], [120.84110252517277, 15.159339914102176], [120.8378685901499, 15.159339914102176], [120.8378685901499, 15.157183957420287]]]}, "properties": {"date": "2024-08-03", "event": "carina_2024"}}, {"type": "Feature", "geometry": {"geodesic": false, "type": "Polygon", "coordinates": [[[120.80121732655786, 15.28007348828784], [120.80337328323972, 15.28007348828784], [120.80337328323972, 15.28222944496973], [120.80121732655786, 15.28222944496973], [120.80121732655786, 15.283307423310674], [120.80445126158068, 15.283307423310674], [120.80445126158068, 15.285463379992564], [120.79906136987594, 15.285463379992564], [120.79906136987594, 15.281151466628785], [120.80121732655786, 15.281151466628785], [120.80121732655786, 15.28007348828784]]]}, "properties": {"date": "2024-08-03", "event": "carina_2024"}}, {"type": "Feature", "geometry": {"geodesic": false, "type": "Polygon", "coordinates": [[[120.79043754314839, 14.95775796434576], [120.79151552148934, 14.95775796434576], [120.79151552148934, 14.958835942686704], [120.7925934998303, 14.958835942686704], [120.7925934998303, 14.959913921027649], [120.79582743485312, 14.962069877709538], [120.79582743485312, 14.964225834391414], [120.79367147817126, 14.964225834391414], [120.79367147817126, 14.960991899368594], [120.79151552148934, 14.960991899368594], [120.79151552148934, 14.962069877709538], [120.7925934998303, 14.962069877709538], [120.7925934998303, 14.963147856050483], [120.79151552148934, 14.963147856050483], [120.79043754314839, 14.960991899368594], [120.78828158646652, 14.960991899368594], [120.78935956480748, 14.958835942686704], [120.78828158646652, 14.958835942686704], [120.78828158646652, 14.95775796434576], [120.78935956480748, 14.95775796434576], [120.78935956480748, 14.958835942686704], [120.79043754314839, 14.958835942686704], [120.79043754314839, 14.95775796434576]]]}, "properties": {"date": "2024-08-03", "event": "carina_2024"}}, {"type": "Feature", "geometry": {"geodesic": false, "type": "Polygon", "coordinates": [[[120.81091913162632, 14.966381791073303], [120.81307508830824, 14.967459769414248], [120.81307508830824, 14.969615726096137], [120.8152310449901, 14.969615726096137], [120.8152310449901, 14.970693704437082], [120.81630902333106, 14.970693704437082], [120.81630902333106, 14.972849661118971], [120.8152310449901, 14.972849661118971], [120.8152310449901, 14.973927639459916], [120.81415306664914, 14.973927639459916], [120.81415306664914, 14.971771682778027], [120.81199710996728, 14.971771682778027], [120.81199710996728, 14.969615726096137], [120.80984115328542, 14.969615726096137], [120.80984115328542, 14.967459769414248], [120.81091913162632, 14.967459769414248], [120.81091913162632, 14.966381791073303]]]}, "properties": {"date": "2024-08-03", "event": "carina_2024"}}, {"type": "Feature", "geometry": {"geodesic": false, "type": "Polygon", "coordinates": [[[120.87236389706013, 15.190601285989544], [120.87344187540108, 15.190601285989544], [120.87451985374199, 15.19275724267142], [120.87883176710577, 15.191679264330489], [120.87883176710577, 15.194913199353309], [120.87236389706013, 15.194913199353309], [120.87236389706013, 15.190601285989544]]]}, "properties": {"date": "2024-08-03", "event": "carina_2024"}}, {"type": "Feature", "geometry": {"geodesic": false, "type": "Polygon", "coordinates": [[[120.74731840951065, 14.886611393843495], [120.74947436619257, 14.88768937218444], [120.75055234453353, 14.892001285548204], [120.74947436619257, 14.892001285548204], [120.74947436619257, 14.89092330720726], [120.74624043116975, 14.89092330720726], [120.74624043116975, 14.892001285548204], [120.7451624528288, 14.892001285548204], [120.7451624528288, 14.88768937218444], [120.74731840951065, 14.88768937218444], [120.74731840951065, 14.886611393843495]]]}, "properties": {"date": "2024-08-03", "event": "carina_2024"}}, {"type": "Feature", "geometry": {"geodesic": false, "type": "Polygon", "coordinates": [[[120.81846498001292, 14.943744245913493], [120.8216989150358, 14.943744245913493], [120.8216989150358, 14.944822224254438], [120.8227768933767, 14.944822224254438], [120.8227768933767, 14.946978180936327], [120.8216989150358, 14.946978180936327], [120.8216989150358, 14.948056159277272], [120.81846498001292, 14.948056159277272], [120.81846498001292, 14.946978180936327], [120.81738700167202, 14.946978180936327], [120.81738700167202, 14.944822224254438], [120.81846498001292, 14.944822224254438], [120.81846498001292, 14.943744245913493]]]}, "properties": {"date": "2024-08-03", "event": "carina_2024"}}, {"type": "Feature", "geometry": {"geodesic": false, "type": "Polygon", "coordinates": [[[120.76456606296577, 14.968537747755192], [120.76672201964763, 14.968537747755192], [120.76672201964763, 14.970693704437082], [120.76995595467051, 14.972849661118971], [120.76995595467051, 14.973927639459916], [120.76887797632955, 14.973927639459916], [120.76887797632955, 14.976083596141791], [120.76672201964763, 14.97500561780086], [120.76672201964763, 14.972849661118971], [120.76564404130673, 14.972849661118971], [120.76564404130673, 14.971771682778027], [120.76456606296577, 14.971771682778027], [120.76456606296577, 14.972849661118971], [120.76241010628391, 14.972849661118971], [120.76241010628391, 14.971771682778027], [120.76456606296577, 14.971771682778027], [120.76456606296577, 14.970693704437082], [120.76564404130673, 14.970693704437082], [120.76456606296577, 14.968537747755192]], [[120.76672201964763, 14.970693704437082], [120.76672201964763, 14.971771682778027], [120.76564404130673, 14.971771682778027], [120.76564404130673, 14.970693704437082], [120.76672201964763, 14.970693704437082]]]}, "properties": {"date": "2024-08-03", "event": "carina_2024"}}, {"type": "Feature", "geometry": {"geodesic": false, "type": "Polygon", "coordinates": [[[120.8076851966035, 15.051542080007835], [120.80876317494446, 15.051542080007835], [120.80876317494446, 15.053698036689724], [120.80984115328542, 15.053698036689724], [120.80984115328542, 15.056931971712558], [120.81199710996728, 15.056931971712558], [120.81199710996728, 15.059087928394447], [120.80876317494446, 15.059087928394447], [120.80876317494446, 15.055853993371613], [120.80660721826254, 15.055853993371613], [120.80660721826254, 15.05262005834878], [120.8076851966035, 15.05262005834878], [120.8076851966035, 15.051542080007835]]]}, "properties": {"date": "2024-08-03", "event": "carina_2024"}}, {"type": "Feature", "geometry": {"geodesic": false, "type": "Polygon", "coordinates": [[[120.8777537887648, 15.14209226064709], [120.87883176710577, 15.14209226064709], [120.87883176710577, 15.143170238988034], [120.88098772378768, 15.143170238988034], [120.88098772378768, 15.146404174010854], [120.87559783208295, 15.146404174010854], [120.87559783208295, 15.14532619566991], [120.87451985374199, 15.14532619566991], [120.87451985374199, 15.144248217328965], [120.87559783208295, 15.144248217328965], [120.87559783208295, 15.14532619566991], [120.8766758104239, 15.14532619566991], [120.8766758104239, 15.143170238988034], [120.8777537887648, 15.143170238988034], [120.8777537887648, 15.14209226064709]]]}, "properties": {"date": "2024-08-03", "event": "carina_2024"}}, {"type": "Feature", "geometry": {"geodesic": false, "type": "Polygon", "coordinates": [[[120.83355667678617, 15.159339914102176], [120.83571263346803, 15.159339914102176], [120.836790611809, 15.161495870784066], [120.83894656849085, 15.161495870784066], [120.83894656849085, 15.16257384912501], [120.84002454683181, 15.16257384912501], [120.84002454683181, 15.163651827465955], [120.84218050351367, 15.163651827465955], [120.84325848185463, 15.165807784147844], [120.84002454683181, 15.165807784147844], [120.84002454683181, 15.163651827465955], [120.836790611809, 15.163651827465955], [120.836790611809, 15.161495870784066], [120.83355667678617, 15.161495870784066], [120.83355667678617, 15.159339914102176]]]}, "properties": {"date": "2024-08-03", "event": "carina_2024"}}, {"type": "Feature", "geometry": {"geodesic": false, "type": "Polygon", "coordinates": [[[120.76456606296577, 15.25959189980992], [120.76887797632955, 15.25959189980992], [120.76887797632955, 15.262825834832753], [120.76672201964763, 15.262825834832753], [120.76672201964763, 15.261747856491809], [120.76564404130673, 15.261747856491809], [120.76564404130673, 15.262825834832753], [120.76241010628391, 15.262825834832753], [120.76241010628391, 15.260669878150864], [120.76456606296577, 15.260669878150864], [120.76456606296577, 15.25959189980992]]]}, "properties": {"date": "2024-08-03", "event": "carina_2024"}}, {"type": "Feature", "geometry": {"geodesic": false, "type": "Polygon", "coordinates": [[[120.80984115328542, 15.278995509946895], [120.8152310449901, 15.278995509946895], [120.8152310449901, 15.281151466628785], [120.81307508830824, 15.281151466628785], [120.81307508830824, 15.283307423310674], [120.81091913162632, 15.283307423310674], [120.81091913162632, 15.28222944496973], [120.80984115328542, 15.28222944496973], [120.80984115328542, 15.278995509946895]]]}, "properties": {"date": "2024-08-03", "event": "carina_2024"}}, {"type": "Feature", "geometry": {"geodesic": false, "type": "Polygon", "coordinates": [[[120.78720360812557, 14.999799119642546], [120.79043754314839, 15.001955076324435], [120.79043754314839, 15.006266989688214], [120.78720360812557, 15.006266989688214], [120.78720360812557, 15.001955076324435], [120.78828158646652, 15.001955076324435], [120.78828158646652, 15.00087709798349], [120.78720360812557, 15.00087709798349], [120.78720360812557, 14.999799119642546]]]}, "properties": {"date": "2024-08-03", "event": "carina_2024"}}, {"type": "Feature", "geometry": {"geodesic": false, "type": "Polygon", "coordinates": [[[120.80876317494446, 15.175509589216333], [120.8152310449901, 15.175509589216333], [120.81630902333106, 15.179821502580111], [120.81415306664914, 15.178743524239167], [120.81415306664914, 15.177665545898222], [120.81199710996728, 15.177665545898222], [120.81199710996728, 15.176587567557277], [120.81091913162632, 15.176587567557277], [120.81091913162632, 15.177665545898222], [120.80876317494446, 15.177665545898222], [120.80876317494446, 15.175509589216333]]]}, "properties": {"date": "2024-08-03", "event": "carina_2024"}}, {"type": "Feature", "geometry": {"geodesic": false, "type": "Polygon", "coordinates": [[[120.85511624360501, 15.21000489612652], [120.85835017862783, 15.21000489612652], [120.85835017862783, 15.211082874467465], [120.86050613530975, 15.21216085280841], [120.86050613530975, 15.215394787831244], [120.85835017862783, 15.215394787831244], [120.85835017862783, 15.213238831149354], [120.85727220028693, 15.213238831149354], [120.85727220028693, 15.21216085280841], [120.85511624360501, 15.21216085280841], [120.85511624360501, 15.21000489612652]]]}, "properties": {"date": "2024-08-03", "event": "carina_2024"}}, {"type": "Feature", "geometry": {"geodesic": false, "type": "Polygon", "coordinates": [[[120.78720360812557, 15.256357964787085], [120.78828158646652, 15.256357964787085], [120.78828158646652, 15.258513921468975], [120.79043754314839, 15.258513921468975], [120.79151552148934, 15.260669878150864], [120.78935956480748, 15.260669878150864], [120.78935956480748, 15.261747856491809], [120.78612562978466, 15.261747856491809], [120.78720360812557, 15.256357964787085]]]}, "properties": {"date": "2024-08-03", "event": "carina_2024"}}, {"type": "Feature", "geometry": {"geodesic": false, "type": "Polygon", "coordinates": [[[120.66108014223519, 14.972849661118971], [120.66323609891711, 14.972849661118971], [120.66323609891711, 14.97500561780086], [120.66431407725801, 14.97500561780086], [120.66539205559897, 14.977161574482736], [120.66323609891711, 14.976083596141791], [120.66215812057615, 14.97823955282368], [120.66000216389423, 14.97823955282368], [120.66108014223519, 14.972849661118971]]]}, "properties": {"date": "2024-08-03", "event": "carina_2024"}}, {"type": "Feature", "geometry": {"geodesic": false, "type": "Polygon", "coordinates": [[[120.88745559383332, 14.99764316296067], [120.88961155051518, 14.99764316296067], [120.88961155051518, 15.00087709798349], [120.88853357217428, 15.00087709798349], [120.88745559383332, 15.00303305466538], [120.88529963715146, 15.00303305466538], [120.88529963715146, 14.999799119642546], [120.88745559383332, 14.999799119642546], [120.88745559383332, 14.99764316296067]]]}, "properties": {"date": "2024-08-03", "event": "carina_2024"}}, {"type": "Feature", "geometry": {"geodesic": false, "type": "Polygon", "coordinates": [[[120.79690541319408, 15.037528361575568], [120.79906136987594, 15.037528361575568], [120.79906136987594, 15.039684318257457], [120.8001393482169, 15.039684318257457], [120.8001393482169, 15.038606339916512], [120.80229530489876, 15.038606339916512], [120.80229530489876, 15.041840274939347], [120.79798339153504, 15.041840274939347], [120.79798339153504, 15.038606339916512], [120.79690541319408, 15.038606339916512], [120.79690541319408, 15.037528361575568]]]}, "properties": {"date": "2024-08-03", "event": "carina_2024"}}, {"type": "Feature", "geometry": {"geodesic": false, "type": "Polygon", "coordinates": [[[120.87344187540108, 15.116220780464445], [120.87559783208295, 15.116220780464445], [120.87451985374199, 15.12053269382821], [120.87020794037821, 15.12053269382821], [120.87020794037821, 15.118376737146335], [120.87236389706013, 15.118376737146335], [120.87344187540108, 15.116220780464445]]]}, "properties": {"date": "2024-08-03", "event": "carina_2024"}}, {"type": "Feature", "geometry": {"geodesic": false, "type": "Polygon", "coordinates": [[[120.8766758104239, 15.197069156035198], [120.87883176710577, 15.197069156035198], [120.87883176710577, 15.199225112717087], [120.88098772378768, 15.199225112717087], [120.88098772378768, 15.204615004421797], [120.87883176710577, 15.203537026080866], [120.87883176710577, 15.199225112717087], [120.8766758104239, 15.199225112717087], [120.8766758104239, 15.197069156035198]]]}, "properties": {"date": "2024-08-03", "event": "carina_2024"}}, {"type": "Feature", "geometry": {"geodesic": false, "type": "Polygon", "coordinates": [[[120.7850476514437, 15.228330527922566], [120.78828158646652, 15.228330527922566], [120.78828158646652, 15.231564462945386], [120.78396967310275, 15.23264244128633], [120.78396967310275, 15.229408506263496], [120.7850476514437, 15.229408506263496], [120.7850476514437, 15.228330527922566]]]}, "properties": {"date": "2024-08-03", "event": "carina_2024"}}, {"type": "Feature", "geometry": {"geodesic": false, "type": "Polygon", "coordinates": [[[120.74085053946501, 14.898469155593872], [120.74408447448783, 14.898469155593872], [120.74408447448783, 14.901703090616707], [120.7451624528288, 14.901703090616707], [120.7451624528288, 14.900625112275762], [120.74731840951065, 14.900625112275762], [120.74731840951065, 14.901703090616707], [120.7451624528288, 14.901703090616707], [120.7451624528288, 14.903859047298582], [120.74300649614688, 14.903859047298582], [120.74408447448783, 14.901703090616707], [120.74300649614688, 14.901703090616707], [120.74300649614688, 14.900625112275762], [120.74085053946501, 14.900625112275762], [120.74085053946501, 14.898469155593872]]]}, "properties": {"date": "2024-08-03", "event": "carina_2024"}}, {"type": "Feature", "geometry": {"geodesic": false, "type": "Polygon", "coordinates": [[[120.85188230858219, 14.931886484163115], [120.85296028692315, 14.931886484163115], [120.85296028692315, 14.93512041918595], [120.85080433024123, 14.93512041918595], [120.85080433024123, 14.93296446250406], [120.84972635190033, 14.93296446250406], [120.84864837355937, 14.93512041918595], [120.84649241687745, 14.93512041918595], [120.84649241687745, 14.93296446250406], [120.84757039521841, 14.93296446250406], [120.84757039521841, 14.931886484163115], [120.84864837355937, 14.931886484163115], [120.84864837355937, 14.93296446250406], [120.85080433024123, 14.931886484163115], [120.85080433024123, 14.93296446250406], [120.85188230858219, 14.93296446250406], [120.85188230858219, 14.931886484163115]]]}, "properties": {"date": "2024-08-03", "event": "carina_2024"}}, {"type": "Feature", "geometry": {"geodesic": false, "type": "Polygon", "coordinates": [[[120.84972635190033, 14.936198397526894], [120.85296028692315, 14.936198397526894], [120.85296028692315, 14.937276375867839], [120.85403826526405, 14.937276375867839], [120.85403826526405, 14.940510310890659], [120.85188230858219, 14.940510310890659], [120.85080433024123, 14.938354354208784], [120.84972635190033, 14.938354354208784], [120.84972635190033, 14.936198397526894]]]}, "properties": {"date": "2024-08-03", "event": "carina_2024"}}, {"type": "Feature", "geometry": {"geodesic": false, "type": "Polygon", "coordinates": [[[120.76779999798859, 14.979317531164625], [120.77103393301141, 14.979317531164625], [120.77103393301141, 14.98039550950557], [120.77318988969333, 14.981473487846515], [120.77318988969333, 14.983629444528404], [120.77103393301141, 14.983629444528404], [120.76995595467051, 14.981473487846515], [120.76779999798859, 14.981473487846515], [120.76779999798859, 14.979317531164625]]]}, "properties": {"date": "2024-08-03", "event": "carina_2024"}}, {"type": "Feature", "geometry": {"geodesic": false, "type": "Polygon", "coordinates": [[[120.88961155051518, 15.149638109033688], [120.8917675071971, 15.149638109033688], [120.8917675071971, 15.153950022397467], [120.88745559383332, 15.153950022397467], [120.88745559383332, 15.151794065715578], [120.88961155051518, 15.151794065715578], [120.88961155051518, 15.149638109033688]]]}, "properties": {"date": "2024-08-03", "event": "carina_2024"}}, {"type": "Feature", "geometry": {"geodesic": false, "type": "Polygon", "coordinates": [[[120.8216989150358, 15.174431610875388], [120.82385487171766, 15.174431610875388], [120.82385487171766, 15.175509589216333], [120.82601082839952, 15.176587567557277], [120.82385487171766, 15.180899480921042], [120.8227768933767, 15.180899480921042], [120.8227768933767, 15.176587567557277], [120.8216989150358, 15.176587567557277], [120.8216989150358, 15.174431610875388]], [[120.82493285005862, 15.176587567557277], [120.82493285005862, 15.177665545898222], [120.82385487171766, 15.177665545898222], [120.82385487171766, 15.176587567557277], [120.82493285005862, 15.176587567557277]]]}, "properties": {"date": "2024-08-03", "event": "carina_2024"}}, {"type": "Feature", "geometry": {"geodesic": false, "type": "Polygon", "coordinates": [[[120.88098772378768, 15.184133415943876], [120.88529963715146, 15.184133415943876], [120.88529963715146, 15.18521139428482], [120.88637761549236, 15.18521139428482], [120.88637761549236, 15.18736735096671], [120.88314368046954, 15.18736735096671], [120.88314368046954, 15.186289372625765], [120.88098772378768, 15.186289372625765], [120.88098772378768, 15.184133415943876]]]}, "properties": {"date": "2024-08-03", "event": "carina_2024"}}, {"type": "Feature", "geometry": {"geodesic": false, "type": "Polygon", "coordinates": [[[120.97153790442692, 15.275761574924076], [120.97477183944974, 15.275761574924076], [120.97477183944974, 15.28007348828784], [120.97369386110879, 15.28007348828784], [120.97369386110879, 15.281151466628785], [120.97261588276783, 15.281151466628785], [120.97261588276783, 15.278995509946895], [120.97153790442692, 15.278995509946895], [120.97153790442692, 15.275761574924076]]]}, "properties": {"date": "2024-08-03", "event": "carina_2024"}}, {"type": "Feature", "geometry": {"geodesic": false, "type": "Polygon", "coordinates": [[[120.9769277961316, 15.281151466628785], [120.97800577447256, 15.281151466628785], [120.97800577447256, 15.285463379992564], [120.97477183944974, 15.285463379992564], [120.97477183944974, 15.284385401651619], [120.97369386110879, 15.284385401651619], [120.97369386110879, 15.28222944496973], [120.9769277961316, 15.28222944496973], [120.9769277961316, 15.281151466628785]]]}, "properties": {"date": "2024-08-03", "event": "carina_2024"}}, {"type": "Feature", "geometry": {"geodesic": false, "type": "Polygon", "coordinates": [[[120.76779999798859, 15.28222944496973], [120.76995595467051, 15.28222944496973], [120.76995595467051, 15.283307423310674], [120.77211191135237, 15.284385401651619], [120.77211191135237, 15.286541358333508], [120.76887797632955, 15.286541358333508], [120.76887797632955, 15.285463379992564], [120.76779999798859, 15.285463379992564], [120.76779999798859, 15.28222944496973]]]}, "properties": {"date": "2024-08-03", "event": "carina_2024"}}]}